== 1. STUB-PREFIX: short ids whose slug prefixes >=2 live in-make siblings ==
  bus   scania             "k"      prefixes 19 siblings: k-chassis, k112, k113, k114, k124, …
  bus   scania             "omni"   prefixes 2 siblings: omniexpress, omnilink
  bus   volvo              "b7"     prefixes 3 siblings: b7l, b7r, b7rle
  car   acura              "tl"     prefixes 2 siblings: tlx, tlx-type-s
  car   alfa-romeo         "gt"     prefixes 11 siblings: gt-1300-junior, gt-1600-junior, gt-junior, gt-junior-1300, gt-junior-1600, …
  car   alfa-romeo         "gtv"    prefixes 4 siblings: gtv-2000, gtv-6-2, gtv-v6-24v, gtv6
  car   alpina             "b3"     prefixes 2 siblings: b3-biturbo, b3-touring
  car   aston-martin       "dbx"    prefixes 2 siblings: dbx-s, dbx707
  car   austin             "12"     prefixes 2 siblings: 12-4-ascot, 12-4-clifton
  car   austin             "mini"   prefixes 7 siblings: mini-1275-gt, mini-clubman, mini-cooper, mini-cooper-s, mini-moke, …
  car   auto-union         "audi"   prefixes 4 siblings: audi-100, audi-100gl, audi-60, audi-80
  car   bentley            "s"      prefixes 6 siblings: s-type, s1, s2, s3, speed-six, …
  car   bentley            "t"      prefixes 5 siblings: t-series, t1, t2, turbo, turbo-r
  car   bmw                "ix"     prefixes 3 siblings: ix1, ix2, ix3
  car   bmw                "mini"   prefixes 2 siblings: mini-cooper, mini-one
  car   byd                "e6"     prefixes 2 siblings: e6h, e6y
  car   byd                "seal"   prefixes 8 siblings: seal-5, seal-6, seal-design-ev, seal-u, sealion, …
  car   byd                "yuan"   prefixes 2 siblings: yuan-plus, yuan-pro
  car   cadillac           "e"      prefixes 5 siblings: el-dorado, eldorado-fleetwood, elr, escalade, escalade-iq
  car   carbodies          "taxi"   prefixes 2 siblings: taxi-hire-car, taxi-hirecar
  car   chevrolet          "bolt"   prefixes 2 siblings: bolt-euv, bolt-ev
  car   chevrolet          "ss"     prefixes 2 siblings: ss-camaro, ssr
  car   chevrolet          "two"    prefixes 2 siblings: two-ten, two-ten-2
  car   chevrolet          "van"    prefixes 2 siblings: van-1500, van-cg21305
  car   chrysler           "ch"     prefixes 2 siblings: charger, cherokee
  car   citroen            "11"     prefixes 6 siblings: 11-bl, 11-bl-sport, 11-legere, 11b, 11bl, …
  car   citroen            "15"     prefixes 2 siblings: 15-six, 15cv
  car   citroen            "ami"    prefixes 4 siblings: ami-6, ami-8, ami-super, ami8
  car   citroen            "bx"     prefixes 2 siblings: bx-14-re, bx-16v
  car   citroen            "c"      prefixes 28 siblings: c-crosser, c-elysee, c-zero, c1, c2, …
  car   citroen            "c3"     prefixes 4 siblings: c3-1, c3-aircross, c3-picasso, c3-pluriel
  car   citroen            "c4"     prefixes 6 siblings: c4-aircross, c4-cactus, c4-grand-picasso, c4-picasso, c4-spacetourer, …
  car   citroen            "c5"     prefixes 2 siblings: c5-aircross, c5-x
  car   citroen            "ds"     prefixes 5 siblings: ds-7-crossback, ds3, ds4, ds5, dsfd
  car   citroen            "h"      prefixes 2 siblings: hy, hymer
  car   daimler            "25"     prefixes 2 siblings: 250, 250-v8
  car   daimler            "xj"     prefixes 2 siblings: xj40, xj6
  car   dodge              "d2"     prefixes 2 siblings: d22, d24
  car   dodge              "dart"   prefixes 2 siblings: dart-270, dart-g-t
  car   dodge              "ram"    prefixes 10 siblings: ram-1500-van, ram-2500, ram-2500-van, ram-3500, ram-3500-van, …
  car   dodge              "wc"     prefixes 4 siblings: wc51, wc52, wc56, wc57
  car   ferrari            "dino"   prefixes 5 siblings: dino-208gt4, dino-246, dino-246-gt, dino-308-gt4, dino-gt
  car   ferrari            "f8"     prefixes 3 siblings: f8-spider, f8-tributo, f80
  car   ford               "a"      prefixes 9 siblings: a-1928, a-ford-roadster, a-ford-tudor, a1931, aa, …
  car   ford               "b"      prefixes 6 siblings: b-max, b-roadster, benimar, bronco, bronco-2, …
  car   ford               "c"      prefixes 28 siblings: c-max, cabriolet, capri, chausson, clenet, …
  car   ford               "exp"    prefixes 3 siblings: expedition, explorer, explorer-sport-trac
  car   great-wall         "ora"    prefixes 3 siblings: ora-03, ora-07, ora-funky-cat
  car   great-wall         "tank"   prefixes 2 siblings: tank-300, tank-500
  car   honda              "cr"     prefixes 9 siblings: cr-v, cr-v-ex, cr-v-exl, cr-v-touring, cr-x, …
  car   honda              "cr-v"   prefixes 3 siblings: cr-v-ex, cr-v-exl, cr-v-touring
  car   honda              "e"      prefixes 7 siblings: e-advance, e-n1, e-np1, e-ny1, edix, …
  car   infiniti           "ex"     prefixes 5 siblings: ex25, ex30, ex30d, ex35, ex37
  car   infiniti           "m"      prefixes 11 siblings: m25, m30, m35, m35h, m35x, …
  car   jaguar             "mark"   prefixes 9 siblings: mark-1, mark-10, mark-11, mark-2, mark-7, …
  car   jaguar             "mk"     prefixes 14 siblings: mk-7-m, mk-i, mk-ix, mk-x, mk1, …
  car   jaguar             "s"      prefixes 7 siblings: s-type, s-type-v6, s-type-v8, sovereign, ss, …
  car   jaguar             "xj"     prefixes 11 siblings: xj-s, xj12, xj220, xj40, xj42, …
  car   jaguar             "xk"     prefixes 7 siblings: xk-140-se, xk120, xk140, xk150, xk8, …
  car   jeep               "cj"     prefixes 4 siblings: cj-15, cj-5, cj-7, cj8
  car   lada               "niva"   prefixes 2 siblings: niva-1600, niva-2121
  car   lamborghini        "urus"   prefixes 3 siblings: urus-performante, urus-s, urus-se
  car   lancia             "beta"   prefixes 4 siblings: beta-2000, beta-2000-spider, beta-monte-carlo, beta-zagato
  car   lancia             "y"      prefixes 2 siblings: y10, ypsilon
  car   leyland            "mini"   prefixes 5 siblings: mini-1000, mini-850, mini-clubman, mini-mk, mini-moke
  car   lincoln            "town"   prefixes 6 siblings: town-car, town-car-auto, town-car-cartier, town-car-ffv, town-car-signature, …
  car   lotus              "elan"   prefixes 7 siblings: elan-2, elan-2-s130, elan-s2, elan-s4, elan-se, …
  car   lucid              "air"    prefixes 4 siblings: air-dream-p, air-pure, air-sapphire, air-touring
  car   maybach            "57"     prefixes 2 siblings: 57-s, 57-zeppelin
  car   mercedes-benz      "cl"     prefixes 7 siblings: cla, clase, classe, clc, cle, …
  car   mercedes-benz      "cla"    prefixes 2 siblings: clase, classe
  car   mercedes-benz      "d"      prefixes 3 siblings: daimler, daimlerchrysler, diesel
  car   mercedes-benz      "gl"     prefixes 6 siblings: gla, glb, glc, gle, glk, …
  car   mercedes-benz      "l"      prefixes 5 siblings: la, levoyageur, liberty, lmc, lp
  car   mercedes-benz      "sl"     prefixes 4 siblings: slc, slk, slr, sls
  car   mg                 "m"      prefixes 19 siblings: maestro, magna, magnette, marvel-r, metro, …
  car   mg                 "t"      prefixes 12 siblings: t-f, ta, tb, tc, tc-special, …
  car   mg                 "td"     prefixes 2 siblings: td-tf, td2
  car   morris             "10"     prefixes 2 siblings: 1000, 1000-traveller
  car   morris             "mini"   prefixes 14 siblings: mini-1000, mini-1000-mk, mini-1275gt, mini-850, mini-850-l, …
  car   opel               "s"      prefixes 5 siblings: senator, signum, sintra, speedster, super-six
  car   plymouth           "fury"   prefixes 5 siblings: fury-2, fury-3, fury-gran, fury-sport, fury-vip
  car   renault            "4"      prefixes 2 siblings: 4-tl, 4cv
  car   renault            "5"      prefixes 2 siblings: 5-alpine-turbo, 5-turbo
  car   renault            "f"      prefixes 3 siblings: floride, fluence, fuego
  car   riley              "elf"    prefixes 2 siblings: elf-mk, elf-mkii
  car   rolls-royce        "20"     prefixes 2 siblings: 20-hp, 2025
  car   rover              "10"     prefixes 2 siblings: 100, 109
  car   rover              "mini"   prefixes 3 siblings: mini-cooper, mini-mk, mini-mkii
  car   saab               "90"     prefixes 6 siblings: 900, 900-aero, 900-ii, 900-t, 900-turbo-16, …
  car   smart              "3"      prefixes 2 siblings: 3-brabus, 3-pro
  car   spyker             "c8"     prefixes 4 siblings: c8-aileron, c8-double-12-s, c8-laviolette, c8-spyder
  car   studebaker         "lark"   prefixes 2 siblings: lark-8, lark-daytona
  car   suzuki             "sj"     prefixes 6 siblings: sj-40, sj-410v, sj40, sj410, sj410q, …
  car   suzuki             "sx"     prefixes 2 siblings: sx4, sx4-s-cross
  car   toyota             "bz"     prefixes 4 siblings: bz-limited, bz-woodland, bz4x, bz4x-touring
  car   toyota             "will"   prefixes 2 siblings: will-cypha, will-vs
  car   triumph            "tr"     prefixes 15 siblings: tr2, tr250, tr3, tr3a, tr4, …
  car   vauxhall           "vx"     prefixes 3 siblings: vx220, vx4-90, vxr8
  car   westfield          "se"     prefixes 4 siblings: sei, seight, seiw, seven
  car   westfield          "sei"    prefixes 2 siblings: seight, seiw
  car   willys             "jeep"   prefixes 8 siblings: jeep-cj-3b, jeep-cj-5, jeep-cj5, jeep-cj6, jeep-m-38, …
  car   xpeng              "g6"     prefixes 2 siblings: g6-long-range, g6-standard-range
  moped aprilia            "sr"     prefixes 9 siblings: sr-ac, sr-lc, sr-motard, sr-motard-50, sr-racing, …
  moped benelli            "pepe"   prefixes 2 siblings: pepe-50, pepe-lx
  moped btc                "riva"   prefixes 2 siblings: riva-2, riva-sport
  moped honda              "c"      prefixes 28 siblings: c100, c102, c110, c50, c50-deluxe, …
  moped honda              "cl"     prefixes 3 siblings: cl50, cl50-benley, cl50-benly
  moped honda              "dax"    prefixes 2 siblings: dax-st50, dax50
  moped honda              "dio"    prefixes 5 siblings: dio-af27, dio-af34, dio-sr, dio-z4, dio50
  moped honda              "gyro"   prefixes 3 siblings: gyro-canopy, gyro-up, gyro-x
  moped honda              "mb"     prefixes 3 siblings: mb5, mb50, mbx50
  moped honda              "mt"     prefixes 4 siblings: mt5, mt50, mtx, mtx50
  moped kymco              "mxu"    prefixes 2 siblings: mxu500i-irs, mxu500irs
  moped ligier             "xtoo"   prefixes 4 siblings: xtoo-max, xtoo-r, xtoo-rs, xtoo-s
  moped piaggio            "ape"    prefixes 6 siblings: ape-p50, ape50, ape50-cross, ape50-pick-up, ape50-pickup, …
  moped piaggio            "ciao"   prefixes 2 siblings: ciao-mix25km-h, ciao-mix45km
  moped piaggio            "zip"    prefixes 6 siblings: zip-rst45km, zip2t, zip4t, zip50, zip50-2t, …
  moped puch               "maxi"   prefixes 4 siblings: maxi-25, maxi-n, maxi-s, maxi-super
  moped puch               "ms"     prefixes 4 siblings: ms50, ms50d, ms50l, ms50v
  moped puch               "zip"    prefixes 2 siblings: zip25, zip25km-h
  moped suzuki             "lets"   prefixes 2 siblings: lets-2, lets-4
  moped suzuki             "ts"     prefixes 5 siblings: ts50, ts50er, ts50x, ts50xk, ts50xkr
  moped tomos              "a3"     prefixes 4 siblings: a3-s25, a35, a35-hba, a35-hda
  moped vespa              "50"     prefixes 6 siblings: 50-special, 50et2, 50n, 50r, 50s, …
  moped yamaha             "dt"     prefixes 4 siblings: dt50, dt50m, dt50mx, dt50x
  moped yamaha             "jog"    prefixes 3 siblings: jog-aprio, jog-rr, jog50
  motorcycle ajs                "18"     prefixes 2 siblings: 18cs, 18s
  motorcycle aprilia            "rs"     prefixes 22 siblings: rs125, rs250, rs250r, rs4, rs457, …
  motorcycle aprilia            "rsv"    prefixes 11 siblings: rsv-mille, rsv-tuono, rsv07, rsv1000, rsv1000-tuono, …
  motorcycle aprilia            "sr"     prefixes 9 siblings: sr-gt, sr-gt125, sr-gt200, sr-gt400, sr-max, …
  motorcycle ariel              "nh"     prefixes 2 siblings: nh-red-hunter, nh350
  motorcycle benelli            "tnt"    prefixes 4 siblings: tnt1130, tnt125, tnt25, tnt899
  motorcycle benelli            "trk"    prefixes 6 siblings: trk251, trk502, trk502x, trk702, trk702x, …
  motorcycle bmw                "ce"     prefixes 2 siblings: ce02, ce04
  motorcycle bmw                "k"      prefixes 28 siblings: k1, k100, k100lt, k100rs, k100rt, …
  motorcycle bmw                "k1"     prefixes 23 siblings: k100, k100lt, k100rs, k100rt, k1100, …
  motorcycle bmw                "r5"     prefixes 4 siblings: r50, r50-5, r51-2, r51-3
  motorcycle bsa                "a7"     prefixes 2 siblings: a7-star-twin, a7ss
  motorcycle bsa                "b"      prefixes 18 siblings: b25, b26, b31, b32, b33, …
  motorcycle bsa                "star"   prefixes 3 siblings: star-twin, starfire, starfire-250
  motorcycle buell              "s1"     prefixes 2 siblings: s1-lightning, s1w
  motorcycle derbi              "gpr"    prefixes 2 siblings: gpr-125, gpr-50
  motorcycle ducati             "m"      prefixes 83 siblings: m1000, m1100, m1200, m1200s, m4, …
  motorcycle ducati             "s4"     prefixes 2 siblings: s4r, s4rs
  motorcycle ducati             "st"     prefixes 14 siblings: st2, st3, st4, st4s, streetfighter, …
  motorcycle gas-gas            "ec"     prefixes 9 siblings: ec-250, ec-250f, ec-300, ec-350f, ec-450f, …
  motorcycle gas-gas            "tx"     prefixes 4 siblings: txt, txt125, txt250, txt300
  motorcycle gas-gas            "txt"    prefixes 3 siblings: txt125, txt250, txt300
  motorcycle harley-davidson    "b"      prefixes 4 siblings: bad-boy, breakout, breakout-114, breakout-1923
  motorcycle harley-davidson    "c"      prefixes 18 siblings: cross-bones, custom, cvo, cvo-breakout, cvo-deluxe, …
  motorcycle harley-davidson    "cvo"    prefixes 15 siblings: cvo-breakout, cvo-deluxe, cvo-pan-america, cvo-road-glide, cvo-road-glide-limited, …
  motorcycle harley-davidson    "d"      prefixes 14 siblings: davidson, davidson-fat-boy, deluxe, deuce, dl, …
  motorcycle harley-davidson    "dyna"   prefixes 7 siblings: dyna-fat-bob, dyna-glide, dyna-low-rider, dyna-street-bob, dyna-super-glide, …
  motorcycle harley-davidson    "e"      prefixes 9 siblings: eglide, el, electra, electra-glide, electra-glide-classic, …
  motorcycle harley-davidson    "el"     prefixes 7 siblings: electra, electra-glide, electra-glide-classic, electra-glide-standard, electra-glide-ultra-classic, …
  motorcycle harley-davidson    "f"      prefixes 328 siblings: fat-bob, fat-bob114, fat-boy, fat-boy-gray-ghost, fat-boy-lo-special, …
  motorcycle harley-davidson    "fl"     prefixes 176 siblings: fl1, fl1200, flathead, fld, fld-dyna-switchback, …
  motorcycle harley-davidson    "fld"    prefixes 4 siblings: fld-dyna-switchback, fld-switchback, fld103, flde
  motorcycle harley-davidson    "flfb"   prefixes 3 siblings: flfbs, flfbs-fat-boy, flfbsanv
  motorcycle harley-davidson    "flh"    prefixes 95 siblings: flh-duo-glide, flh-electra-glide, flh-electra-glide-1200, flh1200, flh1200-electra-glide, …
  motorcycle harley-davidson    "flhc"   prefixes 2 siblings: flhcs, flhcui
  motorcycle harley-davidson    "flhp"   prefixes 3 siblings: flhp-police, flhpi, flhpi-road-king-police
  motorcycle harley-davidson    "flhr"   prefixes 23 siblings: flhr-1, flhr-road-king, flhr-road-king-fdl, flhrc, flhrc-1, …
  motorcycle harley-davidson    "flhx"   prefixes 14 siblings: flhx-sreet-glide, flhx-street-glide, flhxi, flhxi-street-glide, flhxs, …
  motorcycle harley-davidson    "fls"    prefixes 43 siblings: fls-softail-slim, fls103, fls103-softail-slim, flsb, flsl, …
  motorcycle harley-davidson    "flst"   prefixes 35 siblings: flst-heritage, flst-softail, flstc-heritage-softail-classic, flstc-softail, flstci-heritage-softail-classic, …
  motorcycle harley-davidson    "flt"    prefixes 21 siblings: fltc, fltr, fltr-road-glide, fltri, fltri-road-glide, …
  motorcycle harley-davidson    "fltr"   prefixes 19 siblings: fltr-road-glide, fltri, fltri-road-glide, fltrk, fltrk-road-glide-limited, …
  motorcycle harley-davidson    "fx"     prefixes 133 siblings: fx-super-glide, fx1200, fxb, fxb-sturgis, fxbb, …
  motorcycle harley-davidson    "fxb"    prefixes 8 siblings: fxb-sturgis, fxbb, fxbb-street-bob, fxbbs, fxbr, …
  motorcycle harley-davidson    "fxbb"   prefixes 2 siblings: fxbb-street-bob, fxbbs
  motorcycle harley-davidson    "fxbr"   prefixes 3 siblings: fxbr-breakout, fxbrs, fxbrs-breakout-114
  motorcycle harley-davidson    "fxcw"   prefixes 5 siblings: fxcw-rocker, fxcwc, fxcwc-rocker, fxcwc-rocker-c, fxcwc-softail-rocker-c
  motorcycle harley-davidson    "fxd"    prefixes 45 siblings: fxd-dyna, fxd-dyna-super-glide, fxd-super-glide, fxd35, fxdb, …
  motorcycle harley-davidson    "fxdb"   prefixes 8 siblings: fxdb-103, fxdb-dyna-street-bob, fxdb-street-bob, fxdb-sturgis, fxdbi, …
  motorcycle harley-davidson    "fxdf"   prefixes 5 siblings: fxdf-103fat-bob, fxdf-dyna-fat-bob, fxdf-fat-bob, fxdfse, fxdfse-cvo-fat-bob
  motorcycle harley-davidson    "fxdl"   prefixes 5 siblings: fxdl-103, fxdl-dyna-low-rider, fxdli, fxdli-dyna-low-rider, fxdls
  motorcycle harley-davidson    "fxds"   prefixes 2 siblings: fxdse, fxdse-2-screamin-eagle-dyna
  motorcycle harley-davidson    "fxdx"   prefixes 2 siblings: fxdxi, fxdxt
  motorcycle harley-davidson    "fxe"    prefixes 3 siblings: fxe-f1340, fxe1200, fxef
  motorcycle harley-davidson    "fxfb"   prefixes 2 siblings: fxfbs, fxfbs-fat-bob114
  motorcycle harley-davidson    "fxlr"   prefixes 3 siblings: fxlrs, fxlrs-low-rider-s, fxlrst
  motorcycle harley-davidson    "fxr"    prefixes 15 siblings: fxr-super-glide, fxr1340, fxr2, fxr3, fxr5, …
  motorcycle harley-davidson    "fxrs"   prefixes 5 siblings: fxrs-low-rider, fxrs-sp, fxrs-sport, fxrs-super-glide-ii, fxrst
  motorcycle harley-davidson    "fxs"    prefixes 39 siblings: fxs-blackline, fxs-low-rider, fxs1200, fxs80, fxsb, …
  motorcycle harley-davidson    "fxsb"   prefixes 5 siblings: fxsb-103, fxsb-breakout, fxsb-low-rider, fxsb-softail-breakout, fxsbse
  motorcycle harley-davidson    "fxst"   prefixes 27 siblings: fxst-custom, fxst-softail, fxst-softail-standard, fxstb, fxstb-night-train, …
  motorcycle harley-davidson    "fxwg"   prefixes 2 siblings: fxwg-1340, fxwg-wide-glide
  motorcycle harley-davidson    "j"      prefixes 2 siblings: jd, je
  motorcycle harley-davidson    "u"      prefixes 8 siblings: ul, ultra-classic, ultra-classic-glide, ultra-classic-low, ultra-glide, …
  motorcycle harley-davidson    "ul"     prefixes 7 siblings: ultra-classic, ultra-classic-glide, ultra-classic-low, ultra-glide, ultra-limited, …
  motorcycle harley-davidson    "v"      prefixes 26 siblings: v-rod, v-rod-muscle, vl, vlh, vr1, …
  motorcycle harley-davidson    "vrs"    prefixes 20 siblings: vrsc, vrsca, vrsca-v-rod, vrscaw, vrscaw-v-rod, …
  motorcycle harley-davidson    "vrsc"   prefixes 19 siblings: vrsca, vrsca-v-rod, vrscaw, vrscaw-v-rod, vrscawa-v-rod, …
  motorcycle harley-davidson    "w"      prefixes 7 siblings: wf, wide-glide, wl, wla, wla750, …
  motorcycle harley-davidson    "wl"     prefixes 4 siblings: wla, wla750, wlc, wld
  motorcycle harley-davidson    "xl"     prefixes 68 siblings: xl-2, xl-sportster-883, xl-sportster-883l, xl-sportster-883l-super-low, xl-sportster-883r, …
  motorcycle harley-davidson    "xlh"    prefixes 13 siblings: xlh-sportster, xlh-sportster-883, xlh1000, xlh1100, xlh1200, …
  motorcycle harley-davidson    "xls"    prefixes 2 siblings: xls-roadster, xls1000
  motorcycle harley-davidson    "xlx"    prefixes 3 siblings: xlx1000, xlx61, xlx883
  motorcycle honda              "50"     prefixes 4 siblings: 50-sport-c110, 500, 500-four, 500r
  motorcycle honda              "cb"     prefixes 190 siblings: cb-seven-fifty, cb1, cb100, cb1000, cb1000f, …
  motorcycle honda              "cbf"    prefixes 17 siblings: cbf1000, cbf1000a, cbf1000f, cbf1000fa, cbf125, …
  motorcycle honda              "cbr"    prefixes 57 siblings: cbr1000, cbr1000f, cbr1000ra, cbr1000rr, cbr1000rr-5, …
  motorcycle honda              "cbx"    prefixes 12 siblings: cbx1000, cbx250, cbx250rs, cbx400f, cbx550, …
  motorcycle honda              "cd"     prefixes 4 siblings: cd175, cd185t, cd200t, cd250u
  motorcycle honda              "cf"     prefixes 2 siblings: cf70, cf70c
  motorcycle honda              "cm"     prefixes 18 siblings: cm125c, cm200t, cm400, cm400t, cmx, …
  motorcycle honda              "cmx"    prefixes 13 siblings: cmx1100, cmx1100a, cmx1100a2, cmx1100d, cmx1100d2, …
  motorcycle honda              "cr"     prefixes 43 siblings: cr125r, cr125re, cr250-enduro, cr250r, cr250re, …
  motorcycle honda              "crf"    prefixes 34 siblings: crf1000, crf1000a, crf1000a2, crf1000d, crf1000d2, …
  motorcycle honda              "ct"     prefixes 9 siblings: ct110, ct125, ct200, ct90, ct90e, …
  motorcycle honda              "gl"     prefixes 50 siblings: gl1, gl1000, gl1000-gold-wing, gl1000k3, gl1100, …
  motorcycle honda              "lead"   prefixes 2 siblings: lead-125, lead-80
  motorcycle honda              "mtx"    prefixes 4 siblings: mtx125, mtx125rw, mtx200rw, mtx75r
  motorcycle honda              "nc"     prefixes 20 siblings: nc01, nc27, nc30, nc700, nc700d, …
  motorcycle honda              "nrx"    prefixes 2 siblings: nrx-rune, nrx1800
  motorcycle honda              "nsc"    prefixes 2 siblings: nsc110, nsc110mpd
  motorcycle honda              "nsr"    prefixes 6 siblings: nsr125, nsr125f, nsr125r, nsr150sp, nsr250, …
  motorcycle honda              "pc"     prefixes 14 siblings: pc25, pc26, pc31, pc32, pc34, …
  motorcycle honda              "st"     prefixes 14 siblings: st1100, st1100a, st1100p-european, st1100pan-european, st125, …
  motorcycle honda              "vf"     prefixes 46 siblings: vf1000f, vf1000f2, vf1000ff, vf1000r, vf1100-custom, …
  motorcycle honda              "vfr"    prefixes 21 siblings: vfr1200, vfr1200f, vfr1200fd, vfr1200x, vfr1200xd, …
  motorcycle honda              "vt"     prefixes 58 siblings: vt110, vt1100, vt1100-shadow, vt1100c, vt1100c-shadow, …
  motorcycle honda              "vtr"    prefixes 8 siblings: vtr1000, vtr1000-firestorm, vtr1000f, vtr1000s, vtr1000sp, …
  motorcycle honda              "vtx"    prefixes 7 siblings: vtx1300, vtx1300c, vtx1300s, vtx1800, vtx1800c, …
  motorcycle honda              "ww"     prefixes 5 siblings: ww125, ww125a, ww125ex2, ww125s, ww150ex2
  motorcycle honda              "xl"     prefixes 36 siblings: xl1000, xl1000-varadero, xl1000v, xl1000v-varadero, xl1000va, …
  motorcycle honda              "xr"     prefixes 21 siblings: xr125, xr125l, xr200r, xr250, xr250r, …
  motorcycle honda              "xrv"    prefixes 5 siblings: xrv650, xrv650-africa-twin, xrv750, xrv750-africa-twin, xrv750y
  motorcycle husaberg           "fe"     prefixes 8 siblings: fe250, fe350, fe390, fe450, fe501, …
  motorcycle husqvarna          "fe"     prefixes 4 siblings: fe250, fe350, fe450, fe501
  motorcycle husqvarna          "nuda"   prefixes 2 siblings: nuda-900, nuda-900r
  motorcycle husqvarna          "te"     prefixes 17 siblings: te-e610, te125, te150, te150i, te250, …
  motorcycle hyosung            "gt"     prefixes 3 siblings: gt125, gt250, gt650
  motorcycle indian             "ftr"    prefixes 10 siblings: ftr-r-carbon, ftr-r-carbon-le, ftr-rally, ftr-s, ftr-sport, …
  motorcycle kawasaki           "en"     prefixes 4 siblings: en450, en450ltd, en500, en500a
  motorcycle kawasaki           "er"     prefixes 6 siblings: er-5, er-6f, er-6n, er400, er500, …
  motorcycle kawasaki           "ex"     prefixes 8 siblings: ex250, ex300, ex305, ex500, ex500a, …
  motorcycle kawasaki           "gpx"    prefixes 4 siblings: gpx250, gpx600, gpx600r, gpx750r
  motorcycle kawasaki           "gpz"    prefixes 17 siblings: gpz1000, gpz1000r, gpz1000rx, gpz1100, gpz250r, …
  motorcycle kawasaki           "gtr"    prefixes 2 siblings: gtr1000, gtr1400
  motorcycle kawasaki           "h2"     prefixes 2 siblings: h2-750, h2f
  motorcycle kawasaki           "kl"     prefixes 18 siblings: kl250, kl600, kl650, kl650c, kle, …
  motorcycle kawasaki           "klr"    prefixes 3 siblings: klr250, klr600, klr650
  motorcycle kawasaki           "klx"    prefixes 6 siblings: klx125, klx230, klx250, klx300, klx450r, …
  motorcycle kawasaki           "vn"     prefixes 39 siblings: vn-15, vn1500, vn1500-classic, vn1500-classic-tourer, vn1500-drifter, …
  motorcycle kawasaki           "z"      prefixes 117 siblings: z-e-1, z-h2, z1, z1-900, z1000, …
  motorcycle kawasaki           "z1"     prefixes 14 siblings: z1-900, z1000, z1000j, z1000k, z1000ltd, …
  motorcycle kawasaki           "zr"     prefixes 20 siblings: zr-7, zr1000, zr1000a2h, zr1000c9f, zr1100, …
  motorcycle kawasaki           "zrx"    prefixes 4 siblings: zrx1100, zrx1200, zrx1200r, zrx1200s
  motorcycle kawasaki           "zx"     prefixes 34 siblings: zx10, zx1000, zx1002, zx1100, zx1200, …
  motorcycle kawasaki           "zxr"    prefixes 3 siblings: zxr250, zxr400, zxr750
  motorcycle kawasaki           "zzr"    prefixes 3 siblings: zzr1200, zzr1400, zzr250
  motorcycle ktm                "exc"    prefixes 2 siblings: exc-f, exc125
  motorcycle ktm                "rc"     prefixes 2 siblings: rc125, rc390
  motorcycle lambretta          "gp"     prefixes 2 siblings: gp150, gp200
  motorcycle lml                "star"   prefixes 3 siblings: star-125, star-deluxe, star-deluxe-125
  motorcycle matchless          "g"      prefixes 12 siblings: g11, g12, g12csr, g15cs, g15csr, …
  motorcycle montesa            "cota"   prefixes 4 siblings: cota-315r, cota-4rt, cota-4rt-260, cota-4rt-301rr
  motorcycle moto-guzzi         "v7"     prefixes 20 siblings: v7-750-special, v7-850gt, v7-ambassador, v7-cafe, v7-classic, …
  motorcycle moto-guzzi         "v9"     prefixes 3 siblings: v9-bobber, v9-bobber-sport, v9-roamer
  motorcycle mv-agusta          "f3"     prefixes 4 siblings: f3-675, f3-800, f3-competizione, f3rr
  motorcycle mv-agusta          "f4"     prefixes 13 siblings: f4-1000, f4-1000r, f4-1000rr, f4-1078rr312, f4-750s, …
  motorcycle niu                "nqi"    prefixes 2 siblings: nqi-gts-pro, nqix-500
  motorcycle norton             "50"     prefixes 2 siblings: 500, 500cc
  motorcycle piaggio            "ape"    prefixes 2 siblings: ape-calessino-200, ape-classic
  motorcycle piaggio            "fly"    prefixes 2 siblings: fly100, fly125
  motorcycle piaggio            "zip"    prefixes 2 siblings: zip100, zip125
  motorcycle rieju              "mr"     prefixes 2 siblings: mr300, mrt
  motorcycle royal-enfield      "c"      prefixes 11 siblings: classic, classic-350, classic-650, classic-650-twin, classic-efi, …
  motorcycle royal-enfield      "g"      prefixes 2 siblings: goan-classic-350, guerrilla-450
  motorcycle suzuki             "an"     prefixes 10 siblings: an125, an250, an400, an400-burgman, an400a, …
  motorcycle suzuki             "dl"     prefixes 11 siblings: dl100, dl1000, dl1000a, dl1050, dl250, …
  motorcycle suzuki             "dr"     prefixes 31 siblings: dr-z400, dr-z400s, dr-z400sm, dr-z400smu, dr125, …
  motorcycle suzuki             "gs"     prefixes 124 siblings: gs1000, gs1000g, gs1100, gs250, gs450l, …
  motorcycle suzuki             "gsx"    prefixes 69 siblings: gsx-8s, gsx-r, gsx-r1000, gsx-r1000k2, gsx-r1000k7, …
  motorcycle suzuki             "gt"     prefixes 13 siblings: gt125, gt185, gt185l, gt200, gt200x5, …
  motorcycle suzuki             "rgv"    prefixes 3 siblings: rgv250, rgv250k, rgv250r
  motorcycle suzuki             "sv"     prefixes 12 siblings: sv1000, sv1000s, sv1000su2, sv400, sv650, …
  motorcycle suzuki             "vs"     prefixes 12 siblings: vs1400, vs1400gl, vs1400glp, vs51b, vs600, …
  motorcycle suzuki             "vz"     prefixes 8 siblings: vz1500, vz1600, vz800, vzr, vzr1800, …
  motorcycle suzuki             "vzr"    prefixes 4 siblings: vzr1800, vzr1800k6-yay, vzr1800n, vzr1800uf
  motorcycle sym                "gts"    prefixes 4 siblings: gts125, gts125i, gts250, gts300i
  motorcycle sym                "jet"    prefixes 7 siblings: jet-x, jet-x125abs-tcs-e5, jet14, jet14-125lc-e5, jet14evo, …
  motorcycle triumph            "c"      prefixes 2 siblings: chopper, cn
  motorcycle triumph            "st"     prefixes 9 siblings: street-cup, street-scrambler, street-triple, street-triple-765rx, street-triple-r, …
  motorcycle vespa              "cosa"   prefixes 2 siblings: cosa-125, cosa-200
  motorcycle vespa              "gt"     prefixes 12 siblings: gt125, gt60, gts, gts-super-300, gts-supertech, …
  motorcycle vespa              "gts"    prefixes 7 siblings: gts-super-300, gts-supertech, gts125, gts150-iget, gts250, …
  motorcycle yamaha             "bw"     prefixes 3 siblings: bw-s, bw-s100, bws125
  motorcycle yamaha             "dt"     prefixes 13 siblings: dt1, dt125, dt125e, dt125f, dt125lc, …
  motorcycle yamaha             "fj"     prefixes 11 siblings: fj09, fj1100, fj1200, fj1200a, fjr, …
  motorcycle yamaha             "fjr"    prefixes 6 siblings: fjr1300, fjr1300a, fjr1300a-rp115-1298, fjr1300abs, fjr1300ae, …
  motorcycle yamaha             "fz"     prefixes 37 siblings: fz-07, fz09, fz1, fz1-fazer, fz1-n, …
  motorcycle yamaha             "fzr"    prefixes 10 siblings: fzr1000, fzr1000w, fzr250, fzr400, fzr400-exup, …
  motorcycle yamaha             "fzs"    prefixes 3 siblings: fzs1000, fzs600, fzs600n
  motorcycle yamaha             "fzx"    prefixes 2 siblings: fzx700-fazer, fzx750
  motorcycle yamaha             "nmax"   prefixes 4 siblings: nmax-125, nmax-150, nmax-155, nmax-tech-max
  motorcycle yamaha             "r"      prefixes 44 siblings: r1-z, r125, r3, r5, r5f, …
  motorcycle yamaha             "rd"     prefixes 10 siblings: rd-lc, rd125, rd125dx, rd250, rd250lc, …
  motorcycle yamaha             "rz"     prefixes 5 siblings: rz250r, rz350, rz500, rzv500, rzv500r
  motorcycle yamaha             "sr"     prefixes 11 siblings: sr125, sr250, sr250se, sr400, sr500, …
  motorcycle yamaha             "srx"    prefixes 5 siblings: srx-6, srx250, srx400, srx600, srx600s
  motorcycle yamaha             "tdm"    prefixes 3 siblings: tdm850, tdm900, tdm900a
  motorcycle yamaha             "tdr"    prefixes 2 siblings: tdr125, tdr250
  motorcycle yamaha             "tmax"   prefixes 3 siblings: tmax-500, tmax-530, tmax-560
  motorcycle yamaha             "tt"     prefixes 10 siblings: tt250, tt250r, tt350, tt500, tt600, …
  motorcycle yamaha             "tzr"    prefixes 3 siblings: tzr125, tzr250, tzr250r
  motorcycle yamaha             "vmax"   prefixes 2 siblings: vmax-1200, vmax-1700
  motorcycle yamaha             "vmx"    prefixes 5 siblings: vmx12, vmx1200, vmx1200k, vmx17, vmx1700
  motorcycle yamaha             "wr"     prefixes 14 siblings: wr125, wr125-a, wr125r, wr125x, wr155r, …
  motorcycle yamaha             "x"      prefixes 174 siblings: x-city, x-city-125, xc115, xc115s, xc125, …
  motorcycle yamaha             "xj"     prefixes 32 siblings: xj400, xj550, xj550-maxim, xj6, xj6-diversion, …
  motorcycle yamaha             "xjr"    prefixes 3 siblings: xjr1200, xjr1300, xjr1300sp
  motorcycle yamaha             "xmax"   prefixes 4 siblings: xmax-125, xmax-250, xmax-300, xmax-400
  motorcycle yamaha             "xs"     prefixes 22 siblings: xs1-650, xs1100, xs2, xs250, xs360, …
  motorcycle yamaha             "xt"     prefixes 30 siblings: xt1200, xt1200z, xt1200ze, xt125, xt125r, …
  motorcycle yamaha             "xtz"    prefixes 3 siblings: xtz1200e, xtz660, xtz750
  motorcycle yamaha             "xv"     prefixes 71 siblings: xv-s650h, xv1000, xv1000-virago, xv1100, xv1100-virago, …
  motorcycle yamaha             "xvs"    prefixes 22 siblings: xvs1100, xvs1100-drag-star-classic, xvs1100-dragstar, xvs1100a, xvs1100a-dragstar, …
  motorcycle yamaha             "yp"     prefixes 8 siblings: yp125, yp125e, yp125r, yp250, yp250-majesty, …
  motorcycle yamaha             "yz"     prefixes 27 siblings: yz125, yz250, yz400, yzf, yzf-r1, …
  motorcycle yamaha             "yzf"    prefixes 23 siblings: yzf-r1, yzf-r125, yzf-r15, yzf-r1c, yzf-r1m, …
  motorcycle zero-motorcycles   "ds"     prefixes 11 siblings: ds-zf14-4-11kw, ds11kw-zf14-4, ds14-4-11kw, ds15-6, dsr, …
  motorcycle zero-motorcycles   "dsr"    prefixes 6 siblings: dsr-x, dsr-x-zf17-3, dsr-x17-3, dsr-zf13-0, dsr-zf14-4, …
  motorcycle zero-motorcycles   "fx"     prefixes 4 siblings: fx-zf6-5, fx-zf7-2, fxe, fxe-zf7-2
  motorcycle zero-motorcycles   "s"      prefixes 18 siblings: s-zf11-4, s-zf13-0, s-zf14-4, s-zf14-4-11kw, s11kw-zf14-4, …
  motorcycle zero-motorcycles   "sr"     prefixes 10 siblings: sr-f, sr-f-zf14-4, sr-f-zf14-4-premium, sr-f17-3, sr-s, …
  motorcycle zero-motorcycles   "sr-f"   prefixes 3 siblings: sr-f-zf14-4, sr-f-zf14-4-premium, sr-f17-3
  motorcycle zero-motorcycles   "sr-s"   prefixes 3 siblings: sr-s-zf14-4, sr-s-zf14-4-premium, sr-s17-3
  truck daf                "cf"     prefixes 4 siblings: cf310, cf65, cf75, cf85
  truck daf                "fa"     prefixes 9 siblings: fad, fag, fak, fam, fan, …
  truck daf                "ft"     prefixes 6 siblings: ftg, ftm, ftp, ftr, fts, …
  truck daf                "lf"     prefixes 2 siblings: lf45, lf55
  truck daf                "xd"     prefixes 3 siblings: xd-ft, xd230, xdc
  truck daf                "xf"     prefixes 2 siblings: xf105, xfc
  truck daf                "xg"     prefixes 2 siblings: xg-530, xg480f
  truck demag              "ac"     prefixes 6 siblings: ac100, ac120, ac160, ac40, ac50, …
  truck dodge              "wc"     prefixes 2 siblings: wc51, wc62
  truck iveco              "euro"   prefixes 2 siblings: eurocargo, eurotrakker
  truck man                "le"     prefixes 4 siblings: le12, le14, le220, le8
  truck man                "tg"     prefixes 7 siblings: tg460a, tga, tge, tgl, tgm, …
  truck mercedes-benz      "la"     prefixes 3 siblings: la1113, laf, lak
  truck mercedes-benz      "lp"     prefixes 8 siblings: lp1013, lp1113, lp1313, lp608, lp709, …
  truck renault            "d"      prefixes 3 siblings: d-wide, d210, d280
  truck renault            "t"      prefixes 3 siblings: t-high, t520, theault
  truck scania             "lb"     prefixes 4 siblings: lb111, lb141s, lbfs, lbs
  truck scania             "ls"     prefixes 4 siblings: ls110s, ls111s, ls140s, ls141s
  truck scania             "p"      prefixes 32 siblings: p112, p113, p113m, p114, p124, …
  truck scania             "p9"     prefixes 3 siblings: p92, p93, p94
  truck scania             "r"      prefixes 43 siblings: r-series, r113, r114, r114l, r124, …
  truck volvo              "fh"     prefixes 2 siblings: fh12, fh16
  truck volvo              "fl"     prefixes 9 siblings: fl10, fl408, fl6, fl608, fl611, …
  truck volvo              "fm"     prefixes 8 siblings: fm104, fm11, fm12, fm13, fm64r, …
  van   dodge              "ram"    prefixes 9 siblings: ram-150, ram-1500, ram-2500, ram-b2500, ram-charger, …
  van   ford               "a"      prefixes 2 siblings: aa, auto-trail
  van   ford               "f1"     prefixes 5 siblings: f1-pick-up, f10, f100-pickup, f150-raptor-r, f150xl
  van   man                "tge"    prefixes 2 siblings: tge-3-140, tge-multicab
  (360 nominations)

== 2. TYPO-SPLIT: edit-distance-1 sibling names in-make (NFKD-fold blind spot) ==
  bus   isuzu              "F Series" <-> "Series"  (f-series / series)
  bus   mercedes-benz      "310 D" <-> "312 D"  (310-d / 312-d)
  bus   mercedes-benz      "312 D" <-> "412 D"  (312-d / 412-d)
  bus   mercedes-benz      "609 D" <-> "709 D"  (609-d / 709-d)
  bus   mercedes-benz      "Citaro" <-> "Ecitaro"  (citaro / ecitaro)
  bus   mercedes-benz      "O404" <-> "O405"  (o404 / o405)
  bus   mercedes-benz      "O815D" <-> "O818D"  (o815d / o818d)
  bus   scania             "K112" <-> "K113"  (k112 / k113)
  bus   scania             "K112" <-> "K114"  (k112 / k114)
  bus   scania             "K113" <-> "K114"  (k113 / k114)
  bus   scania             "K114" <-> "K124"  (k114 / k124)
  bus   scania             "K230" <-> "K270"  (k230 / k270)
  bus   scania             "K230" <-> "K280"  (k230 / k280)
  bus   scania             "K270" <-> "K280"  (k270 / k280)
  bus   scania             "K280" <-> "K380"  (k280 / k380)
  bus   scania             "K310" <-> "K320"  (k310 / k320)
  bus   scania             "K310" <-> "K340"  (k310 / k340)
  bus   scania             "K310" <-> "K360"  (k310 / k360)
  bus   scania             "K310" <-> "K380"  (k310 / k380)
  bus   scania             "K310" <-> "K410"  (k310 / k410)
  bus   scania             "K320" <-> "K340"  (k320 / k340)
  bus   scania             "K320" <-> "K360"  (k320 / k360)
  bus   scania             "K320" <-> "K380"  (k320 / k380)
  bus   scania             "K320" <-> "K420"  (k320 / k420)
  bus   scania             "K340" <-> "K360"  (k340 / k360)
  bus   scania             "K340" <-> "K380"  (k340 / k380)
  bus   scania             "K340" <-> "K440"  (k340 / k440)
  bus   scania             "K360" <-> "K380"  (k360 / k380)
  bus   scania             "K400" <-> "K410"  (k400 / k410)
  bus   scania             "K400" <-> "K420"  (k400 / k420)
  bus   scania             "K400" <-> "K440"  (k400 / k440)
  bus   scania             "K400" <-> "K450"  (k400 / k450)
  bus   scania             "K410" <-> "K420"  (k410 / k420)
  bus   scania             "K410" <-> "K440"  (k410 / k440)
  bus   scania             "K410" <-> "K450"  (k410 / k450)
  bus   scania             "K420" <-> "K440"  (k420 / k440)
  bus   scania             "K420" <-> "K450"  (k420 / k450)
  bus   scania             "K440" <-> "K450"  (k440 / k450)
  bus   setra              "S315" <-> "S315H"  (s315 / s315h)
  bus   setra              "S315" <-> "S317"  (s315 / s317)
  bus   setra              "S315" <-> "S415"  (s315 / s415)
  bus   setra              "S315" <-> "S515"  (s315 / s515)
  bus   setra              "S315H" <-> "S415H"  (s315h / s415h)
  bus   setra              "S317" <-> "S417"  (s317 / s417)
  bus   setra              "S317" <-> "S517"  (s317 / s517)
  bus   setra              "S411" <-> "S415"  (s411 / s415)
  bus   setra              "S411" <-> "S416"  (s411 / s416)
  bus   setra              "S411" <-> "S417"  (s411 / s417)
  bus   setra              "S411" <-> "S418"  (s411 / s418)
  bus   setra              "S411" <-> "S419"  (s411 / s419)
  bus   setra              "S411" <-> "S431"  (s411 / s431)
  bus   setra              "S411" <-> "S511"  (s411 / s511)
  bus   setra              "S415" <-> "S415H"  (s415 / s415h)
  bus   setra              "S415" <-> "S416"  (s415 / s416)
  bus   setra              "S415" <-> "S417"  (s415 / s417)
  bus   setra              "S415" <-> "S418"  (s415 / s418)
  bus   setra              "S415" <-> "S419"  (s415 / s419)
  bus   setra              "S415" <-> "S515"  (s415 / s515)
  bus   setra              "S416" <-> "S417"  (s416 / s417)
  bus   setra              "S416" <-> "S418"  (s416 / s418)
  bus   setra              "S416" <-> "S419"  (s416 / s419)
  bus   setra              "S416" <-> "S516"  (s416 / s516)
  bus   setra              "S417" <-> "S418"  (s417 / s418)
  bus   setra              "S417" <-> "S419"  (s417 / s419)
  bus   setra              "S417" <-> "S517"  (s417 / s517)
  bus   setra              "S418" <-> "S419"  (s418 / s419)
  bus   setra              "S419" <-> "S519"  (s419 / s519)
  bus   setra              "S431" <-> "S531"  (s431 / s531)
  bus   setra              "S511" <-> "S515"  (s511 / s515)
  bus   setra              "S511" <-> "S516"  (s511 / s516)
  bus   setra              "S511" <-> "S517"  (s511 / s517)
  bus   setra              "S511" <-> "S519"  (s511 / s519)
  bus   setra              "S511" <-> "S531"  (s511 / s531)
  bus   setra              "S515" <-> "S516"  (s515 / s516)
  bus   setra              "S515" <-> "S517"  (s515 / s517)
  bus   setra              "S515" <-> "S519"  (s515 / s519)
  bus   setra              "S516" <-> "S517"  (s516 / s517)
  bus   setra              "S516" <-> "S519"  (s516 / s519)
  bus   setra              "S517" <-> "S519"  (s517 / s519)
  bus   van-hool           "T915" <-> "T917"  (t915 / t917)
  bus   vdl                "Futura" <-> "Vutura"  (futura / vutura)
  bus   volvo              "7700" <-> "7900"  (7700 / 7900)
  bus   volvo              "7700" <-> "8700"  (7700 / 8700)
  bus   volvo              "7700" <-> "9700"  (7700 / 9700)
  bus   volvo              "7900" <-> "8900"  (7900 / 8900)
  bus   volvo              "7900" <-> "9900"  (7900 / 9900)
  bus   volvo              "8700" <-> "8900"  (8700 / 8900)
  bus   volvo              "8700" <-> "9700"  (8700 / 9700)
  bus   volvo              "8900" <-> "9900"  (8900 / 9900)
  bus   volvo              "9500" <-> "9700"  (9500 / 9700)
  bus   volvo              "9500" <-> "9900"  (9500 / 9900)
  bus   volvo              "9700" <-> "9900"  (9700 / 9900)
  bus   volvo              "B10B" <-> "B10M"  (b10b / b10m)
  bus   volvo              "B10B" <-> "B12B"  (b10b / b12b)
  bus   volvo              "B10M" <-> "B12M"  (b10m / b12m)
  bus   volvo              "B11R" <-> "B13R"  (b11r / b13r)
  bus   volvo              "B12B" <-> "B12M"  (b12b / b12m)
  car   acura              "3.2CL" <-> "3.2TL"  (3-2cl / 3-2tl)
  car   alfa-romeo         "1300" <-> "1600"  (1300 / 1600)
  car   alfa-romeo         "1600" <-> "2600"  (1600 / 2600)
  car   alfa-romeo         "2000" <-> "2600"  (2000 / 2600)
  car   alfa-romeo         "2000 Spider" <-> "2600 Spider"  (2000-spider / 2600-spider)
  car   alfa-romeo         "Alfetta GT" <-> "Alfetta GTV"  (alfetta-gt / alfetta-gtv)
  car   alfa-romeo         "Alfetta GTV" <-> "Alfetta GTV6"  (alfetta-gtv / alfetta-gtv6)
  car   alfa-romeo         "Giuletta" <-> "Giulietta"  (giuletta / giulietta)
  car   alfa-romeo         "GT 1300 Junior" <-> "GT 1600 Junior"  (gt-1300-junior / gt-1600-junior)
  car   alfa-romeo         "GT Junior 1300" <-> "GT Junior 1600"  (gt-junior-1300 / gt-junior-1600)
  car   alfa-romeo         "Gtv 6 2" <-> "GTV6"  (gtv-6-2 / gtv6)
  car   alpina             "Bmw Alpina B3 Biturbo" <-> "Bmw Alpina D3 Biturbo"  (bmw-alpina-b3-biturbo / bmw-alpina-d3-biturbo)
  car   alpina             "Bmw Alpina B3 Touring" <-> "Bmw Alpina B5 Touring"  (bmw-alpina-b3-touring / bmw-alpina-b5-touring)
  car   alpina             "Bmw Alpina D3 Biturbo" <-> "Bmw Alpina D5 Biturbo"  (bmw-alpina-d3-biturbo / bmw-alpina-d5-biturbo)
  car   alpina             "Bmw Alpina D3 Biturbo" <-> "Bmw Alpina XD3 Biturbo"  (bmw-alpina-d3-biturbo / bmw-alpina-xd3-biturbo)
  car   alpine             "A110" <-> "A110R"  (a110 / a110r)
  car   alpine             "A110" <-> "A310"  (a110 / a310)
  car   alpine             "A290" <-> "A390"  (a290 / a390)
  car   alpine             "A310" <-> "A390"  (a310 / a390)
  car   alvis              "TA21" <-> "TC21"  (ta21 / tc21)
  car   alvis              "TA21" <-> "TD21"  (ta21 / td21)
  car   alvis              "TC21" <-> "TD21"  (tc21 / td21)
  car   amc                "Gremlin" <-> "Gremlin X"  (gremlin / gremlin-x)
  car   armstrong-siddeley "Saphire" <-> "Sapphire"  (saphire / sapphire)
  car   aston-martin       "DB11" <-> "DB12"  (db11 / db12)
  car   aston-martin       "DB12" <-> "DB2"  (db12 / db2)
  car   aston-martin       "DB2/4" <-> "DB4"  (db2-4 / db4)
  car   audi               "4000" <-> "5000"  (4000 / 5000)
  car   audi               "e-tron GT" <-> "S E-Tron GT"  (e-tron-gt / s-e-tron-gt)
  car   audi               "RS E-Tron GT" <-> "S E-Tron GT"  (rs-e-tron-gt / s-e-tron-gt)
  car   audi               "RSQ3" <-> "RSQ8"  (rsq3 / rsq8)
  car   audi               "RSQ8" <-> "SQ8"  (rsq8 / sq8)
  car   austin             "1100" <-> "1300"  (1100 / 1300)
  car   austin             "1100" <-> "1800"  (1100 / 1800)
  car   austin             "1300" <-> "1800"  (1300 / 1800)
  car   austin             "Healey" <-> "Healy"  (healey / healy)
  car   austin             "Mini Cooper" <-> "Mini Cooper S"  (mini-cooper / mini-cooper-s)
  car   auto-union         "100 LS" <-> "1000-S"  (100-ls / 1000-s)
  car   auto-union         "1000" <-> "1000-S"  (1000 / 1000-s)
  car   auto-union         "1000-S" <-> "1000SP"  (1000-s / 1000sp)
  car   auto-union         "Audi 60" <-> "Audi 80"  (audi-60 / audi-80)
  car   baic               "BJ30" <-> "BJ30E"  (bj30 / bj30e)
  car   baic               "BJ30" <-> "BJ40"  (bj30 / bj40)
  car   baic               "BJ30" <-> "BJ60"  (bj30 / bj60)
  car   baic               "BJ40" <-> "BJ60"  (bj40 / bj60)
  car   bentley            "Continental" <-> "Continental R"  (continental / continental-r)
  car   bentley            "Continental" <-> "Continental T"  (continental / continental-t)
  car   bentley            "Continental GT" <-> "Continental GTC"  (continental-gt / continental-gtc)
  car   bentley            "Continental GT" <-> "Continental T"  (continental-gt / continental-t)
  car   bentley            "Continental R" <-> "Continental T"  (continental-r / continental-t)
  car   bentley            "Mark" <-> "Mark 6"  (mark / mark-6)
  car   bentley            "R Type" <-> "S Type"  (r-type / s-type)
  car   bentley            "Turbo" <-> "Turbo R"  (turbo / turbo-r)
  car   bmw                "1 Series" <-> "2 Series"  (1-series / 2-series)
  car   bmw                "1 Series" <-> "3 Series"  (1-series / 3-series)
  car   bmw                "1 Series" <-> "4 Series"  (1-series / 4-series)
  car   bmw                "1 Series" <-> "5 Series"  (1-series / 5-series)
  car   bmw                "1 Series" <-> "6 Series"  (1-series / 6-series)
  car   bmw                "1 Series" <-> "7 Series"  (1-series / 7-series)
  car   bmw                "1 Series" <-> "8 Series"  (1-series / 8-series)
  car   bmw                "2 Series" <-> "3 Series"  (2-series / 3-series)
  car   bmw                "2 Series" <-> "4 Series"  (2-series / 4-series)
  car   bmw                "2 Series" <-> "5 Series"  (2-series / 5-series)
  car   bmw                "2 Series" <-> "6 Series"  (2-series / 6-series)
  car   bmw                "2 Series" <-> "7 Series"  (2-series / 7-series)
  car   bmw                "2 Series" <-> "8 Series"  (2-series / 8-series)
  car   bmw                "3.0CS" <-> "3.0S"  (3-0cs / 3-0s)
  car   bmw                "3 Series" <-> "4 Series"  (3-series / 4-series)
  car   bmw                "3 Series" <-> "5 Series"  (3-series / 5-series)
  car   bmw                "3 Series" <-> "6 Series"  (3-series / 6-series)
  car   bmw                "3 Series" <-> "7 Series"  (3-series / 7-series)
  car   bmw                "3 Series" <-> "8 Series"  (3-series / 8-series)
  car   bmw                "4 Series" <-> "5 Series"  (4-series / 5-series)
  car   bmw                "4 Series" <-> "6 Series"  (4-series / 6-series)
  car   bmw                "4 Series" <-> "7 Series"  (4-series / 7-series)
  car   bmw                "4 Series" <-> "8 Series"  (4-series / 8-series)
  car   bmw                "5 Series" <-> "6 Series"  (5-series / 6-series)
  car   bmw                "5 Series" <-> "7 Series"  (5-series / 7-series)
  car   bmw                "5 Series" <-> "8 Series"  (5-series / 8-series)
  car   bmw                "6 Series" <-> "7 Series"  (6-series / 7-series)
  car   bmw                "6 Series" <-> "8 Series"  (6-series / 8-series)
  car   bmw                "7 Series" <-> "8 Series"  (7-series / 8-series)
  car   bmw                "ActiveHybrid 3" <-> "ActiveHybrid 5"  (activehybrid-3 / activehybrid-5)
  car   bmw                "ActiveHybrid 3" <-> "ActiveHybrid 7"  (activehybrid-3 / activehybrid-7)
  car   bmw                "ActiveHybrid 5" <-> "ActiveHybrid 7"  (activehybrid-5 / activehybrid-7)
  car   bmw                "Alpina B3" <-> "Alpina B5"  (alpina-b3 / alpina-b5)
  car   bmw                "Alpina B3" <-> "Alpina B6"  (alpina-b3 / alpina-b6)
  car   bmw                "Alpina B3" <-> "Alpina B7"  (alpina-b3 / alpina-b7)
  car   bmw                "Alpina B5" <-> "Alpina B6"  (alpina-b5 / alpina-b6)
  car   bmw                "Alpina B5" <-> "Alpina B7"  (alpina-b5 / alpina-b7)
  car   bmw                "Alpina B6" <-> "Alpina B7"  (alpina-b6 / alpina-b7)
  car   bmw                "Alpina B7" <-> "Alpina XB7"  (alpina-b7 / alpina-xb7)
  car   bmw                "Cooper" <-> "Cooper S"  (cooper / cooper-s)
  car   byd                "Atto 2" <-> "Atto 3"  (atto-2 / atto-3)
  car   byd                "Dolphin" <-> "Dolphin G"  (dolphin / dolphin-g)
  car   byd                "Sea Lion 07" <-> "Sealion 7"  (sea-lion-07 / sealion-7)
  car   byd                "Seal" <-> "Seal 5"  (seal / seal-5)
  car   byd                "Seal" <-> "Seal 6"  (seal / seal-6)
  car   byd                "Seal" <-> "Seal U"  (seal / seal-u)
  car   byd                "Seal 5" <-> "Seal 6"  (seal-5 / seal-6)
  car   byd                "Seal 5" <-> "Seal U"  (seal-5 / seal-u)
  car   byd                "Seal 6" <-> "Seal U"  (seal-6 / seal-u)
  car   byd                "Sealion" <-> "Sealion 5"  (sealion / sealion-5)
  car   byd                "Sealion" <-> "Sealion 6"  (sealion / sealion-6)
  car   byd                "Sealion" <-> "Sealion 7"  (sealion / sealion-7)
  car   byd                "Sealion 5" <-> "Sealion 6"  (sealion-5 / sealion-6)
  car   byd                "Sealion 5" <-> "Sealion 7"  (sealion-5 / sealion-7)
  car   byd                "Sealion 6" <-> "Sealion 7"  (sealion-6 / sealion-7)
  car   cadillac           "De Ville" <-> "Seville"  (de-ville / seville)
  car   cadillac           "Serie 62" <-> "Series 62"  (serie-62 / series-62)
  car   cadillac           "Series 60" <-> "Series 61"  (series-60 / series-61)
  car   cadillac           "Series 60" <-> "Series 62"  (series-60 / series-62)
  car   cadillac           "Series 61" <-> "Series 62"  (series-61 / series-62)
  car   caterham-cars-ltd  "Seven S3" <-> "Seven Sv"  (seven-s3 / seven-sv)
  car   chery              "Jaecoo J5" <-> "Jaecoo J7"  (jaecoo-j5 / jaecoo-j7)
  car   chery              "Jaecoo J5" <-> "Jaecoo J8"  (jaecoo-j5 / jaecoo-j8)
  car   chery              "Jaecoo J7" <-> "Jaecoo J8"  (jaecoo-j7 / jaecoo-j8)
  car   chery              "Omoda 5" <-> "Omoda 9"  (omoda-5 / omoda-9)
  car   chery              "Tiggo" <-> "Tiggo 2"  (tiggo / tiggo-2)
  car   chery              "Tiggo" <-> "Tiggo 3"  (tiggo / tiggo-3)
  car   chery              "Tiggo" <-> "Tiggo 4"  (tiggo / tiggo-4)
  car   chery              "Tiggo" <-> "Tiggo 7"  (tiggo / tiggo-7)
  car   chery              "Tiggo" <-> "Tiggo 8"  (tiggo / tiggo-8)
  car   chery              "Tiggo" <-> "Tiggo 9"  (tiggo / tiggo-9)
  car   chery              "Tiggo" <-> "TIGGO9"  (tiggo / tiggo9)
  car   chery              "Tiggo 2" <-> "Tiggo 3"  (tiggo-2 / tiggo-3)
  car   chery              "Tiggo 2" <-> "Tiggo 4"  (tiggo-2 / tiggo-4)
  car   chery              "Tiggo 2" <-> "Tiggo 7"  (tiggo-2 / tiggo-7)
  car   chery              "Tiggo 2" <-> "Tiggo 8"  (tiggo-2 / tiggo-8)
  car   chery              "Tiggo 2" <-> "Tiggo 9"  (tiggo-2 / tiggo-9)
  car   chery              "Tiggo 2" <-> "TIGGO9"  (tiggo-2 / tiggo9)
  car   chery              "Tiggo 2 Pro" <-> "Tiggo 4 Pro"  (tiggo-2-pro / tiggo-4-pro)
  car   chery              "Tiggo 2 Pro" <-> "Tiggo 7 Pro"  (tiggo-2-pro / tiggo-7-pro)
  car   chery              "Tiggo 2 Pro" <-> "Tiggo 8 Pro"  (tiggo-2-pro / tiggo-8-pro)
  car   chery              "Tiggo 3" <-> "Tiggo 4"  (tiggo-3 / tiggo-4)
  car   chery              "Tiggo 3" <-> "Tiggo 7"  (tiggo-3 / tiggo-7)
  car   chery              "Tiggo 3" <-> "Tiggo 8"  (tiggo-3 / tiggo-8)
  car   chery              "Tiggo 3" <-> "Tiggo 9"  (tiggo-3 / tiggo-9)
  car   chery              "Tiggo 3" <-> "TIGGO9"  (tiggo-3 / tiggo9)
  car   chery              "Tiggo 4" <-> "Tiggo 7"  (tiggo-4 / tiggo-7)
  car   chery              "Tiggo 4" <-> "Tiggo 8"  (tiggo-4 / tiggo-8)
  car   chery              "Tiggo 4" <-> "Tiggo 9"  (tiggo-4 / tiggo-9)
  car   chery              "Tiggo 4" <-> "TIGGO9"  (tiggo-4 / tiggo9)
  car   chery              "Tiggo 4 Pro" <-> "Tiggo 7 Pro"  (tiggo-4-pro / tiggo-7-pro)
  car   chery              "Tiggo 4 Pro" <-> "Tiggo 8 Pro"  (tiggo-4-pro / tiggo-8-pro)
  car   chery              "Tiggo 7" <-> "Tiggo 8"  (tiggo-7 / tiggo-8)
  car   chery              "Tiggo 7" <-> "Tiggo 9"  (tiggo-7 / tiggo-9)
  car   chery              "Tiggo 7" <-> "TIGGO9"  (tiggo-7 / tiggo9)
  car   chery              "Tiggo 7 Pro" <-> "Tiggo 8 Pro"  (tiggo-7-pro / tiggo-8-pro)
  car   chery              "Tiggo 8" <-> "Tiggo 9"  (tiggo-8 / tiggo-9)
  car   chery              "Tiggo 8" <-> "TIGGO9"  (tiggo-8 / tiggo9)
  car   chevrolet          "Bolt" <-> "Volt"  (bolt / volt)
  car   chevrolet          "Bolt Euv" <-> "Bolt EV"  (bolt-euv / bolt-ev)
  car   chevrolet          "C1500" <-> "C2500"  (c1500 / c2500)
  car   chevrolet          "C1500" <-> "G1500"  (c1500 / g1500)
  car   chevrolet          "C1500" <-> "K1500"  (c1500 / k1500)
  car   chevrolet          "C2500" <-> "K2500"  (c2500 / k2500)
  car   chevrolet          "Corvette C7" <-> "Corvette C8"  (corvette-c7 / corvette-c8)
  car   chevrolet          "G1500" <-> "K1500"  (g1500 / k1500)
  car   chevrolet          "K1500" <-> "K2500"  (k1500 / k2500)
  car   chevrolet          "M200" <-> "M300"  (m200 / m300)
  car   chevrolet          "Niva" <-> "Nova"  (niva / nova)
  car   chevrolet          "Sport" <-> "Sports"  (sport / sports)
  car   chevrolet          "Two-Ten" <-> "Two-Ten 2"  (two-ten / two-ten-2)
  car   chrysler           "300 C" <-> "300 H"  (300-c / 300-h)
  car   chrysler           "300 C" <-> "300 M"  (300-c / 300-m)
  car   chrysler           "300 C" <-> "300L"  (300-c / 300l)
  car   chrysler           "300 H" <-> "300 M"  (300-h / 300-m)
  car   chrysler           "300 H" <-> "300L"  (300-h / 300l)
  car   chrysler           "300 M" <-> "300L"  (300-m / 300l)
  car   chrysler           "300 SRT8" <-> "300C SRT8"  (300-srt8 / 300c-srt8)
  car   citroen            "11 Bl" <-> "11B"  (11-bl / 11b)
  car   citroen            "15CV" <-> "5 Cv"  (15cv / 5-cv)
  car   citroen            "1D19" <-> "ID19"  (1d19 / id19)
  car   citroen            "Ami 6" <-> "Ami 8"  (ami-6 / ami-8)
  car   citroen            "Ami 6" <-> "AMI8"  (ami-6 / ami8)
  car   citroen            "Az 2CV" <-> "Azu 2CV"  (az-2cv / azu-2cv)
  car   citroen            "C3 Aircross" <-> "C4 Aircross"  (c3-aircross / c4-aircross)
  car   citroen            "C3 Aircross" <-> "C5 Aircross"  (c3-aircross / c5-aircross)
  car   citroen            "C3 Aircross" <-> "E-C3 Aircross"  (c3-aircross / e-c3-aircross)
  car   citroen            "C3 Picasso" <-> "C4 Picasso"  (c3-picasso / c4-picasso)
  car   citroen            "C4 Aircross" <-> "C5 Aircross"  (c4-aircross / c5-aircross)
  car   citroen            "Id 19 P" <-> "ID19"  (id-19-p / id19)
  car   citroen            "Id-19P" <-> "ID19"  (id-19p / id19)
  car   daihatsu           "Charade Cg" <-> "Charade Cs"  (charade-cg / charade-cs)
  car   daimler            "D Six" <-> "Six"  (d-six / six)
  car   daimler            "Sovereign" <-> "Sovereign 4"  (sovereign / sovereign-4)
  car   daimler            "Super 8" <-> "Super V8"  (super-8 / super-v8)
  car   datsun             "1000" <-> "100A"  (1000 / 100a)
  car   datsun             "1000" <-> "1200"  (1000 / 1200)
  car   datsun             "1000" <-> "1300"  (1000 / 1300)
  car   datsun             "1000" <-> "1400"  (1000 / 1400)
  car   datsun             "1000" <-> "1600"  (1000 / 1600)
  car   datsun             "1000" <-> "2000"  (1000 / 2000)
  car   datsun             "100A" <-> "120A"  (100a / 120a)
  car   datsun             "120 Y" <-> "1200"  (120-y / 1200)
  car   datsun             "120 Y" <-> "120A"  (120-y / 120a)
  car   datsun             "120 Y" <-> "140Y"  (120-y / 140y)
  car   datsun             "1200" <-> "120A"  (1200 / 120a)
  car   datsun             "1200" <-> "1300"  (1200 / 1300)
  car   datsun             "1200" <-> "1400"  (1200 / 1400)
  car   datsun             "1200" <-> "1600"  (1200 / 1600)
  car   datsun             "1200 De Luxe" <-> "1600 De Luxe"  (1200-de-luxe / 1600-de-luxe)
  car   datsun             "1300" <-> "1400"  (1300 / 1400)
  car   datsun             "1300" <-> "1600"  (1300 / 1600)
  car   datsun             "1400" <-> "140Y"  (1400 / 140y)
  car   datsun             "1400" <-> "1600"  (1400 / 1600)
  car   datsun             "1400" <-> "2400"  (1400 / 2400)
  car   datsun             "1600" <-> "160B"  (1600 / 160b)
  car   datsun             "1600" <-> "160J"  (1600 / 160j)
  car   datsun             "1600 Sss" <-> "160J Sss"  (1600-sss / 160j-sss)
  car   datsun             "160B" <-> "160J"  (160b / 160j)
  car   datsun             "160B" <-> "180B"  (160b / 180b)
  car   datsun             "2000" <-> "200L"  (2000 / 200l)
  car   datsun             "2000" <-> "2400"  (2000 / 2400)
  car   datsun             "220C" <-> "260 C"  (220c / 260-c)
  car   datsun             "220C" <-> "260C"  (220c / 260c)
  car   datsun             "220C" <-> "280C"  (220c / 280c)
  car   datsun             "240 Z" <-> "2400"  (240-z / 2400)
  car   datsun             "240 Z" <-> "260 Z"  (240-z / 260-z)
  car   datsun             "240 Z" <-> "280 Z"  (240-z / 280-z)
  car   datsun             "260 C" <-> "260 Z"  (260-c / 260-z)
  car   datsun             "260 C" <-> "280C"  (260-c / 280c)
  car   datsun             "260 Z" <-> "260C"  (260-z / 260c)
  car   datsun             "260 Z" <-> "280 Z"  (260-z / 280-z)
  car   datsun             "260C" <-> "280C"  (260c / 280c)
  car   datsun             "280 Z" <-> "280C"  (280-z / 280c)
  car   datsun             "280 Z" <-> "280ZX"  (280-z / 280zx)
  car   dfsk               "Fengon 500" <-> "Fengon 600"  (fengon-500 / fengon-600)
  car   dodge              "A100" <-> "D100"  (a100 / d100)
  car   dodge              "B200" <-> "B250"  (b200 / b250)
  car   dodge              "Ram 1500 Van" <-> "Ram 2500 Van"  (ram-1500-van / ram-2500-van)
  car   dodge              "Ram 1500 Van" <-> "Ram 3500 Van"  (ram-1500-van / ram-3500-van)
  car   dodge              "Ram 2500" <-> "Ram 3500"  (ram-2500 / ram-3500)
  car   dodge              "Ram 2500 Van" <-> "Ram 3500 Van"  (ram-2500-van / ram-3500-van)
  car   dodge              "WC51" <-> "WC52"  (wc51 / wc52)
  car   dodge              "WC51" <-> "WC56"  (wc51 / wc56)
  car   dodge              "WC51" <-> "WC57"  (wc51 / wc57)
  car   dodge              "WC52" <-> "WC56"  (wc52 / wc56)
  car   dodge              "WC52" <-> "WC57"  (wc52 / wc57)
  car   dodge              "WC56" <-> "WC57"  (wc56 / wc57)
  car   ds                 "DS N°4" <-> "DS N°8"  (ds-n-4 / ds-n-8)
  car   ebro               "S400" <-> "S700"  (s400 / s700)
  car   ferrari            "296 Speciale" <-> "296 Speciale A"  (296-speciale / 296-speciale-a)
  car   ferrari            "308 GT4" <-> "308 GTB"  (308-gt4 / 308-gtb)
  car   ferrari            "308 GT4" <-> "308 GTS"  (308-gt4 / 308-gts)
  car   ferrari            "308 GTB" <-> "308 GTBi"  (308-gtb / 308-gtbi)
  car   ferrari            "308 GTB" <-> "308 GTS"  (308-gtb / 308-gts)
  car   ferrari            "308 GTB" <-> "328 GTB"  (308-gtb / 328-gtb)
  car   ferrari            "308 GTBi" <-> "308 GTSi"  (308-gtbi / 308-gtsi)
  car   ferrari            "308 GTS" <-> "308 GTSi"  (308-gts / 308-gtsi)
  car   ferrari            "348 TB" <-> "348 TS"  (348-tb / 348-ts)
  car   ferrari            "360 Modena" <-> "F360 Modena"  (360-modena / f360-modena)
  car   ferrari            "458 Spider" <-> "488 Spider"  (458-spider / 488-spider)
  car   ferrari            "599 GTB" <-> "599 GTO"  (599-gtb / 599-gto)
  car   ferrari            "812 Competizione" <-> "812 Competizione A"  (812-competizione / 812-competizione-a)
  car   ferrari            "California" <-> "California T"  (california / california-t)
  car   ferrari            "Dino 208GT4" <-> "Dino 308 GT4"  (dino-208gt4 / dino-308-gt4)
  car   ferrari            "GTC4Lusso" <-> "GTC4Lusso T"  (gtc4lusso / gtc4lusso-t)
  car   ferrari            "Mondial" <-> "Mondial 8"  (mondial / mondial-8)
  car   ferrari            "Mondial" <-> "Mondial T"  (mondial / mondial-t)
  car   ferrari            "Mondial 8" <-> "Mondial T"  (mondial-8 / mondial-t)
  car   ferrari            "Monza SP1" <-> "Monza SP2"  (monza-sp1 / monza-sp2)
  car   ferrari            "Portofino" <-> "Portofino M"  (portofino / portofino-m)
  car   fiat               "1100" <-> "1200"  (1100 / 1200)
  car   fiat               "1100" <-> "1300"  (1100 / 1300)
  car   fiat               "1100" <-> "1500"  (1100 / 1500)
  car   fiat               "1100" <-> "1600"  (1100 / 1600)
  car   fiat               "1200" <-> "1300"  (1200 / 1300)
  car   fiat               "1200" <-> "1500"  (1200 / 1500)
  car   fiat               "1200" <-> "1600"  (1200 / 1600)
  car   fiat               "1200" <-> "P200"  (1200 / p200)
  car   fiat               "1300" <-> "1500"  (1300 / 1500)
  car   fiat               "1300" <-> "1600"  (1300 / 1600)
  car   fiat               "1300" <-> "2300"  (1300 / 2300)
  car   fiat               "1500" <-> "1600"  (1500 / 1600)
  car   fiat               "1500" <-> "500"  (1500 / 500)
  car   fiat               "1600" <-> "600"  (1600 / 600)
  car   fiat               "1600" <-> "P600"  (1600 / p600)
  car   fiat               "220L" <-> "230 L"  (220l / 230-l)
  car   fiat               "220L" <-> "230L"  (220l / 230l)
  car   fiat               "220L" <-> "290 L"  (220l / 290-l)
  car   fiat               "220L" <-> "290L"  (220l / 290l)
  car   fiat               "230 L" <-> "2300"  (230-l / 2300)
  car   fiat               "230 L" <-> "290 L"  (230-l / 290-l)
  car   fiat               "230 L" <-> "290L"  (230-l / 290l)
  car   fiat               "2300" <-> "230L"  (2300 / 230l)
  car   fiat               "230L" <-> "290 L"  (230l / 290-l)
  car   fiat               "230L" <-> "290L"  (230l / 290l)
  car   fiat               "500 E" <-> "500 L"  (500-e / 500-l)
  car   fiat               "500 E" <-> "500 X"  (500-e / 500-x)
  car   fiat               "500 E" <-> "600 E"  (500-e / 600-e)
  car   fiat               "500 L" <-> "500 X"  (500-l / 500-x)
  car   fiat               "A 5881" <-> "A5880"  (a-5881 / a5880)
  car   fiat               "A5880" <-> "A5881"  (a5880 / a5881)
  car   fiat               "Abarth 595" <-> "Abarth 695"  (abarth-595 / abarth-695)
  car   fiat               "Adria Twin" <-> "Adria Win"  (adria-twin / adria-win)
  car   fiat               "B 504" <-> "B 514"  (b-504 / b-514)
  car   fiat               "B 504" <-> "B 524"  (b-504 / b-524)
  car   fiat               "B 504" <-> "B544"  (b-504 / b544)
  car   fiat               "B 514" <-> "B 524"  (b-514 / b-524)
  car   fiat               "B 514" <-> "B544"  (b-514 / b544)
  car   fiat               "B 524" <-> "B544"  (b-524 / b544)
  car   fiat               "B544" <-> "B644"  (b544 / b644)
  car   fiat               "B644" <-> "B654"  (b644 / b654)
  car   fiat               "Brava" <-> "Bravo"  (brava / bravo)
  car   fiat               "Cs 544" <-> "Cs 544K"  (cs-544 / cs-544k)
  car   fiat               "Granduca 64" <-> "Granduca 67"  (granduca-64 / granduca-67)
  car   fiat               "Hymer B 584" <-> "Hymer B544"  (hymer-b-584 / hymer-b544)
  car   fiat               "Hymer B544" <-> "Hymer B644"  (hymer-b544 / hymer-b644)
  car   fiat               "Hymer Cs 544" <-> "Hymer CS544K"  (hymer-cs-544 / hymer-cs544k)
  car   fiat               "P200" <-> "P210"  (p200 / p210)
  car   fiat               "P200" <-> "P600"  (p200 / p600)
  car   fiat               "P200" <-> "P700"  (p200 / p700)
  car   fiat               "P600" <-> "P700"  (p600 / p700)
  car   fiat               "T 605" <-> "T 615"  (t-605 / t-615)
  car   fiat               "T 605" <-> "T615"  (t-605 / t615)
  car   ford               "3 Window" <-> "5 Window"  (3-window / 5-window)
  car   ford               "B-Max" <-> "C-Max"  (b-max / c-max)
  car   ford               "B-Max" <-> "S-Max"  (b-max / s-max)
  car   ford               "Bronco" <-> "Bronco 2"  (bronco / bronco-2)
  car   ford               "C-Max" <-> "S-Max"  (c-max / s-max)
  car   ford               "E-350" <-> "E-450"  (e-350 / e-450)
  car   ford               "E-350" <-> "E150"  (e-350 / e150)
  car   ford               "E-350" <-> "T350"  (e-350 / t350)
  car   ford               "E-450" <-> "E150"  (e-450 / e150)
  car   ford               "E150" <-> "F-150"  (e150 / f-150)
  car   ford               "F-100" <-> "F-150"  (f-100 / f-150)
  car   ford               "F-150" <-> "F-250"  (f-150 / f-250)
  car   ford               "Model" <-> "Model A"  (model / model-a)
  car   ford               "Model" <-> "Model B"  (model / model-b)
  car   ford               "Model" <-> "Model T"  (model / model-t)
  car   ford               "Model" <-> "Model Y"  (model / model-y)
  car   ford               "Model A" <-> "Model B"  (model-a / model-b)
  car   ford               "Model A" <-> "Model T"  (model-a / model-t)
  car   ford               "Model A" <-> "Model Y"  (model-a / model-y)
  car   ford               "Model B" <-> "Model T"  (model-b / model-t)
  car   ford               "Model B" <-> "Model Y"  (model-b / model-y)
  car   ford               "Model T" <-> "Model Y"  (model-t / model-y)
  car   ford               "Mustang" <-> "Mustang 3"  (mustang / mustang-3)
  car   ford               "Mustang Mach-E" <-> "Mustang MACH1"  (mustang-mach-e / mustang-mach1)
  car   ford               "Prefect" <-> "Prefekt"  (prefect / prefekt)
  car   ford               "RS 200" <-> "RS 2000"  (rs-200 / rs-2000)
  car   ford               "Sport" <-> "Sports"  (sport / sports)
  car   ford               "Taunus" <-> "Taurus"  (taunus / taurus)
  car   ford               "Taunus 12M" <-> "Taunus 15M"  (taunus-12m / taunus-15m)
  car   ford               "Taunus 12M" <-> "Taunus 17M"  (taunus-12m / taunus-17m)
  car   ford               "Taunus 15M" <-> "Taunus 17M"  (taunus-15m / taunus-17m)
  car   ford               "Taunus 2.0L" <-> "Taunus 20M"  (taunus-2-0l / taunus-20m)
  car   ford               "Taurus" <-> "Taurus X"  (taurus / taurus-x)
  car   ford               "Tudor" <-> "Tudor A"  (tudor / tudor-a)
  car   genesis            "GV60" <-> "GV70"  (gv60 / gv70)
  car   genesis            "GV60" <-> "GV80"  (gv60 / gv80)
  car   genesis            "GV70" <-> "GV80"  (gv70 / gv80)
  car   gmc                "Vandura 2500" <-> "Vandura 3500"  (vandura-2500 / vandura-3500)
  car   great-wall         "Ora 03" <-> "Ora 07"  (ora-03 / ora-07)
  car   great-wall         "Tank 300" <-> "Tank 500"  (tank-300 / tank-500)
  car   honda              "Accord" <-> "Accord 2"  (accord / accord-2)
  car   honda              "Accord Dx" <-> "Accord EX"  (accord-dx / accord-ex)
  car   honda              "Accord Dx" <-> "Accord LX"  (accord-dx / accord-lx)
  car   honda              "Accord EX" <-> "Accord LX"  (accord-ex / accord-lx)
  car   honda              "Civic" <-> "Civic 3"  (civic / civic-3)
  car   honda              "Civic" <-> "Civic 4"  (civic / civic-4)
  car   honda              "Civic" <-> "Civic 5"  (civic / civic-5)
  car   honda              "Civic 3" <-> "Civic 4"  (civic-3 / civic-4)
  car   honda              "Civic 3" <-> "Civic 5"  (civic-3 / civic-5)
  car   honda              "Civic 4" <-> "Civic 4D"  (civic-4 / civic-4d)
  car   honda              "Civic 4" <-> "Civic 5"  (civic-4 / civic-5)
  car   honda              "Civic EX" <-> "Civic Hx"  (civic-ex / civic-hx)
  car   honda              "Civic Si" <-> "Civic Sir"  (civic-si / civic-sir)
  car   honda              "Cr-V EX" <-> "Cr-V Exl"  (cr-v-ex / cr-v-exl)
  car   honda              "E NP1" <-> "E:NY1"  (e-np1 / e-ny1)
  car   honda              "N600" <-> "S600"  (n600 / s600)
  car   honda              "Odyssey EX" <-> "Odyssey EX-L"  (odyssey-ex / odyssey-ex-l)
  car   honda              "S600" <-> "S660"  (s600 / s660)
  car   honda              "S600" <-> "S800"  (s600 / s800)
  car   hyundai            "Atos" <-> "Atoz"  (atos / atoz)
  car   hyundai            "Coupe" <-> "S-Coupe"  (coupe / s-coupe)
  car   hyundai            "Elantra" <-> "Lantra"  (elantra / lantra)
  car   hyundai            "H100" <-> "H200"  (h100 / h200)
  car   hyundai            "Ioniq" <-> "Ioniq 5"  (ioniq / ioniq-5)
  car   hyundai            "Ioniq" <-> "Ioniq 6"  (ioniq / ioniq-6)
  car   hyundai            "Ioniq" <-> "Ioniq 9"  (ioniq / ioniq-9)
  car   hyundai            "Ioniq 5" <-> "Ioniq 6"  (ioniq-5 / ioniq-6)
  car   hyundai            "Ioniq 5" <-> "Ioniq 9"  (ioniq-5 / ioniq-9)
  car   hyundai            "Ioniq 6" <-> "Ioniq 9"  (ioniq-6 / ioniq-9)
  car   hyundai            "ix35" <-> "ix55"  (ix35 / ix55)
  car   infiniti           "EX25" <-> "EX35"  (ex25 / ex35)
  car   infiniti           "EX30" <-> "EX30D"  (ex30 / ex30d)
  car   infiniti           "EX30" <-> "EX35"  (ex30 / ex35)
  car   infiniti           "EX30" <-> "EX37"  (ex30 / ex37)
  car   infiniti           "EX30" <-> "FX30"  (ex30 / fx30)
  car   infiniti           "EX30" <-> "QX30"  (ex30 / qx30)
  car   infiniti           "EX30D" <-> "FX30D"  (ex30d / fx30d)
  car   infiniti           "EX35" <-> "EX37"  (ex35 / ex37)
  car   infiniti           "EX35" <-> "FX35"  (ex35 / fx35)
  car   infiniti           "EX35" <-> "JX35"  (ex35 / jx35)
  car   infiniti           "EX37" <-> "FX37"  (ex37 / fx37)
  car   infiniti           "FX30" <-> "FX30D"  (fx30 / fx30d)
  car   infiniti           "FX30" <-> "FX35"  (fx30 / fx35)
  car   infiniti           "FX30" <-> "FX37"  (fx30 / fx37)
  car   infiniti           "FX30" <-> "FX50"  (fx30 / fx50)
  car   infiniti           "FX30" <-> "QX30"  (fx30 / qx30)
  car   infiniti           "FX35" <-> "FX37"  (fx35 / fx37)
  car   infiniti           "FX35" <-> "FX45"  (fx35 / fx45)
  car   infiniti           "FX35" <-> "JX35"  (fx35 / jx35)
  car   infiniti           "FX50" <-> "FX50S"  (fx50 / fx50s)
  car   infiniti           "FX50" <-> "QX50"  (fx50 / qx50)
  car   infiniti           "G25X" <-> "G35X"  (g25x / g35x)
  car   infiniti           "G35X" <-> "G37X"  (g35x / g37x)
  car   infiniti           "G35X" <-> "M35X"  (g35x / m35x)
  car   infiniti           "G37S" <-> "G37X"  (g37s / g37x)
  car   infiniti           "G37X" <-> "M37X"  (g37x / m37x)
  car   infiniti           "M35H" <-> "M35X"  (m35h / m35x)
  car   infiniti           "M35X" <-> "M37X"  (m35x / m37x)
  car   infiniti           "M35X" <-> "M45X"  (m35x / m45x)
  car   infiniti           "Q30S" <-> "Q50S"  (q30s / q50s)
  car   infiniti           "Q50S Red Sport" <-> "Q60S Red Sport"  (q50s-red-sport / q60s-red-sport)
  car   infiniti           "QX30" <-> "QX50"  (qx30 / qx50)
  car   infiniti           "QX30" <-> "QX60"  (qx30 / qx60)
  car   infiniti           "QX30" <-> "QX70"  (qx30 / qx70)
  car   infiniti           "QX30" <-> "QX80"  (qx30 / qx80)
  car   infiniti           "QX50" <-> "QX55"  (qx50 / qx55)
  car   infiniti           "QX50" <-> "QX56"  (qx50 / qx56)
  car   infiniti           "QX50" <-> "QX60"  (qx50 / qx60)
  car   infiniti           "QX50" <-> "QX70"  (qx50 / qx70)
  car   infiniti           "QX50" <-> "QX80"  (qx50 / qx80)
  car   infiniti           "QX55" <-> "QX56"  (qx55 / qx56)
  car   infiniti           "QX60" <-> "QX70"  (qx60 / qx70)
  car   infiniti           "QX60" <-> "QX80"  (qx60 / qx80)
  car   infiniti           "QX70" <-> "QX80"  (qx70 / qx80)
  car   isuzu              "Bellet" <-> "Bellett"  (bellet / bellett)
  car   jaecoo             "Jaecoo 5" <-> "Jaecoo 6"  (jaecoo-5 / jaecoo-6)
  car   jaecoo             "Jaecoo 5" <-> "Jaecoo 7"  (jaecoo-5 / jaecoo-7)
  car   jaecoo             "Jaecoo 5" <-> "Jaecoo 8"  (jaecoo-5 / jaecoo-8)
  car   jaecoo             "Jaecoo 6" <-> "Jaecoo 7"  (jaecoo-6 / jaecoo-7)
  car   jaecoo             "Jaecoo 6" <-> "Jaecoo 8"  (jaecoo-6 / jaecoo-8)
  car   jaecoo             "Jaecoo 7" <-> "Jaecoo 8"  (jaecoo-7 / jaecoo-8)
  car   jaguar             "C-Type" <-> "D-Type"  (c-type / d-type)
  car   jaguar             "C-Type" <-> "E Type"  (c-type / e-type)
  car   jaguar             "C-Type" <-> "F-Type"  (c-type / f-type)
  car   jaguar             "C-Type" <-> "S-Type"  (c-type / s-type)
  car   jaguar             "C-Type" <-> "X-Type"  (c-type / x-type)
  car   jaguar             "D-Type" <-> "E Type"  (d-type / e-type)
  car   jaguar             "D-Type" <-> "F-Type"  (d-type / f-type)
  car   jaguar             "D-Type" <-> "S-Type"  (d-type / s-type)
  car   jaguar             "D-Type" <-> "X-Type"  (d-type / x-type)
  car   jaguar             "E-Pace" <-> "F-Pace"  (e-pace / f-pace)
  car   jaguar             "E-Pace" <-> "I-Pace"  (e-pace / i-pace)
  car   jaguar             "E Type" <-> "F-Type"  (e-type / f-type)
  car   jaguar             "E Type" <-> "S-Type"  (e-type / s-type)
  car   jaguar             "E Type" <-> "X-Type"  (e-type / x-type)
  car   jaguar             "F-Pace" <-> "I-Pace"  (f-pace / i-pace)
  car   jaguar             "F-Type" <-> "S-Type"  (f-type / s-type)
  car   jaguar             "F-Type" <-> "X-Type"  (f-type / x-type)
  car   jaguar             "Mark" <-> "Mark 1"  (mark / mark-1)
  car   jaguar             "Mark" <-> "Mark 2"  (mark / mark-2)
  car   jaguar             "Mark" <-> "Mark 7"  (mark / mark-7)
  car   jaguar             "Mark" <-> "Mark 8"  (mark / mark-8)
  car   jaguar             "Mark" <-> "Mark I"  (mark / mark-i)
  car   jaguar             "Mark" <-> "Mark X"  (mark / mark-x)
  car   jaguar             "Mark 1" <-> "Mark 10"  (mark-1 / mark-10)
  car   jaguar             "Mark 1" <-> "Mark 11"  (mark-1 / mark-11)
  car   jaguar             "Mark 1" <-> "Mark 2"  (mark-1 / mark-2)
  car   jaguar             "Mark 1" <-> "Mark 7"  (mark-1 / mark-7)
  car   jaguar             "Mark 1" <-> "Mark 8"  (mark-1 / mark-8)
  car   jaguar             "Mark 1" <-> "Mark I"  (mark-1 / mark-i)
  car   jaguar             "Mark 1" <-> "Mark X"  (mark-1 / mark-x)
  car   jaguar             "Mark 10" <-> "Mark 11"  (mark-10 / mark-11)
  car   jaguar             "Mark 2" <-> "Mark 7"  (mark-2 / mark-7)
  car   jaguar             "Mark 2" <-> "Mark 8"  (mark-2 / mark-8)
  car   jaguar             "Mark 2" <-> "Mark I"  (mark-2 / mark-i)
  car   jaguar             "Mark 2" <-> "Mark X"  (mark-2 / mark-x)
  car   jaguar             "Mark 7" <-> "Mark 8"  (mark-7 / mark-8)
  car   jaguar             "Mark 7" <-> "Mark I"  (mark-7 / mark-i)
  car   jaguar             "Mark 7" <-> "Mark X"  (mark-7 / mark-x)
  car   jaguar             "Mark 8" <-> "Mark I"  (mark-8 / mark-i)
  car   jaguar             "Mark 8" <-> "Mark X"  (mark-8 / mark-x)
  car   jaguar             "Mark I" <-> "Mark Ix"  (mark-i / mark-ix)
  car   jaguar             "Mark I" <-> "Mark X"  (mark-i / mark-x)
  car   jaguar             "Mark Ix" <-> "Mark X"  (mark-ix / mark-x)
  car   jaguar             "Mk 7 M" <-> "MK7"  (mk-7-m / mk7)
  car   jaguar             "Mk Ix" <-> "Mk X"  (mk-ix / mk-x)
  car   jaguar             "Mk Ix" <-> "Mkii"  (mk-ix / mkii)
  car   jaguar             "MK10" <-> "MK11"  (mk10 / mk11)
  car   jaguar             "S-Type" <-> "X-Type"  (s-type / x-type)
  car   jaguar             "S-Type V6" <-> "S-Type V8"  (s-type-v6 / s-type-v8)
  car   jaguar             "XJ12" <-> "XJ42"  (xj12 / xj42)
  car   jaguar             "XJ40" <-> "XJ42"  (xj40 / xj42)
  car   jaguar             "XJR-S" <-> "Xkr-S"  (xjr-s / xkr-s)
  car   jaguar             "XK120" <-> "XK140"  (xk120 / xk140)
  car   jaguar             "XK120" <-> "XK150"  (xk120 / xk150)
  car   jaguar             "XK140" <-> "XK150"  (xk140 / xk150)
  car   jeep               "Cj 15" <-> "CJ-5"  (cj-15 / cj-5)
  car   jeep               "Wagoneer" <-> "Wagoneer S"  (wagoneer / wagoneer-s)
  car   jensen             "Healey" <-> "Healy"  (healey / healy)
  car   jensen             "Intercepter" <-> "Interceptor"  (intercepter / interceptor)
  car   kia                "Ceed" <-> "X Ceed"  (ceed / x-ceed)
  car   kia                "E-Niro" <-> "Niro"  (e-niro / niro)
  car   lada               "1117" <-> "1119"  (1117 / 1119)
  car   lada               "1200" <-> "1200 S"  (1200 / 1200-s)
  car   lada               "1200" <-> "1300"  (1200 / 1300)
  car   lada               "1200" <-> "1500"  (1200 / 1500)
  car   lada               "1200" <-> "1600"  (1200 / 1600)
  car   lada               "1200 S" <-> "1500 S"  (1200-s / 1500-s)
  car   lada               "1300" <-> "1500"  (1300 / 1500)
  car   lada               "1300" <-> "1600"  (1300 / 1600)
  car   lada               "1300 SL" <-> "1500 SL"  (1300-sl / 1500-sl)
  car   lada               "1500" <-> "1500 S"  (1500 / 1500-s)
  car   lada               "1500" <-> "1600"  (1500 / 1600)
  car   lada               "1500 S" <-> "1500 SL"  (1500-s / 1500-sl)
  car   lada               "2101" <-> "2102"  (2101 / 2102)
  car   lada               "2101" <-> "2103"  (2101 / 2103)
  car   lada               "2101" <-> "2104"  (2101 / 2104)
  car   lada               "2101" <-> "2105"  (2101 / 2105)
  car   lada               "2101" <-> "2106"  (2101 / 2106)
  car   lada               "2101" <-> "2107"  (2101 / 2107)
  car   lada               "2101" <-> "2108"  (2101 / 2108)
  car   lada               "2101" <-> "2109"  (2101 / 2109)
  car   lada               "2101" <-> "2121"  (2101 / 2121)
  car   lada               "2102" <-> "2103"  (2102 / 2103)
  car   lada               "2102" <-> "2104"  (2102 / 2104)
  car   lada               "2102" <-> "2105"  (2102 / 2105)
  car   lada               "2102" <-> "2106"  (2102 / 2106)
  car   lada               "2102" <-> "2107"  (2102 / 2107)
  car   lada               "2102" <-> "2108"  (2102 / 2108)
  car   lada               "2102" <-> "2109"  (2102 / 2109)
  car   lada               "2102" <-> "2172"  (2102 / 2172)
  car   lada               "2102" <-> "2192"  (2102 / 2192)
  car   lada               "2103" <-> "2104"  (2103 / 2104)
  car   lada               "2103" <-> "2105"  (2103 / 2105)
  car   lada               "2103" <-> "2106"  (2103 / 2106)
  car   lada               "2103" <-> "2107"  (2103 / 2107)
  car   lada               "2103" <-> "2108"  (2103 / 2108)
  car   lada               "2103" <-> "2109"  (2103 / 2109)
  car   lada               "2104" <-> "2105"  (2104 / 2105)
  car   lada               "2104" <-> "2106"  (2104 / 2106)
  car   lada               "2104" <-> "2107"  (2104 / 2107)
  car   lada               "2104" <-> "2108"  (2104 / 2108)
  car   lada               "2104" <-> "2109"  (2104 / 2109)
  car   lada               "2104" <-> "2194"  (2104 / 2194)
  car   lada               "2105" <-> "2106"  (2105 / 2106)
  car   lada               "2105" <-> "2107"  (2105 / 2107)
  car   lada               "2105" <-> "2108"  (2105 / 2108)
  car   lada               "2105" <-> "2109"  (2105 / 2109)
  car   lada               "2106" <-> "2107"  (2106 / 2107)
  car   lada               "2106" <-> "2108"  (2106 / 2108)
  car   lada               "2106" <-> "2109"  (2106 / 2109)
  car   lada               "2107" <-> "2108"  (2107 / 2108)
  car   lada               "2107" <-> "2109"  (2107 / 2109)
  car   lada               "2108" <-> "2109"  (2108 / 2109)
  car   lada               "2172" <-> "2192"  (2172 / 2192)
  car   lada               "2192" <-> "2194"  (2192 / 2194)
  car   lamborghini        "Aventador" <-> "Aventador S"  (aventador / aventador-s)
  car   lamborghini        "Aventador Roadster" <-> "Aventador S Roadster"  (aventador-roadster / aventador-s-roadster)
  car   lamborghini        "Urus" <-> "Urus S"  (urus / urus-s)
  car   lamborghini        "Urus S" <-> "Urus Se"  (urus-s / urus-se)
  car   lancia             "Delta Hf Integrale" <-> "Delta Hf Intergrale"  (delta-hf-integrale / delta-hf-intergrale)
  car   land-rover         "Serie" <-> "Series"  (serie / series)
  car   land-rover         "Series" <-> "Series 1"  (series / series-1)
  car   land-rover         "Series" <-> "Series 2"  (series / series-2)
  car   land-rover         "Series" <-> "Series 3"  (series / series-3)
  car   land-rover         "Series" <-> "Series I"  (series / series-i)
  car   land-rover         "Series 1" <-> "Series 2"  (series-1 / series-2)
  car   land-rover         "Series 1" <-> "Series 3"  (series-1 / series-3)
  car   land-rover         "Series 1" <-> "Series I"  (series-1 / series-i)
  car   land-rover         "Series 2" <-> "Series 3"  (series-2 / series-3)
  car   land-rover         "Series 2" <-> "Series I"  (series-2 / series-i)
  car   land-rover         "Series 3" <-> "Series I"  (series-3 / series-i)
  car   lincoln            "Continental Mark" <-> "Continental Mark 4"  (continental-mark / continental-mark-4)
  car   lincoln            "Continental Mark" <-> "Continental Mark 5"  (continental-mark / continental-mark-5)
  car   lincoln            "Continental Mark 4" <-> "Continental Mark 5"  (continental-mark-4 / continental-mark-5)
  car   lincoln            "Navicator" <-> "Navigator"  (navicator / navigator)
  car   lincoln            "Navigator" <-> "Navigator L"  (navigator / navigator-l)
  car   lincoln            "Premier" <-> "Premiere"  (premier / premiere)
  car   lotus              "Elan" <-> "Elan +2"  (elan / elan-2)
  car   lotus              "Elan +2" <-> "Elan S2"  (elan-2 / elan-s2)
  car   lotus              "Elan S2" <-> "Elan S4"  (elan-s2 / elan-s4)
  car   lotus              "Elan S2" <-> "Elan Se"  (elan-s2 / elan-se)
  car   lotus              "Elan S4" <-> "Elan Se"  (elan-s4 / elan-se)
  car   lotus              "Elise" <-> "Elise S"  (elise / elise-s)
  car   lotus              "Elise" <-> "Elite"  (elise / elite)
  car   lotus              "Elise Sport 220" <-> "Elise Sport 240"  (elise-sport-220 / elise-sport-240)
  car   lotus              "Emeya" <-> "Emeya S"  (emeya / emeya-s)
  car   lotus              "Europa" <-> "Europa S"  (europa / europa-s)
  car   lotus              "Europa S" <-> "Europa S2"  (europa-s / europa-s2)
  car   lotus              "Seven S3" <-> "Seven S4"  (seven-s3 / seven-s4)
  car   maserati           "3200 GT" <-> "3500 GT"  (3200-gt / 3500-gt)
  car   maxus              "Euniq 5" <-> "Euniq 6"  (euniq-5 / euniq-6)
  car   mazda              "1000" <-> "1200"  (1000 / 1200)
  car   mazda              "1000" <-> "1300"  (1000 / 1300)
  car   mazda              "1000" <-> "1500"  (1000 / 1500)
  car   mazda              "1000" <-> "1600"  (1000 / 1600)
  car   mazda              "1000" <-> "1800"  (1000 / 1800)
  car   mazda              "1200" <-> "1300"  (1200 / 1300)
  car   mazda              "1200" <-> "1500"  (1200 / 1500)
  car   mazda              "1200" <-> "1600"  (1200 / 1600)
  car   mazda              "1200" <-> "1800"  (1200 / 1800)
  car   mazda              "1300" <-> "1500"  (1300 / 1500)
  car   mazda              "1300" <-> "1600"  (1300 / 1600)
  car   mazda              "1300" <-> "1800"  (1300 / 1800)
  car   mazda              "1500" <-> "1600"  (1500 / 1600)
  car   mazda              "1500" <-> "1800"  (1500 / 1800)
  car   mazda              "1600" <-> "1800"  (1600 / 1800)
  car   mazda              "B2000" <-> "B2600"  (b2000 / b2600)
  car   mazda              "B2000" <-> "B3000"  (b2000 / b3000)
  car   mazda              "B2000" <-> "B4000"  (b2000 / b4000)
  car   mazda              "B3000" <-> "B4000"  (b3000 / b4000)
  car   mazda              "CX-30" <-> "CX-50"  (cx-30 / cx-50)
  car   mazda              "CX-30" <-> "CX-60"  (cx-30 / cx-60)
  car   mazda              "CX-30" <-> "CX-70"  (cx-30 / cx-70)
  car   mazda              "CX-30" <-> "CX-80"  (cx-30 / cx-80)
  car   mazda              "CX-30" <-> "CX-90"  (cx-30 / cx-90)
  car   mazda              "CX-30" <-> "MX-30"  (cx-30 / mx-30)
  car   mazda              "CX-50" <-> "CX-60"  (cx-50 / cx-60)
  car   mazda              "CX-50" <-> "CX-70"  (cx-50 / cx-70)
  car   mazda              "CX-50" <-> "CX-80"  (cx-50 / cx-80)
  car   mazda              "CX-50" <-> "CX-90"  (cx-50 / cx-90)
  car   mazda              "CX-60" <-> "CX-6e"  (cx-60 / cx-6e)
  car   mazda              "CX-60" <-> "CX-70"  (cx-60 / cx-70)
  car   mazda              "CX-60" <-> "CX-80"  (cx-60 / cx-80)
  car   mazda              "CX-60" <-> "CX-90"  (cx-60 / cx-90)
  car   mazda              "CX-70" <-> "CX-80"  (cx-70 / cx-80)
  car   mazda              "CX-70" <-> "CX-90"  (cx-70 / cx-90)
  car   mazda              "CX-80" <-> "CX-90"  (cx-80 / cx-90)
  car   mazda              "MAZDA2" <-> "MAZDA3"  (mazda2 / mazda3)
  car   mazda              "MAZDA2" <-> "MAZDA5"  (mazda2 / mazda5)
  car   mazda              "MAZDA2" <-> "MAZDA6"  (mazda2 / mazda6)
  car   mazda              "MAZDA3" <-> "MAZDA5"  (mazda3 / mazda5)
  car   mazda              "MAZDA3" <-> "MAZDA6"  (mazda3 / mazda6)
  car   mazda              "MAZDA5" <-> "MAZDA6"  (mazda5 / mazda6)
  car   mazda              "MAZDA6" <-> "MAZDA6e"  (mazda6 / mazda6e)
  car   mazda              "Xedos" <-> "Xedos 6"  (xedos / xedos-6)
  car   mazda              "Xedos" <-> "Xedos 9"  (xedos / xedos-9)
  car   mazda              "Xedos 6" <-> "Xedos 9"  (xedos-6 / xedos-9)
  car   mclaren            "650S" <-> "750S"  (650s / 750s)
  car   mclaren            "650S Spider" <-> "750S Spider"  (650s-spider / 750s-spider)
  car   mclaren            "720S" <-> "750S"  (720s / 750s)
  car   mercedes-benz      "108 D" <-> "109 D"  (108-d / 109-d)
  car   mercedes-benz      "108 D" <-> "208 D"  (108-d / 208-d)
  car   mercedes-benz      "108 D" <-> "308 D"  (108-d / 308-d)
  car   mercedes-benz      "108 D" <-> "408 D"  (108-d / 408-d)
  car   mercedes-benz      "109 D" <-> "209 D"  (109-d / 209-d)
  car   mercedes-benz      "109 D" <-> "309 D"  (109-d / 309-d)
  car   mercedes-benz      "109 D" <-> "609 D"  (109-d / 609-d)
  car   mercedes-benz      "110 D" <-> "170 D"  (110-d / 170-d)
  car   mercedes-benz      "110 D" <-> "180 D"  (110-d / 180-d)
  car   mercedes-benz      "110 D" <-> "190 D"  (110-d / 190-d)
  car   mercedes-benz      "110 D" <-> "210 D"  (110-d / 210-d)
  car   mercedes-benz      "110 D" <-> "310 D"  (110-d / 310-d)
  car   mercedes-benz      "110 D" <-> "410 D"  (110-d / 410-d)
  car   mercedes-benz      "1113" <-> "113"  (1113 / 113)
  car   mercedes-benz      "123 C" <-> "123 D"  (123-c / 123-d)
  car   mercedes-benz      "123 C" <-> "123 T"  (123-c / 123-t)
  car   mercedes-benz      "123 C" <-> "124 C"  (123-c / 124-c)
  car   mercedes-benz      "123 C" <-> "126 C"  (123-c / 126-c)
  car   mercedes-benz      "123 D" <-> "123 T"  (123-d / 123-t)
  car   mercedes-benz      "123 D" <-> "123C"  (123-d / 123c)
  car   mercedes-benz      "123 T" <-> "123C"  (123-t / 123c)
  car   mercedes-benz      "123 T" <-> "124 T"  (123-t / 124-t)
  car   mercedes-benz      "123C" <-> "124 C"  (123c / 124-c)
  car   mercedes-benz      "123C" <-> "126 C"  (123c / 126-c)
  car   mercedes-benz      "124 C" <-> "124 T"  (124-c / 124-t)
  car   mercedes-benz      "124 C" <-> "126 C"  (124-c / 126-c)
  car   mercedes-benz      "170 D" <-> "170 DA"  (170-d / 170-da)
  car   mercedes-benz      "170 D" <-> "170 DS"  (170-d / 170-ds)
  car   mercedes-benz      "170 D" <-> "170 S"  (170-d / 170-s)
  car   mercedes-benz      "170 D" <-> "170 SD"  (170-d / 170-sd)
  car   mercedes-benz      "170 D" <-> "170 V"  (170-d / 170-v)
  car   mercedes-benz      "170 D" <-> "180 D"  (170-d / 180-d)
  car   mercedes-benz      "170 D" <-> "190 D"  (170-d / 190-d)
  car   mercedes-benz      "170 DA" <-> "170 DS"  (170-da / 170-ds)
  car   mercedes-benz      "170 DA" <-> "170 VA"  (170-da / 170-va)
  car   mercedes-benz      "170 DS" <-> "170 S"  (170-ds / 170-s)
  car   mercedes-benz      "170 S" <-> "170 S-V"  (170-s / 170-s-v)
  car   mercedes-benz      "170 S" <-> "170 Sb"  (170-s / 170-sb)
  car   mercedes-benz      "170 S" <-> "170 SD"  (170-s / 170-sd)
  car   mercedes-benz      "170 S" <-> "170 V"  (170-s / 170-v)
  car   mercedes-benz      "170 S-V" <-> "170 Sb"  (170-s-v / 170-sb)
  car   mercedes-benz      "170 S-V" <-> "170 SD"  (170-s-v / 170-sd)
  car   mercedes-benz      "170 S-V" <-> "170 V"  (170-s-v / 170-v)
  car   mercedes-benz      "170 Sb" <-> "170 SD"  (170-sb / 170-sd)
  car   mercedes-benz      "170 Sb" <-> "170 Vb"  (170-sb / 170-vb)
  car   mercedes-benz      "170 V" <-> "170 VA"  (170-v / 170-va)
  car   mercedes-benz      "170 V" <-> "170 Vb"  (170-v / 170-vb)
  car   mercedes-benz      "170 VA" <-> "170 Vb"  (170-va / 170-vb)
  car   mercedes-benz      "180 B" <-> "180 C"  (180-b / 180-c)
  car   mercedes-benz      "180 B" <-> "180 D"  (180-b / 180-d)
  car   mercedes-benz      "180 B" <-> "190 B"  (180-b / 190-b)
  car   mercedes-benz      "180 C" <-> "180 D"  (180-c / 180-d)
  car   mercedes-benz      "180 C" <-> "190 C"  (180-c / 190-c)
  car   mercedes-benz      "180 C" <-> "280 C"  (180-c / 280-c)
  car   mercedes-benz      "180 D" <-> "190 D"  (180-d / 190-d)
  car   mercedes-benz      "190 B" <-> "190 C"  (190-b / 190-c)
  car   mercedes-benz      "190 B" <-> "190 D"  (190-b / 190-d)
  car   mercedes-benz      "190 B" <-> "190 E"  (190-b / 190-e)
  car   mercedes-benz      "190 C" <-> "190 D"  (190-c / 190-d)
  car   mercedes-benz      "190 C" <-> "190 DC"  (190-c / 190-dc)
  car   mercedes-benz      "190 C" <-> "190 E"  (190-c / 190-e)
  car   mercedes-benz      "190 D" <-> "190 DC"  (190-d / 190-dc)
  car   mercedes-benz      "190 D" <-> "190 E"  (190-d / 190-e)
  car   mercedes-benz      "200 D" <-> "200 E"  (200-d / 200-e)
  car   mercedes-benz      "200 D" <-> "200 T"  (200-d / 200-t)
  car   mercedes-benz      "200 D" <-> "200TD"  (200-d / 200td)
  car   mercedes-benz      "200 D" <-> "207 D"  (200-d / 207-d)
  car   mercedes-benz      "200 D" <-> "208 D"  (200-d / 208-d)
  car   mercedes-benz      "200 D" <-> "209 D"  (200-d / 209-d)
  car   mercedes-benz      "200 D" <-> "210 D"  (200-d / 210-d)
  car   mercedes-benz      "200 D" <-> "220 D"  (200-d / 220-d)
  car   mercedes-benz      "200 D" <-> "240 D"  (200-d / 240-d)
  car   mercedes-benz      "200 D" <-> "250 D"  (200-d / 250-d)
  car   mercedes-benz      "200 D" <-> "300 D"  (200-d / 300-d)
  car   mercedes-benz      "200 E" <-> "200 GE"  (200-e / 200-ge)
  car   mercedes-benz      "200 E" <-> "200 T"  (200-e / 200-t)
  car   mercedes-benz      "200 E" <-> "200 TE"  (200-e / 200-te)
  car   mercedes-benz      "200 E" <-> "220 E"  (200-e / 220-e)
  car   mercedes-benz      "200 E" <-> "230 E"  (200-e / 230-e)
  car   mercedes-benz      "200 E" <-> "260 E"  (200-e / 260-e)
  car   mercedes-benz      "200 E" <-> "280 E"  (200-e / 280-e)
  car   mercedes-benz      "200 E" <-> "300 E"  (200-e / 300-e)
  car   mercedes-benz      "200 E" <-> "400 E"  (200-e / 400-e)
  car   mercedes-benz      "200 E" <-> "500 E"  (200-e / 500-e)
  car   mercedes-benz      "200 GE" <-> "200 TE"  (200-ge / 200-te)
  car   mercedes-benz      "200 GE" <-> "230 GE"  (200-ge / 230-ge)
  car   mercedes-benz      "200 GE" <-> "280 GE"  (200-ge / 280-ge)
  car   mercedes-benz      "200 GE" <-> "300 GE"  (200-ge / 300-ge)
  car   mercedes-benz      "200 T" <-> "200 TE"  (200-t / 200-te)
  car   mercedes-benz      "200 T" <-> "200TD"  (200-t / 200td)
  car   mercedes-benz      "200 T" <-> "230 T"  (200-t / 230-t)
  car   mercedes-benz      "200 T" <-> "250 T"  (200-t / 250-t)
  car   mercedes-benz      "200 TE" <-> "200TD"  (200-te / 200td)
  car   mercedes-benz      "200 TE" <-> "220 TE"  (200-te / 220-te)
  car   mercedes-benz      "200 TE" <-> "230 TE"  (200-te / 230-te)
  car   mercedes-benz      "200 TE" <-> "280 TE"  (200-te / 280-te)
  car   mercedes-benz      "200 TE" <-> "300 TE"  (200-te / 300-te)
  car   mercedes-benz      "200TD" <-> "240 TD"  (200td / 240-td)
  car   mercedes-benz      "200TD" <-> "250 TD"  (200td / 250-td)
  car   mercedes-benz      "200TD" <-> "300 TD"  (200td / 300-td)
  car   mercedes-benz      "207 D" <-> "208 D"  (207-d / 208-d)
  car   mercedes-benz      "207 D" <-> "209 D"  (207-d / 209-d)
  car   mercedes-benz      "207 D" <-> "307 D"  (207-d / 307-d)
  car   mercedes-benz      "208 D" <-> "209 D"  (208-d / 209-d)
  car   mercedes-benz      "208 D" <-> "308 D"  (208-d / 308-d)
  car   mercedes-benz      "208 D" <-> "408 D"  (208-d / 408-d)
  car   mercedes-benz      "209 D" <-> "309 D"  (209-d / 309-d)
  car   mercedes-benz      "209 D" <-> "609 D"  (209-d / 609-d)
  car   mercedes-benz      "210 D" <-> "212 D"  (210-d / 212-d)
  car   mercedes-benz      "210 D" <-> "220 D"  (210-d / 220-d)
  car   mercedes-benz      "210 D" <-> "240 D"  (210-d / 240-d)
  car   mercedes-benz      "210 D" <-> "250 D"  (210-d / 250-d)
  car   mercedes-benz      "210 D" <-> "310 D"  (210-d / 310-d)
  car   mercedes-benz      "210 D" <-> "410 D"  (210-d / 410-d)
  car   mercedes-benz      "212 D" <-> "312 D"  (212-d / 312-d)
  car   mercedes-benz      "212 D" <-> "412 D"  (212-d / 412-d)
  car   mercedes-benz      "220 A" <-> "220 D"  (220-a / 220-d)
  car   mercedes-benz      "220 A" <-> "220 E"  (220-a / 220-e)
  car   mercedes-benz      "220 A" <-> "220 S"  (220-a / 220-s)
  car   mercedes-benz      "220 CE" <-> "220 E"  (220-ce / 220-e)
  car   mercedes-benz      "220 CE" <-> "220 SE"  (220-ce / 220-se)
  car   mercedes-benz      "220 CE" <-> "220 TE"  (220-ce / 220-te)
  car   mercedes-benz      "220 CE" <-> "230 CE"  (220-ce / 230-ce)
  car   mercedes-benz      "220 CE" <-> "250 CE"  (220-ce / 250-ce)
  car   mercedes-benz      "220 CE" <-> "280 CE"  (220-ce / 280-ce)
  car   mercedes-benz      "220 CE" <-> "320 CE"  (220-ce / 320-ce)
  car   mercedes-benz      "220 D" <-> "220 E"  (220-d / 220-e)
  car   mercedes-benz      "220 D" <-> "220 S"  (220-d / 220-s)
  car   mercedes-benz      "220 D" <-> "240 D"  (220-d / 240-d)
  car   mercedes-benz      "220 D" <-> "250 D"  (220-d / 250-d)
  car   mercedes-benz      "220 E" <-> "220 S"  (220-e / 220-s)
  car   mercedes-benz      "220 E" <-> "220 SE"  (220-e / 220-se)
  car   mercedes-benz      "220 E" <-> "220 TE"  (220-e / 220-te)
  car   mercedes-benz      "220 E" <-> "230 E"  (220-e / 230-e)
  car   mercedes-benz      "220 E" <-> "260 E"  (220-e / 260-e)
  car   mercedes-benz      "220 E" <-> "280 E"  (220-e / 280-e)
  car   mercedes-benz      "220 E" <-> "320 E"  (220-e / 320-e)
  car   mercedes-benz      "220 S" <-> "220 Sb"  (220-s / 220-sb)
  car   mercedes-benz      "220 S" <-> "220 SE"  (220-s / 220-se)
  car   mercedes-benz      "220 S" <-> "230 S"  (220-s / 230-s)
  car   mercedes-benz      "220 S" <-> "250 S"  (220-s / 250-s)
  car   mercedes-benz      "220 S" <-> "280 S"  (220-s / 280-s)
  car   mercedes-benz      "220 Sb" <-> "220 SE"  (220-sb / 220-se)
  car   mercedes-benz      "220 Sb" <-> "220 SEb"  (220-sb / 220-seb)
  car   mercedes-benz      "220 SE" <-> "220 SEb"  (220-se / 220-seb)
  car   mercedes-benz      "220 SE" <-> "220 TE"  (220-se / 220-te)
  car   mercedes-benz      "220 SE" <-> "250 SE"  (220-se / 250-se)
  car   mercedes-benz      "220 SE" <-> "260 SE"  (220-se / 260-se)
  car   mercedes-benz      "220 SE" <-> "280 SE"  (220-se / 280-se)
  car   mercedes-benz      "220 SE" <-> "420 SE"  (220-se / 420-se)
  car   mercedes-benz      "220 SE B/c" <-> "220 SEb"  (220-se-b-c / 220-seb)
  car   mercedes-benz      "220 SEb" <-> "220 Seb/C"  (220-seb / 220-seb-c)
  car   mercedes-benz      "220 TE" <-> "230 TE"  (220-te / 230-te)
  car   mercedes-benz      "220 TE" <-> "280 TE"  (220-te / 280-te)
  car   mercedes-benz      "220 TE" <-> "320 Te"  (220-te / 320-te)
  car   mercedes-benz      "230 B" <-> "230 C"  (230-b / 230-c)
  car   mercedes-benz      "230 B" <-> "230 E"  (230-b / 230-e)
  car   mercedes-benz      "230 B" <-> "230 G"  (230-b / 230-g)
  car   mercedes-benz      "230 B" <-> "230 S"  (230-b / 230-s)
  car   mercedes-benz      "230 B" <-> "230 T"  (230-b / 230-t)
  car   mercedes-benz      "230 C" <-> "230 CE"  (230-c / 230-ce)
  car   mercedes-benz      "230 C" <-> "230 E"  (230-c / 230-e)
  car   mercedes-benz      "230 C" <-> "230 G"  (230-c / 230-g)
  car   mercedes-benz      "230 C" <-> "230 S"  (230-c / 230-s)
  car   mercedes-benz      "230 C" <-> "230 T"  (230-c / 230-t)
  car   mercedes-benz      "230 C" <-> "250 C"  (230-c / 250-c)
  car   mercedes-benz      "230 C" <-> "280 C"  (230-c / 280-c)
  car   mercedes-benz      "230 CE" <-> "230 E"  (230-ce / 230-e)
  car   mercedes-benz      "230 CE" <-> "230 GE"  (230-ce / 230-ge)
  car   mercedes-benz      "230 CE" <-> "230 TE"  (230-ce / 230-te)
  car   mercedes-benz      "230 CE" <-> "250 CE"  (230-ce / 250-ce)
  car   mercedes-benz      "230 CE" <-> "280 CE"  (230-ce / 280-ce)
  car   mercedes-benz      "230 E" <-> "230 G"  (230-e / 230-g)
  car   mercedes-benz      "230 E" <-> "230 GE"  (230-e / 230-ge)
  car   mercedes-benz      "230 E" <-> "230 S"  (230-e / 230-s)
  car   mercedes-benz      "230 E" <-> "230 T"  (230-e / 230-t)
  car   mercedes-benz      "230 E" <-> "230 TE"  (230-e / 230-te)
  car   mercedes-benz      "230 E" <-> "260 E"  (230-e / 260-e)
  car   mercedes-benz      "230 E" <-> "280 E"  (230-e / 280-e)
  car   mercedes-benz      "230 G" <-> "230 GE"  (230-g / 230-ge)
  car   mercedes-benz      "230 G" <-> "230 S"  (230-g / 230-s)
  car   mercedes-benz      "230 G" <-> "230 T"  (230-g / 230-t)
  car   mercedes-benz      "230 GE" <-> "230 TE"  (230-ge / 230-te)
  car   mercedes-benz      "230 GE" <-> "280 GE"  (230-ge / 280-ge)
  car   mercedes-benz      "230 S" <-> "230 SL"  (230-s / 230-sl)
  car   mercedes-benz      "230 S" <-> "230 T"  (230-s / 230-t)
  car   mercedes-benz      "230 S" <-> "250 S"  (230-s / 250-s)
  car   mercedes-benz      "230 S" <-> "280 S"  (230-s / 280-s)
  car   mercedes-benz      "230 SL" <-> "250 SL"  (230-sl / 250-sl)
  car   mercedes-benz      "230 SL" <-> "280 SL"  (230-sl / 280-sl)
  car   mercedes-benz      "230 T" <-> "230 TE"  (230-t / 230-te)
  car   mercedes-benz      "230 T" <-> "250 T"  (230-t / 250-t)
  car   mercedes-benz      "230 TE" <-> "280 TE"  (230-te / 280-te)
  car   mercedes-benz      "240 D" <-> "240 GD"  (240-d / 240-gd)
  car   mercedes-benz      "240 D" <-> "240 TD"  (240-d / 240-td)
  car   mercedes-benz      "240 D" <-> "250 D"  (240-d / 250-d)
  car   mercedes-benz      "240 GD" <-> "240 TD"  (240-gd / 240-td)
  car   mercedes-benz      "240 GD" <-> "250 GD"  (240-gd / 250-gd)
  car   mercedes-benz      "240 GD" <-> "290 GD"  (240-gd / 290-gd)
  car   mercedes-benz      "240 TD" <-> "250 TD"  (240-td / 250-td)
  car   mercedes-benz      "250 C" <-> "250 CE"  (250-c / 250-ce)
  car   mercedes-benz      "250 C" <-> "250 D"  (250-c / 250-d)
  car   mercedes-benz      "250 C" <-> "250 S"  (250-c / 250-s)
  car   mercedes-benz      "250 C" <-> "250 T"  (250-c / 250-t)
  car   mercedes-benz      "250 C" <-> "280 C"  (250-c / 280-c)
  car   mercedes-benz      "250 CE" <-> "250 SE"  (250-ce / 250-se)
  car   mercedes-benz      "250 CE" <-> "280 CE"  (250-ce / 280-ce)
  car   mercedes-benz      "250 D" <-> "250 GD"  (250-d / 250-gd)
  car   mercedes-benz      "250 D" <-> "250 S"  (250-d / 250-s)
  car   mercedes-benz      "250 D" <-> "250 T"  (250-d / 250-t)
  car   mercedes-benz      "250 D" <-> "250 TD"  (250-d / 250-td)
  car   mercedes-benz      "250 GD" <-> "250 TD"  (250-gd / 250-td)
  car   mercedes-benz      "250 GD" <-> "290 GD"  (250-gd / 290-gd)
  car   mercedes-benz      "250 GD" <-> "350 GD"  (250-gd / 350-gd)
  car   mercedes-benz      "250 S" <-> "250 SE"  (250-s / 250-se)
  car   mercedes-benz      "250 S" <-> "250 SL"  (250-s / 250-sl)
  car   mercedes-benz      "250 S" <-> "250 T"  (250-s / 250-t)
  car   mercedes-benz      "250 S" <-> "280 S"  (250-s / 280-s)
  car   mercedes-benz      "250 S" <-> "350 S"  (250-s / 350-s)
  car   mercedes-benz      "250 SE" <-> "250 SEC"  (250-se / 250-sec)
  car   mercedes-benz      "250 SE" <-> "250 SL"  (250-se / 250-sl)
  car   mercedes-benz      "250 SE" <-> "260 SE"  (250-se / 260-se)
  car   mercedes-benz      "250 SE" <-> "280 SE"  (250-se / 280-se)
  car   mercedes-benz      "250 SE" <-> "350 SE"  (250-se / 350-se)
  car   mercedes-benz      "250 SE" <-> "450 SE"  (250-se / 450-se)
  car   mercedes-benz      "250 SL" <-> "280 SL"  (250-sl / 280-sl)
  car   mercedes-benz      "250 SL" <-> "350 SL"  (250-sl / 350-sl)
  car   mercedes-benz      "250 SL" <-> "450 SL"  (250-sl / 450-sl)
  car   mercedes-benz      "250 T" <-> "250 TD"  (250-t / 250-td)
  car   mercedes-benz      "260 E" <-> "260 SE"  (260-e / 260-se)
  car   mercedes-benz      "260 E" <-> "280 E"  (260-e / 280-e)
  car   mercedes-benz      "260 SE" <-> "280 SE"  (260-se / 280-se)
  car   mercedes-benz      "280 C" <-> "280 CE"  (280-c / 280-ce)
  car   mercedes-benz      "280 C" <-> "280 E"  (280-c / 280-e)
  car   mercedes-benz      "280 C" <-> "280 S"  (280-c / 280-s)
  car   mercedes-benz      "280 CE" <-> "280 E"  (280-ce / 280-e)
  car   mercedes-benz      "280 CE" <-> "280 GE"  (280-ce / 280-ge)
  car   mercedes-benz      "280 CE" <-> "280 SE"  (280-ce / 280-se)
  car   mercedes-benz      "280 CE" <-> "280 TE"  (280-ce / 280-te)
  car   mercedes-benz      "280 E" <-> "280 GE"  (280-e / 280-ge)
  car   mercedes-benz      "280 E" <-> "280 S"  (280-e / 280-s)
  car   mercedes-benz      "280 E" <-> "280 SE"  (280-e / 280-se)
  car   mercedes-benz      "280 E" <-> "280 TE"  (280-e / 280-te)
  car   mercedes-benz      "280 GE" <-> "280 SE"  (280-ge / 280-se)
  car   mercedes-benz      "280 GE" <-> "280 TE"  (280-ge / 280-te)
  car   mercedes-benz      "280 S" <-> "280 SE"  (280-s / 280-se)
  car   mercedes-benz      "280 S" <-> "280 SL"  (280-s / 280-sl)
  car   mercedes-benz      "280 SE" <-> "280 SEL"  (280-se / 280-sel)
  car   mercedes-benz      "280 SE" <-> "280 SL"  (280-se / 280-sl)
  car   mercedes-benz      "280 SE" <-> "280 TE"  (280-se / 280-te)
  car   mercedes-benz      "280 SE" <-> "380 SE"  (280-se / 380-se)
  car   mercedes-benz      "280 SEL" <-> "280 SL"  (280-sel / 280-sl)
  car   mercedes-benz      "280 SEL" <-> "380 SEL"  (280-sel / 380-sel)
  car   mercedes-benz      "280 SL" <-> "280 SL/8"  (280-sl / 280-sl-8)
  car   mercedes-benz      "280 SL" <-> "280 SLC"  (280-sl / 280-slc)
  car   mercedes-benz      "280 SL" <-> "280SL/8"  (280-sl / 280sl-8)
  car   mercedes-benz      "280 SL" <-> "380 SL"  (280-sl / 380-sl)
  car   mercedes-benz      "280 SL/8" <-> "280 SLC"  (280-sl-8 / 280-slc)
  car   mercedes-benz      "280 SLC" <-> "280SL/8"  (280-slc / 280sl-8)
  car   mercedes-benz      "280 SLC" <-> "380 SLC"  (280-slc / 380-slc)
  car   mercedes-benz      "300 B" <-> "300 C"  (300-b / 300-c)
  car   mercedes-benz      "300 B" <-> "300 D"  (300-b / 300-d)
  car   mercedes-benz      "300 B" <-> "300 E"  (300-b / 300-e)
  car   mercedes-benz      "300 B" <-> "300 S"  (300-b / 300-s)
  car   mercedes-benz      "300 B" <-> "3000"  (300-b / 3000)
  car   mercedes-benz      "300 C" <-> "300 CD"  (300-c / 300-cd)
  car   mercedes-benz      "300 C" <-> "300 CE"  (300-c / 300-ce)
  car   mercedes-benz      "300 C" <-> "300 D"  (300-c / 300-d)
  car   mercedes-benz      "300 C" <-> "300 E"  (300-c / 300-e)
  car   mercedes-benz      "300 C" <-> "300 S"  (300-c / 300-s)
  car   mercedes-benz      "300 C" <-> "3000"  (300-c / 3000)
  car   mercedes-benz      "300 CD" <-> "300 CE"  (300-cd / 300-ce)
  car   mercedes-benz      "300 CD" <-> "300 D"  (300-cd / 300-d)
  car   mercedes-benz      "300 CD" <-> "300 GD"  (300-cd / 300-gd)
  car   mercedes-benz      "300 CD" <-> "300 SD"  (300-cd / 300-sd)
  car   mercedes-benz      "300 CD" <-> "300 TD"  (300-cd / 300-td)
  car   mercedes-benz      "300 CE" <-> "300 E"  (300-ce / 300-e)
  car   mercedes-benz      "300 CE" <-> "300 GE"  (300-ce / 300-ge)
  car   mercedes-benz      "300 CE" <-> "300 SE"  (300-ce / 300-se)
  car   mercedes-benz      "300 CE" <-> "300 TE"  (300-ce / 300-te)
  car   mercedes-benz      "300 CE" <-> "320 CE"  (300-ce / 320-ce)
  car   mercedes-benz      "300 CE-24" <-> "300 E-24"  (300-ce-24 / 300-e-24)
  car   mercedes-benz      "300 CE-24" <-> "300 TE-24"  (300-ce-24 / 300-te-24)
  car   mercedes-benz      "300 D" <-> "300 E"  (300-d / 300-e)
  car   mercedes-benz      "300 D" <-> "300 GD"  (300-d / 300-gd)
  car   mercedes-benz      "300 D" <-> "300 S"  (300-d / 300-s)
  car   mercedes-benz      "300 D" <-> "300 SD"  (300-d / 300-sd)
  car   mercedes-benz      "300 D" <-> "300 TD"  (300-d / 300-td)
  car   mercedes-benz      "300 D" <-> "3000"  (300-d / 3000)
  car   mercedes-benz      "300 D" <-> "300DT"  (300-d / 300dt)
  car   mercedes-benz      "300 D" <-> "307 D"  (300-d / 307-d)
  car   mercedes-benz      "300 D" <-> "308 D"  (300-d / 308-d)
  car   mercedes-benz      "300 D" <-> "309 D"  (300-d / 309-d)
  car   mercedes-benz      "300 D" <-> "310 D"  (300-d / 310-d)
  car   mercedes-benz      "300 E" <-> "300 GE"  (300-e / 300-ge)
  car   mercedes-benz      "300 E" <-> "300 S"  (300-e / 300-s)
  car   mercedes-benz      "300 E" <-> "300 SE"  (300-e / 300-se)
  car   mercedes-benz      "300 E" <-> "300 TE"  (300-e / 300-te)
  car   mercedes-benz      "300 E" <-> "3000"  (300-e / 3000)
  car   mercedes-benz      "300 E" <-> "320 E"  (300-e / 320-e)
  car   mercedes-benz      "300 E" <-> "400 E"  (300-e / 400-e)
  car   mercedes-benz      "300 E" <-> "500 E"  (300-e / 500-e)
  car   mercedes-benz      "300 E-24" <-> "300 TE-24"  (300-e-24 / 300-te-24)
  car   mercedes-benz      "300 GD" <-> "300 GE"  (300-gd / 300-ge)
  car   mercedes-benz      "300 GD" <-> "300 SD"  (300-gd / 300-sd)
  car   mercedes-benz      "300 GD" <-> "300 TD"  (300-gd / 300-td)
  car   mercedes-benz      "300 GD" <-> "350 GD"  (300-gd / 350-gd)
  car   mercedes-benz      "300 GE" <-> "300 SE"  (300-ge / 300-se)
  car   mercedes-benz      "300 GE" <-> "300 TE"  (300-ge / 300-te)
  car   mercedes-benz      "300 S" <-> "300 SD"  (300-s / 300-sd)
  car   mercedes-benz      "300 S" <-> "300 SE"  (300-s / 300-se)
  car   mercedes-benz      "300 S" <-> "300 SL"  (300-s / 300-sl)
  car   mercedes-benz      "300 S" <-> "3000"  (300-s / 3000)
  car   mercedes-benz      "300 S" <-> "350 S"  (300-s / 350-s)
  car   mercedes-benz      "300 S" <-> "500 S"  (300-s / 500-s)
  car   mercedes-benz      "300 SD" <-> "300 SDL"  (300-sd / 300-sdl)
  car   mercedes-benz      "300 SD" <-> "300 SE"  (300-sd / 300-se)
  car   mercedes-benz      "300 SD" <-> "300 SL"  (300-sd / 300-sl)
  car   mercedes-benz      "300 SD" <-> "300 TD"  (300-sd / 300-td)
  car   mercedes-benz      "300 SDL" <-> "300 SEL"  (300-sdl / 300-sel)
  car   mercedes-benz      "300 SDL" <-> "300 SL"  (300-sdl / 300-sl)
  car   mercedes-benz      "300 SDL" <-> "350 SDL"  (300-sdl / 350-sdl)
  car   mercedes-benz      "300 SE" <-> "300 SEL"  (300-se / 300-sel)
  car   mercedes-benz      "300 SE" <-> "300 SL"  (300-se / 300-sl)
  car   mercedes-benz      "300 SE" <-> "300 TE"  (300-se / 300-te)
  car   mercedes-benz      "300 SE" <-> "350 SE"  (300-se / 350-se)
  car   mercedes-benz      "300 SE" <-> "380 SE"  (300-se / 380-se)
  car   mercedes-benz      "300 SE" <-> "400 SE"  (300-se / 400-se)
  car   mercedes-benz      "300 SE" <-> "500 SE"  (300-se / 500-se)
  car   mercedes-benz      "300 SE" <-> "600 SE"  (300-se / 600-se)
  car   mercedes-benz      "300 SEL" <-> "300 SL"  (300-sel / 300-sl)
  car   mercedes-benz      "300 SEL" <-> "380 SEL"  (300-sel / 380-sel)
  car   mercedes-benz      "300 SEL" <-> "500 SEL"  (300-sel / 500-sel)
  car   mercedes-benz      "300 SEL" <-> "600 SEL"  (300-sel / 600-sel)
  car   mercedes-benz      "300 SL" <-> "320 SL"  (300-sl / 320-sl)
  car   mercedes-benz      "300 SL" <-> "350 SL"  (300-sl / 350-sl)
  car   mercedes-benz      "300 SL" <-> "380 SL"  (300-sl / 380-sl)
  car   mercedes-benz      "300 SL" <-> "500 SL"  (300-sl / 500-sl)
  car   mercedes-benz      "300 SL" <-> "600 SL"  (300-sl / 600-sl)
  car   mercedes-benz      "300 TD" <-> "300 TDT"  (300-td / 300-tdt)
  car   mercedes-benz      "300 TD" <-> "300 TE"  (300-td / 300-te)
  car   mercedes-benz      "300 TDT" <-> "300DT"  (300-tdt / 300dt)
  car   mercedes-benz      "300 TE" <-> "320 Te"  (300-te / 320-te)
  car   mercedes-benz      "307 D" <-> "308 D"  (307-d / 308-d)
  car   mercedes-benz      "307 D" <-> "309 D"  (307-d / 309-d)
  car   mercedes-benz      "308 D" <-> "309 D"  (308-d / 309-d)
  car   mercedes-benz      "308 D" <-> "408 D"  (308-d / 408-d)
  car   mercedes-benz      "309 D" <-> "609 D"  (309-d / 609-d)
  car   mercedes-benz      "310 D" <-> "312 D"  (310-d / 312-d)
  car   mercedes-benz      "310 D" <-> "410 D"  (310-d / 410-d)
  car   mercedes-benz      "312 D" <-> "412 D"  (312-d / 412-d)
  car   mercedes-benz      "320 CE" <-> "320 E"  (320-ce / 320-e)
  car   mercedes-benz      "320 CE" <-> "320 Te"  (320-ce / 320-te)
  car   mercedes-benz      "320 E" <-> "320 Te"  (320-e / 320-te)
  car   mercedes-benz      "320 SL" <-> "350 SL"  (320-sl / 350-sl)
  car   mercedes-benz      "320 SL" <-> "380 SL"  (320-sl / 380-sl)
  car   mercedes-benz      "320 SL" <-> "420 SL"  (320-sl / 420-sl)
  car   mercedes-benz      "350 S" <-> "350 SE"  (350-s / 350-se)
  car   mercedes-benz      "350 S" <-> "350 SL"  (350-s / 350-sl)
  car   mercedes-benz      "350 SDL" <-> "350 SL"  (350-sdl / 350-sl)
  car   mercedes-benz      "350 SE" <-> "350 SL"  (350-se / 350-sl)
  car   mercedes-benz      "350 SE" <-> "380 SE"  (350-se / 380-se)
  car   mercedes-benz      "350 SE" <-> "450 SE"  (350-se / 450-se)
  car   mercedes-benz      "350 SL" <-> "350 SLC"  (350-sl / 350-slc)
  car   mercedes-benz      "350 SL" <-> "380 SL"  (350-sl / 380-sl)
  car   mercedes-benz      "350 SL" <-> "450 SL"  (350-sl / 450-sl)
  car   mercedes-benz      "350 SLC" <-> "380 SLC"  (350-slc / 380-slc)
  car   mercedes-benz      "350 SLC" <-> "450 SLC"  (350-slc / 450-slc)
  car   mercedes-benz      "380 SE" <-> "380 SEC"  (380-se / 380-sec)
  car   mercedes-benz      "380 SE" <-> "380 SEL"  (380-se / 380-sel)
  car   mercedes-benz      "380 SE" <-> "380 SL"  (380-se / 380-sl)
  car   mercedes-benz      "380 SEC" <-> "380 SEL"  (380-sec / 380-sel)
  car   mercedes-benz      "380 SEC" <-> "380 SLC"  (380-sec / 380-slc)
  car   mercedes-benz      "380 SEL" <-> "380 SL"  (380-sel / 380-sl)
  car   mercedes-benz      "380 SL" <-> "380 SLC"  (380-sl / 380-slc)
  car   mercedes-benz      "400 E" <-> "400 SE"  (400-e / 400-se)
  car   mercedes-benz      "400 E" <-> "500 E"  (400-e / 500-e)
  car   mercedes-benz      "400 SE" <-> "420 SE"  (400-se / 420-se)
  car   mercedes-benz      "400 SE" <-> "450 SE"  (400-se / 450-se)
  car   mercedes-benz      "400 SE" <-> "500 SE"  (400-se / 500-se)
  car   mercedes-benz      "400 SE" <-> "600 SE"  (400-se / 600-se)
  car   mercedes-benz      "410 D" <-> "412 D"  (410-d / 412-d)
  car   mercedes-benz      "420 SE" <-> "420 SEC"  (420-se / 420-sec)
  car   mercedes-benz      "420 SE" <-> "420 SEL"  (420-se / 420-sel)
  car   mercedes-benz      "420 SE" <-> "420 SL"  (420-se / 420-sl)
  car   mercedes-benz      "420 SE" <-> "450 SE"  (420-se / 450-se)
  car   mercedes-benz      "420 SEC" <-> "420 SEL"  (420-sec / 420-sel)
  car   mercedes-benz      "420 SEL" <-> "420 SL"  (420-sel / 420-sl)
  car   mercedes-benz      "420 SEL" <-> "450 SEL"  (420-sel / 450-sel)
  car   mercedes-benz      "420 SL" <-> "450 SL"  (420-sl / 450-sl)
  car   mercedes-benz      "450 SE" <-> "450 SEL"  (450-se / 450-sel)
  car   mercedes-benz      "450 SE" <-> "450 SL"  (450-se / 450-sl)
  car   mercedes-benz      "450 SEL" <-> "450 SL"  (450-sel / 450-sl)
  car   mercedes-benz      "450 SL" <-> "450 SLC"  (450-sl / 450-slc)
  car   mercedes-benz      "500 E" <-> "500 S"  (500-e / 500-s)
  car   mercedes-benz      "500 E" <-> "500 SE"  (500-e / 500-se)
  car   mercedes-benz      "500 S" <-> "500 SE"  (500-s / 500-se)
  car   mercedes-benz      "500 S" <-> "500 SL"  (500-s / 500-sl)
  car   mercedes-benz      "500 SE" <-> "500 SEC"  (500-se / 500-sec)
  car   mercedes-benz      "500 SE" <-> "500 SEL"  (500-se / 500-sel)
  car   mercedes-benz      "500 SE" <-> "500 SL"  (500-se / 500-sl)
  car   mercedes-benz      "500 SE" <-> "600 SE"  (500-se / 600-se)
  car   mercedes-benz      "500 SEC" <-> "500 SEL"  (500-sec / 500-sel)
  car   mercedes-benz      "500 SEC" <-> "560 SEC"  (500-sec / 560-sec)
  car   mercedes-benz      "500 SEC" <-> "600 SEC"  (500-sec / 600-sec)
  car   mercedes-benz      "500 SEL" <-> "500 SL"  (500-sel / 500-sl)
  car   mercedes-benz      "500 SEL" <-> "560 SEL"  (500-sel / 560-sel)
  car   mercedes-benz      "500 SEL" <-> "600 SEL"  (500-sel / 600-sel)
  car   mercedes-benz      "500 SL" <-> "560 SL"  (500-sl / 560-sl)
  car   mercedes-benz      "500 SL" <-> "600 SL"  (500-sl / 600-sl)
  car   mercedes-benz      "560 SEC" <-> "560 SEL"  (560-sec / 560-sel)
  car   mercedes-benz      "560 SEL" <-> "560 SL"  (560-sel / 560-sl)
  car   mercedes-benz      "600 SE" <-> "600 SEC"  (600-se / 600-sec)
  car   mercedes-benz      "600 SE" <-> "600 SEL"  (600-se / 600-sel)
  car   mercedes-benz      "600 SE" <-> "600 SL"  (600-se / 600-sl)
  car   mercedes-benz      "600 SEC" <-> "600 SEL"  (600-sec / 600-sel)
  car   mercedes-benz      "600 SEL" <-> "600 SL"  (600-sel / 600-sl)
  car   mercedes-benz      "614 D" <-> "814 D"  (614-d / 814-d)
  car   mercedes-benz      "814 D" <-> "814 Da"  (814-d / 814-da)
  car   mercedes-benz      "A-Class" <-> "B-Class"  (a-class / b-class)
  car   mercedes-benz      "A-Class" <-> "C-Class"  (a-class / c-class)
  car   mercedes-benz      "A-Class" <-> "E-Class"  (a-class / e-class)
  car   mercedes-benz      "A-Class" <-> "G-Class"  (a-class / g-class)
  car   mercedes-benz      "A-Class" <-> "R-Class"  (a-class / r-class)
  car   mercedes-benz      "A-Class" <-> "S-Class"  (a-class / s-class)
  car   mercedes-benz      "A-Class" <-> "T-Class"  (a-class / t-class)
  car   mercedes-benz      "A-Class" <-> "V-Class"  (a-class / v-class)
  car   mercedes-benz      "B-Class" <-> "C-Class"  (b-class / c-class)
  car   mercedes-benz      "B-Class" <-> "E-Class"  (b-class / e-class)
  car   mercedes-benz      "B-Class" <-> "G-Class"  (b-class / g-class)
  car   mercedes-benz      "B-Class" <-> "R-Class"  (b-class / r-class)
  car   mercedes-benz      "B-Class" <-> "S-Class"  (b-class / s-class)
  car   mercedes-benz      "B-Class" <-> "T-Class"  (b-class / t-class)
  car   mercedes-benz      "B-Class" <-> "V-Class"  (b-class / v-class)
  car   mercedes-benz      "Benz" <-> "Binz"  (benz / binz)
  car   mercedes-benz      "C-Class" <-> "E-Class"  (c-class / e-class)
  car   mercedes-benz      "C-Class" <-> "G-Class"  (c-class / g-class)
  car   mercedes-benz      "C-Class" <-> "R-Class"  (c-class / r-class)
  car   mercedes-benz      "C-Class" <-> "S-Class"  (c-class / s-class)
  car   mercedes-benz      "C-Class" <-> "T-Class"  (c-class / t-class)
  car   mercedes-benz      "C-Class" <-> "V-Class"  (c-class / v-class)
  car   mercedes-benz      "Clase" <-> "Classe"  (clase / classe)
  car   mercedes-benz      "E-Class" <-> "G-Class"  (e-class / g-class)
  car   mercedes-benz      "E-Class" <-> "R-Class"  (e-class / r-class)
  car   mercedes-benz      "E-Class" <-> "S-Class"  (e-class / s-class)
  car   mercedes-benz      "E-Class" <-> "T-Class"  (e-class / t-class)
  car   mercedes-benz      "E-Class" <-> "V-Class"  (e-class / v-class)
  car   mercedes-benz      "G-Class" <-> "R-Class"  (g-class / r-class)
  car   mercedes-benz      "G-Class" <-> "S-Class"  (g-class / s-class)
  car   mercedes-benz      "G-Class" <-> "T-Class"  (g-class / t-class)
  car   mercedes-benz      "G-Class" <-> "V-Class"  (g-class / v-class)
  car   mercedes-benz      "R-Class" <-> "S-Class"  (r-class / s-class)
  car   mercedes-benz      "R-Class" <-> "T-Class"  (r-class / t-class)
  car   mercedes-benz      "R-Class" <-> "V-Class"  (r-class / v-class)
  car   mercedes-benz      "S-Class" <-> "T-Class"  (s-class / t-class)
  car   mercedes-benz      "S-Class" <-> "V-Class"  (s-class / v-class)
  car   mercedes-benz      "T-Class" <-> "V-Class"  (t-class / v-class)
  car   mercury            "Cougar" <-> "Gougar"  (cougar / gougar)
  car   mercury            "Mont Clair" <-> "Monteclair"  (mont-clair / monteclair)
  car   mg                 "1100" <-> "1300"  (1100 / 1300)
  car   mg                 "1100" <-> "1500"  (1100 / 1500)
  car   mg                 "1300" <-> "1500"  (1300 / 1500)
  car   mg                 "MGS5 EV" <-> "MGS6 EV"  (mgs5-ev / mgs6-ev)
  car   mini               "1000" <-> "1100"  (1000 / 1100)
  car   mini               "Aceman" <-> "Paceman"  (aceman / paceman)
  car   mitsubishi         "L300" <-> "L400"  (l300 / l400)
  car   mitsubishi         "Minica" <-> "Minicab"  (minica / minicab)
  car   morgan             "Aero" <-> "Aero 8"  (aero / aero-8)
  car   morgan             "Plus 4" <-> "Plus 6"  (plus-4 / plus-6)
  car   morgan             "Plus 4" <-> "Plus 8"  (plus-4 / plus-8)
  car   morgan             "Plus 6" <-> "Plus 8"  (plus-6 / plus-8)
  car   morris             "1000" <-> "1100"  (1000 / 1100)
  car   morris             "1000" <-> "1300"  (1000 / 1300)
  car   morris             "1000" <-> "1800"  (1000 / 1800)
  car   morris             "1100" <-> "1300"  (1100 / 1300)
  car   morris             "1100" <-> "1800"  (1100 / 1800)
  car   morris             "1300" <-> "1800"  (1300 / 1800)
  car   morris             "Cooper" <-> "Cooper S"  (cooper / cooper-s)
  car   morris             "Eight Series" <-> "Eight Series I"  (eight-series / eight-series-i)
  car   morris             "Mini 850" <-> "Mini 850 L"  (mini-850 / mini-850-l)
  car   morris             "Mini Cooper" <-> "Mini Cooper S"  (mini-cooper / mini-cooper-s)
  car   morris             "Minor" <-> "Minor 8"  (minor / minor-8)
  car   nilsson            "Hearse 3D" <-> "Hearse 5D"  (hearse-3d / hearse-5d)
  car   nissan             "200SX" <-> "240SX"  (200sx / 240sx)
  car   nissan             "2402" <-> "240Z"  (2402 / 240z)
  car   nissan             "350 Z" <-> "370 Z"  (350-z / 370-z)
  car   nissan             "Fairlady" <-> "Fairlady Z"  (fairlady / fairlady-z)
  car   nissan             "Leaf" <-> "Leaf S"  (leaf / leaf-s)
  car   nissan             "Terra" <-> "Xterra"  (terra / xterra)
  car   nsu                "1000" <-> "1200"  (1000 / 1200)
  car   nsu                "Prinz" <-> "Prinz 4"  (prinz / prinz-4)
  car   nsu                "R080" <-> "Ro 80"  (r080 / ro-80)
  car   oldsmobile         "Cutlas" <-> "Cutlass"  (cutlas / cutlass)
  car   oldsmobile         "Cutlass" <-> "Cutlass S"  (cutlass / cutlass-s)
  car   oldsmobile         "Delta 88" <-> "Delta 98"  (delta-88 / delta-98)
  car   oldsmobile         "Ninety-Eight" <-> "Ninty-Eight"  (ninety-eight / ninty-eight)
  car   oldsmobile         "Tornado" <-> "Toronado"  (tornado / toronado)
  car   omoda              "Omoda 5" <-> "Omoda 7"  (omoda-5 / omoda-7)
  car   omoda              "Omoda 5" <-> "Omoda 9"  (omoda-5 / omoda-9)
  car   omoda              "Omoda 5" <-> "Omoda E5"  (omoda-5 / omoda-e5)
  car   omoda              "Omoda 7" <-> "Omoda 9"  (omoda-7 / omoda-9)
  car   opel               "Ampera" <-> "Ampera-e"  (ampera / ampera-e)
  car   opel               "Commodore" <-> "Commodore A"  (commodore / commodore-a)
  car   opel               "Manta" <-> "Manta A"  (manta / manta-a)
  car   opel               "Manta" <-> "Manta B"  (manta / manta-b)
  car   opel               "Manta A" <-> "Manta B"  (manta-a / manta-b)
  car   peugeot            "1007" <-> "107"  (1007 / 107)
  car   peugeot            "1007" <-> "4007"  (1007 / 4007)
  car   peugeot            "2008" <-> "208"  (2008 / 208)
  car   peugeot            "2008" <-> "3008"  (2008 / 3008)
  car   peugeot            "2008" <-> "4008"  (2008 / 4008)
  car   peugeot            "2008" <-> "5008"  (2008 / 5008)
  car   peugeot            "2008" <-> "E-2008"  (2008 / e-2008)
  car   peugeot            "230 L" <-> "280 L"  (230-l / 280-l)
  car   peugeot            "230L" <-> "280 L"  (230l / 280-l)
  car   peugeot            "3008" <-> "308"  (3008 / 308)
  car   peugeot            "3008" <-> "4008"  (3008 / 4008)
  car   peugeot            "3008" <-> "5008"  (3008 / 5008)
  car   peugeot            "4007" <-> "4008"  (4007 / 4008)
  car   peugeot            "4007" <-> "407"  (4007 / 407)
  car   peugeot            "4008" <-> "408"  (4008 / 408)
  car   peugeot            "4008" <-> "5008"  (4008 / 5008)
  car   peugeot            "5008" <-> "508"  (5008 / 508)
  car   peugeot            "5008" <-> "E-5008"  (5008 / e-5008)
  car   peugeot            "E-2008" <-> "E-208"  (e-2008 / e-208)
  car   peugeot            "E-2008" <-> "E-5008"  (e-2008 / e-5008)
  car   plymouth           "Baracuda" <-> "Barracuda"  (baracuda / barracuda)
  car   plymouth           "Belvedere" <-> "Belverdere"  (belvedere / belverdere)
  car   plymouth           "Fury" <-> "Fury 2"  (fury / fury-2)
  car   plymouth           "Fury" <-> "Fury 3"  (fury / fury-3)
  car   plymouth           "Fury 2" <-> "Fury 3"  (fury-2 / fury-3)
  car   plymouth           "Satelite" <-> "Satellite"  (satelite / satellite)
  car   polestar           "Polestar 2" <-> "Polestar 3"  (polestar-2 / polestar-3)
  car   polestar           "Polestar 2" <-> "Polestar 4"  (polestar-2 / polestar-4)
  car   polestar           "Polestar 3" <-> "Polestar 4"  (polestar-3 / polestar-4)
  car   proton             "E.mas 5" <-> "E.mas 7"  (e-mas-5 / e-mas-7)
  car   rambler            "Classic" <-> "Classic 6"  (classic / classic-6)
  car   rolls-royce        "Corniche" <-> "Corniche 2"  (corniche / corniche-2)
  car   rolls-royce        "Phantom" <-> "Phantom 1"  (phantom / phantom-1)
  car   rolls-royce        "Phantom" <-> "Phantom 2"  (phantom / phantom-2)
  car   rolls-royce        "Phantom" <-> "Phantom I"  (phantom / phantom-i)
  car   rolls-royce        "Phantom 1" <-> "Phantom 2"  (phantom-1 / phantom-2)
  car   rolls-royce        "Phantom 1" <-> "Phantom I"  (phantom-1 / phantom-i)
  car   rolls-royce        "Phantom 2" <-> "Phantom I"  (phantom-2 / phantom-i)
  car   rolls-royce        "Silver Cloud" <-> "Silver Cloud 1"  (silver-cloud / silver-cloud-1)
  car   rolls-royce        "Silver Cloud" <-> "Silver Cloud 2"  (silver-cloud / silver-cloud-2)
  car   rolls-royce        "Silver Cloud" <-> "Silver Cloud 3"  (silver-cloud / silver-cloud-3)
  car   rolls-royce        "Silver Cloud" <-> "Silver-Cloud I"  (silver-cloud / silver-cloud-i)
  car   rolls-royce        "Silver Cloud 1" <-> "Silver Cloud 11"  (silver-cloud-1 / silver-cloud-11)
  car   rolls-royce        "Silver Cloud 1" <-> "Silver Cloud 2"  (silver-cloud-1 / silver-cloud-2)
  car   rolls-royce        "Silver Cloud 1" <-> "Silver Cloud 3"  (silver-cloud-1 / silver-cloud-3)
  car   rolls-royce        "Silver Cloud 1" <-> "Silver-Cloud I"  (silver-cloud-1 / silver-cloud-i)
  car   rolls-royce        "Silver Cloud 2" <-> "Silver Cloud 3"  (silver-cloud-2 / silver-cloud-3)
  car   rolls-royce        "Silver Cloud 2" <-> "Silver-Cloud I"  (silver-cloud-2 / silver-cloud-i)
  car   rolls-royce        "Silver Cloud 3" <-> "Silver-Cloud I"  (silver-cloud-3 / silver-cloud-i)
  car   rolls-royce        "Silver Shadow" <-> "Silver Shadow 1"  (silver-shadow / silver-shadow-1)
  car   rolls-royce        "Silver Shadow" <-> "Silver Shadow 2"  (silver-shadow / silver-shadow-2)
  car   rolls-royce        "Silver Shadow" <-> "Silver Shadow I"  (silver-shadow / silver-shadow-i)
  car   rolls-royce        "Silver Shadow 1" <-> "Silver Shadow 2"  (silver-shadow-1 / silver-shadow-2)
  car   rolls-royce        "Silver Shadow 1" <-> "Silver Shadow I"  (silver-shadow-1 / silver-shadow-i)
  car   rolls-royce        "Silver Shadow 2" <-> "Silver Shadow I"  (silver-shadow-2 / silver-shadow-i)
  car   rolls-royce        "Silver Spirit" <-> "Silver Spirit 2"  (silver-spirit / silver-spirit-2)
  car   rover              "2000" <-> "2200"  (2000 / 2200)
  car   rover              "2000" <-> "2300"  (2000 / 2300)
  car   rover              "2000" <-> "2600"  (2000 / 2600)
  car   rover              "2200" <-> "2300"  (2200 / 2300)
  car   rover              "2200" <-> "2600"  (2200 / 2600)
  car   rover              "2300" <-> "2600"  (2300 / 2600)
  car   rover              "2600" <-> "600"  (2600 / 600)
  car   rover              "3.5 Litre" <-> "3 Litre"  (3-5-litre / 3-litre)
  car   saab               "900 T" <-> "9000"  (900-t / 9000)
  car   saturn             "L200" <-> "L300"  (l200 / l300)
  car   seat               "Arona" <-> "Arosa"  (arona / arosa)
  car   seat               "Ibiza" <-> "Ibiza 1"  (ibiza / ibiza-1)
  car   simca              "1000" <-> "1100"  (1000 / 1100)
  car   simca              "1000" <-> "1200"  (1000 / 1200)
  car   simca              "1000" <-> "1300"  (1000 / 1300)
  car   simca              "1000" <-> "1500"  (1000 / 1500)
  car   simca              "1100" <-> "1200"  (1100 / 1200)
  car   simca              "1100" <-> "1300"  (1100 / 1300)
  car   simca              "1100" <-> "1500"  (1100 / 1500)
  car   simca              "1200" <-> "1300"  (1200 / 1300)
  car   simca              "1200" <-> "1500"  (1200 / 1500)
  car   simca              "1300" <-> "1301"  (1300 / 1301)
  car   simca              "1300" <-> "1500"  (1300 / 1500)
  car   simca              "1301" <-> "1501"  (1301 / 1501)
  car   simca              "1500" <-> "1501"  (1500 / 1501)
  car   singer             "Sport" <-> "Sports"  (sport / sports)
  car   skoda              "110 L" <-> "1100"  (110-l / 1100)
  car   skoda              "110 L" <-> "1102"  (110-l / 1102)
  car   skoda              "110 L" <-> "110R"  (110-l / 110r)
  car   skoda              "110 L" <-> "120 L"  (110-l / 120-l)
  car   skoda              "1100" <-> "1102"  (1100 / 1102)
  car   skoda              "1100" <-> "110R"  (1100 / 110r)
  car   skoda              "1100" <-> "1200"  (1100 / 1200)
  car   skoda              "1102" <-> "110R"  (1102 / 110r)
  car   skoda              "1102" <-> "1202"  (1102 / 1202)
  car   skoda              "120 GLS" <-> "120 LS"  (120-gls / 120-ls)
  car   skoda              "120 L" <-> "120 LS"  (120-l / 120-ls)
  car   skoda              "120 L" <-> "1200"  (120-l / 1200)
  car   skoda              "120 L" <-> "1202"  (120-l / 1202)
  car   skoda              "1200" <-> "1202"  (1200 / 1202)
  car   smart              "#1 Brabus" <-> "#3 Brabus"  (1-brabus / 3-brabus)
  car   smart              "#1 Brabus" <-> "Brabus"  (1-brabus / brabus)
  car   smart              "#3 Brabus" <-> "Brabus"  (3-brabus / brabus)
  car   smart              "Fortwo" <-> "Fourtwo"  (fortwo / fourtwo)
  car   studebaker         "Lark" <-> "Lark 8"  (lark / lark-8)
  car   subaru             "1400" <-> "1600"  (1400 / 1600)
  car   subaru             "1400" <-> "1800"  (1400 / 1800)
  car   subaru             "1600" <-> "1800"  (1600 / 1800)
  car   subaru             "E-Outback" <-> "Outback"  (e-outback / outback)
  car   suzuki             "Across" <-> "S-Cross"  (across / s-cross)
  car   suzuki             "E Vitara" <-> "Vitara"  (e-vitara / vitara)
  car   suzuki             "Kizashi" <-> "Kizashi S"  (kizashi / kizashi-s)
  car   suzuki             "Samurai" <-> "Samurai J"  (samurai / samurai-j)
  car   suzuki             "Sj 40" <-> "SJ410"  (sj-40 / sj410)
  car   suzuki             "Sj 410V" <-> "SJ410"  (sj-410v / sj410)
  car   suzuki             "Sj 410V" <-> "SJ410Q"  (sj-410v / sj410q)
  car   suzuki             "SJ40" <-> "SJ410"  (sj40 / sj410)
  car   suzuki             "SJ410" <-> "SJ410Q"  (sj410 / sj410q)
  car   suzuki             "SJ410" <-> "SJ413"  (sj410 / sj413)
  car   suzuki             "Wagon" <-> "Wagon R"  (wagon / wagon-r)
  car   swm                "G01F" <-> "G03F"  (g01f / g03f)
  car   tesla              "Model 3" <-> "Model S"  (model-3 / model-s)
  car   tesla              "Model 3" <-> "Model X"  (model-3 / model-x)
  car   tesla              "Model 3" <-> "Model Y"  (model-3 / model-y)
  car   tesla              "Model S" <-> "Model X"  (model-s / model-x)
  car   tesla              "Model S" <-> "Model Y"  (model-s / model-y)
  car   tesla              "Model X" <-> "Model Y"  (model-x / model-y)
  car   toyota             "Aygo" <-> "Aygo X"  (aygo / aygo-x)
  car   toyota             "Carina" <-> "Carina E"  (carina / carina-e)
  car   toyota             "GR86" <-> "GT86"  (gr86 / gt86)
  car   toyota             "Land Cruiser" <-> "Landcruiser 3"  (land-cruiser / landcruiser-3)
  car   toyota             "Mark" <-> "Mark X"  (mark / mark-x)
  car   toyota             "Paseo" <-> "Passo"  (paseo / passo)
  car   toyota             "Prius" <-> "Prius C"  (prius / prius-c)
  car   toyota             "RAV4" <-> "RAV4 2"  (rav4 / rav4-2)
  car   toyota             "Sienna" <-> "Sienta"  (sienna / sienta)
  car   toyota             "Verso" <-> "Verso-S"  (verso / verso-s)
  car   trabant            "P 601 LS" <-> "P 601 LX"  (p-601-ls / p-601-lx)
  car   trabant            "P 601 LS" <-> "P601L"  (p-601-ls / p601l)
  car   trabant            "P 601 LX" <-> "P601L"  (p-601-lx / p601l)
  car   trabant            "P601" <-> "P601 K"  (p601 / p601-k)
  car   trabant            "P601" <-> "P601L"  (p601 / p601l)
  car   trabant            "P601 K" <-> "P601L"  (p601-k / p601l)
  car   triumph            "1300" <-> "1500"  (1300 / 1500)
  car   triumph            "1300 Tc" <-> "1500 Tc"  (1300-tc / 1500-tc)
  car   triumph            "1500" <-> "2500"  (1500 / 2500)
  car   triumph            "1500 Tc" <-> "2500 Tc"  (1500-tc / 2500-tc)
  car   triumph            "2000" <-> "2500"  (2000 / 2500)
  car   triumph            "2500" <-> "2500 S"  (2500 / 2500-s)
  car   triumph            "GT6 MK2" <-> "GT6 Mk3"  (gt6-mk2 / gt6-mk3)
  car   triumph            "Herald 12/50" <-> "Herald 1200"  (herald-12-50 / herald-1200)
  car   triumph            "Spitfire" <-> "Spitfire 4"  (spitfire / spitfire-4)
  car   triumph            "Spitfire Mk" <-> "Spitfire Mk2"  (spitfire-mk / spitfire-mk2)
  car   triumph            "Spitfire Mk" <-> "Spitfire Mk3"  (spitfire-mk / spitfire-mk3)
  car   triumph            "Spitfire Mk" <-> "Spitfire Mk4"  (spitfire-mk / spitfire-mk4)
  car   triumph            "Spitfire Mk" <-> "SPITFIREMK3"  (spitfire-mk / spitfiremk3)
  car   triumph            "Spitfire Mk2" <-> "Spitfire Mk3"  (spitfire-mk2 / spitfire-mk3)
  car   triumph            "Spitfire Mk2" <-> "Spitfire Mk4"  (spitfire-mk2 / spitfire-mk4)
  car   triumph            "Spitfire Mk2" <-> "SPITFIREMK3"  (spitfire-mk2 / spitfiremk3)
  car   triumph            "Spitfire Mk3" <-> "Spitfire Mk4"  (spitfire-mk3 / spitfire-mk4)
  car   triumph            "Spitfire Mk4" <-> "SPITFIREMK3"  (spitfire-mk4 / spitfiremk3)
  car   triumph            "TR3A" <-> "TR4A"  (tr3a / tr4a)
  car   triumph            "TR4 Irs" <-> "TR4A Irs"  (tr4-irs / tr4a-irs)
  car   triumph            "TR5 PI" <-> "TR6 PI"  (tr5-pi / tr6-pi)
  car   triumph            "Vitesse" <-> "Vitesse 6"  (vitesse / vitesse-6)
  car   tvr                "3000 M" <-> "3000S"  (3000-m / 3000s)
  car   tvr                "Chimaera" <-> "Chimera"  (chimaera / chimera)
  car   tvr                "T350C" <-> "T350T"  (t350c / t350t)
  car   tvr                "Tuscan" <-> "Tuscan S"  (tuscan / tuscan-s)
  car   vauxhall           "Grandland" <-> "Grandland X"  (grandland / grandland-x)
  car   volkswagen         "1100" <-> "1200"  (1100 / 1200)
  car   volkswagen         "1100" <-> "1500"  (1100 / 1500)
  car   volkswagen         "1100" <-> "1600"  (1100 / 1600)
  car   volkswagen         "1200" <-> "1500"  (1200 / 1500)
  car   volkswagen         "1200" <-> "1600"  (1200 / 1600)
  car   volkswagen         "1500" <-> "1500 S"  (1500 / 1500-s)
  car   volkswagen         "1500" <-> "1600"  (1500 / 1600)
  car   volkswagen         "E-Golf" <-> "Golf"  (e-golf / golf)
  car   volvo              "1800E" <-> "1800ES"  (1800e / 1800es)
  car   volvo              "1800E" <-> "1800S"  (1800e / 1800s)
  car   volvo              "1800ES" <-> "1800S"  (1800es / 1800s)
  car   volvo              "EC40" <-> "EX40"  (ec40 / ex40)
  car   volvo              "EC40" <-> "XC40"  (ec40 / xc40)
  car   volvo              "ES90" <-> "EX90"  (es90 / ex90)
  car   volvo              "ES90" <-> "S90"  (es90 / s90)
  car   volvo              "EX30" <-> "EX40"  (ex30 / ex40)
  car   volvo              "EX30" <-> "EX60"  (ex30 / ex60)
  car   volvo              "EX30" <-> "EX90"  (ex30 / ex90)
  car   volvo              "EX40" <-> "EX60"  (ex40 / ex60)
  car   volvo              "EX40" <-> "EX90"  (ex40 / ex90)
  car   volvo              "EX60" <-> "EX90"  (ex60 / ex90)
  car   volvo              "L 3314" <-> "L 3314 A"  (l-3314 / l-3314-a)
  car   volvo              "L 3314" <-> "L3304"  (l-3314 / l3304)
  car   volvo              "M+V50" <-> "V50"  (m-v50 / v50)
  car   volvo              "PV444" <-> "PV544"  (pv444 / pv544)
  car   volvo              "PV60" <-> "V60"  (pv60 / v60)
  car   volvo              "S60 Cross Country" <-> "V60 Cross Country"  (s60-cross-country / v60-cross-country)
  car   volvo              "V60 Cross Country" <-> "V90 Cross Country"  (v60-cross-country / v90-cross-country)
  car   volvo              "XC40" <-> "XC60"  (xc40 / xc60)
  car   volvo              "XC40" <-> "XC70"  (xc40 / xc70)
  car   volvo              "XC40" <-> "XC90"  (xc40 / xc90)
  car   volvo              "XC60" <-> "XC70"  (xc60 / xc70)
  car   volvo              "XC60" <-> "XC90"  (xc60 / xc90)
  car   volvo              "XC70" <-> "XC90"  (xc70 / xc90)
  car   willys             "Cj-3A" <-> "CJ-3B"  (cj-3a / cj-3b)
  car   willys             "Cj-3A" <-> "CJ2A"  (cj-3a / cj2a)
  car   willys             "Jeep Cj 5" <-> "Jeep CJ6"  (jeep-cj-5 / jeep-cj6)
  car   willys             "Jeep CJ5" <-> "Jeep CJ6"  (jeep-cj5 / jeep-cj6)
  car   wolseley           "1100" <-> "1300"  (1100 / 1300)
  car   wolseley           "1100" <-> "1500"  (1100 / 1500)
  car   wolseley           "1300" <-> "1500"  (1300 / 1500)
  car   xiaomi             "SU7 Max" <-> "YU7 Max"  (su7-max / yu7-max)
  moped agm                "Goccia GEV1000" <-> "Goccia GEV2000"  (goccia-gev1000 / goccia-gev2000)
  moped aprilia            "RS50" <-> "RX50"  (rs50 / rx50)
  moped aprilia            "RX50" <-> "SX50"  (rx50 / sx50)
  moped aprilia            "RX50 Factory" <-> "SX50 Factory"  (rx50-factory / sx50-factory)
  moped aprilia            "SR AC" <-> "SR LC"  (sr-ac / sr-lc)
  moped aprilia            "SR50" <-> "SR50R"  (sr50 / sr50r)
  moped aprilia            "SR50" <-> "SX50"  (sr50 / sx50)
  moped aprilia            "SR50" <-> "SXR50"  (sr50 / sxr50)
  moped aprilia            "SX50" <-> "SXR50"  (sx50 / sxr50)
  moped baotian            "BT49QT" <-> "BT49QT-7"  (bt49qt / bt49qt-7)
  moped baotian            "BT49QT" <-> "BT49QT-9"  (bt49qt / bt49qt-9)
  moped baotian            "BT49QT-11" <-> "BT49QT-12"  (bt49qt-11 / bt49qt-12)
  moped baotian            "BT49QT-11" <-> "BT49QT-21"  (bt49qt-11 / bt49qt-21)
  moped baotian            "BT49QT-12" <-> "BT49QT-12E"  (bt49qt-12 / bt49qt-12e)
  moped baotian            "BT49QT-12C1" <-> "BT49QT-12E1"  (bt49qt-12c1 / bt49qt-12e1)
  moped baotian            "BT49QT-12E" <-> "BT49QT-12E1"  (bt49qt-12e / bt49qt-12e1)
  moped baotian            "BT49QT-20B2" <-> "BT49QT-20B3"  (bt49qt-20b2 / bt49qt-20b3)
  moped baotian            "BT49QT-7" <-> "BT49QT-9"  (bt49qt-7 / bt49qt-9)
  moped baotian            "BT49QT-9" <-> "BTM49QT-9"  (bt49qt-9 / btm49qt-9)
  moped baotian            "BT49QT-9D1" <-> "BT49QT-9D4"  (bt49qt-9d1 / bt49qt-9d4)
  moped btc                "Riva" <-> "Riva 2"  (riva / riva-2)
  moped chatenet           "CH16" <-> "CH26"  (ch16 / ch26)
  moped chatenet           "CH16" <-> "CH46"  (ch16 / ch46)
  moped chatenet           "CH22" <-> "CH26"  (ch22 / ch26)
  moped chatenet           "CH22" <-> "CH28"  (ch22 / ch28)
  moped chatenet           "CH26" <-> "CH28"  (ch26 / ch28)
  moped chatenet           "CH26" <-> "CH46"  (ch26 / ch46)
  moped chatenet           "CH40" <-> "CH46"  (ch40 / ch46)
  moped derbi              "GP1 50" <-> "GPR 50"  (gp1-50 / gpr-50)
  moped garia              "Monaco" <-> "Monaco 4"  (monaco / monaco-4)
  moped govecs             "GO! S2.4" <-> "GO! T2.4"  (go-s2-4 / go-t2-4)
  moped haibike            "Sduro Trekking S8.0 Herren" <-> "Sduro Trekking S9.0 Herren"  (sduro-trekking-s8-0-herren / sduro-trekking-s9-0-herren)
  moped honda              "AC01" <-> "AC05"  (ac01 / ac05)
  moped honda              "AC01" <-> "AD01"  (ac01 / ad01)
  moped honda              "AC01" <-> "AF01"  (ac01 / af01)
  moped honda              "AD0 9" <-> "AD01"  (ad0-9 / ad01)
  moped honda              "AD01" <-> "AF01"  (ad01 / af01)
  moped honda              "AF01" <-> "AF61"  (af01 / af61)
  moped honda              "C100" <-> "C102"  (c100 / c102)
  moped honda              "C100" <-> "C110"  (c100 / c110)
  moped honda              "C50C" <-> "C50E"  (c50c / c50e)
  moped honda              "C50C" <-> "C50J"  (c50c / c50j)
  moped honda              "C50C" <-> "C50K"  (c50c / c50k)
  moped honda              "C50E" <-> "C50J"  (c50e / c50j)
  moped honda              "C50E" <-> "C50K"  (c50e / c50k)
  moped honda              "C50E" <-> "P50E"  (c50e / p50e)
  moped honda              "C50J" <-> "C50K"  (c50j / c50k)
  moped honda              "C50J" <-> "CB50J"  (c50j / cb50j)
  moped honda              "C50J" <-> "Z50J"  (c50j / z50j)
  moped honda              "CB50" <-> "CB50J"  (cb50 / cb50j)
  moped honda              "CB50" <-> "CD50"  (cb50 / cd50)
  moped honda              "CB50" <-> "CF50"  (cb50 / cf50)
  moped honda              "CB50" <-> "CL50"  (cb50 / cl50)
  moped honda              "CB50" <-> "CT50"  (cb50 / ct50)
  moped honda              "CB50" <-> "CUB50"  (cb50 / cub50)
  moped honda              "CB50" <-> "CY50"  (cb50 / cy50)
  moped honda              "CB50" <-> "MB50"  (cb50 / mb50)
  moped honda              "CB50J" <-> "CB50JE"  (cb50j / cb50je)
  moped honda              "CD50" <-> "CD90"  (cd50 / cd90)
  moped honda              "CD50" <-> "CF50"  (cd50 / cf50)
  moped honda              "CD50" <-> "CL50"  (cd50 / cl50)
  moped honda              "CD50" <-> "CT50"  (cd50 / ct50)
  moped honda              "CD50" <-> "CY50"  (cd50 / cy50)
  moped honda              "CD50" <-> "MD50"  (cd50 / md50)
  moped honda              "CF50" <-> "CL50"  (cf50 / cl50)
  moped honda              "CF50" <-> "CT50"  (cf50 / ct50)
  moped honda              "CF50" <-> "CY50"  (cf50 / cy50)
  moped honda              "CF50" <-> "PF50"  (cf50 / pf50)
  moped honda              "CL50" <-> "CT50"  (cl50 / ct50)
  moped honda              "CL50" <-> "CY50"  (cl50 / cy50)
  moped honda              "CL50" <-> "XL50"  (cl50 / xl50)
  moped honda              "CL50 Benley" <-> "CL50 Benly"  (cl50-benley / cl50-benly)
  moped honda              "CT50" <-> "CY50"  (ct50 / cy50)
  moped honda              "CT50" <-> "MT50"  (ct50 / mt50)
  moped honda              "CT50" <-> "ST50"  (ct50 / st50)
  moped honda              "Gyro" <-> "Gyro X"  (gyro / gyro-x)
  moped honda              "MB50" <-> "MBX50"  (mb50 / mbx50)
  moped honda              "MB50" <-> "MD50"  (mb50 / md50)
  moped honda              "MB50" <-> "MT50"  (mb50 / mt50)
  moped honda              "MBX50" <-> "MTX50"  (mbx50 / mtx50)
  moped honda              "MD50" <-> "MT50"  (md50 / mt50)
  moped honda              "Monkey Z50" <-> "Monkey Z50A"  (monkey-z50 / monkey-z50a)
  moped honda              "Monkey Z50" <-> "Monkey Z50J"  (monkey-z50 / monkey-z50j)
  moped honda              "Monkey Z50A" <-> "Monkey Z50J"  (monkey-z50a / monkey-z50j)
  moped honda              "MT50" <-> "MTX50"  (mt50 / mtx50)
  moped honda              "MT50" <-> "ST50"  (mt50 / st50)
  moped honda              "NPS50" <-> "NS50"  (nps50 / ns50)
  moped honda              "NQ50" <-> "NS50"  (nq50 / ns50)
  moped honda              "NS50" <-> "NSC50"  (ns50 / nsc50)
  moped honda              "NS50" <-> "NSR50"  (ns50 / nsr50)
  moped honda              "NS50" <-> "S50"  (ns50 / s50)
  moped honda              "NS50" <-> "SS50"  (ns50 / ss50)
  moped honda              "NSC50" <-> "NSR50"  (nsc50 / nsr50)
  moped honda              "NSC50 2WH" <-> "NSC50WH"  (nsc50-2wh / nsc50wh)
  moped honda              "PA50" <-> "PC50"  (pa50 / pc50)
  moped honda              "PA50" <-> "PF50"  (pa50 / pf50)
  moped honda              "PA50" <-> "PX50"  (pa50 / px50)
  moped honda              "PA50" <-> "QA50"  (pa50 / qa50)
  moped honda              "PC50" <-> "PF50"  (pc50 / pf50)
  moped honda              "PC50" <-> "PX50"  (pc50 / px50)
  moped honda              "PF50" <-> "PX50"  (pf50 / px50)
  moped honda              "SH50" <-> "SJ50"  (sh50 / sj50)
  moped honda              "SH50" <-> "SK50"  (sh50 / sk50)
  moped honda              "SH50" <-> "SS50"  (sh50 / ss50)
  moped honda              "SH50" <-> "ST50"  (sh50 / st50)
  moped honda              "SJ50" <-> "SK50"  (sj50 / sk50)
  moped honda              "SJ50" <-> "SS50"  (sj50 / ss50)
  moped honda              "SJ50" <-> "ST50"  (sj50 / st50)
  moped honda              "SK50" <-> "SS50"  (sk50 / ss50)
  moped honda              "SK50" <-> "ST50"  (sk50 / st50)
  moped honda              "SS50" <-> "SS50E"  (ss50 / ss50e)
  moped honda              "SS50" <-> "SS50M"  (ss50 / ss50m)
  moped honda              "SS50" <-> "SS50Z"  (ss50 / ss50z)
  moped honda              "SS50" <-> "ST50"  (ss50 / st50)
  moped honda              "SS50E" <-> "SS50M"  (ss50e / ss50m)
  moped honda              "SS50E" <-> "SS50Z"  (ss50e / ss50z)
  moped honda              "SS50E" <-> "ST50E"  (ss50e / st50e)
  moped honda              "SS50M" <-> "SS50Z"  (ss50m / ss50z)
  moped honda              "ST50" <-> "ST50E"  (st50 / st50e)
  moped honda              "ST50" <-> "ST50G"  (st50 / st50g)
  moped honda              "ST50" <-> "ST90"  (st50 / st90)
  moped honda              "ST50E" <-> "ST50G"  (st50e / st50g)
  moped honda              "ST50E" <-> "ST50GE"  (st50e / st50ge)
  moped honda              "ST50G" <-> "ST50GE"  (st50g / st50ge)
  moped honda              "XL50" <-> "XR50"  (xl50 / xr50)
  moped honda              "Z50A" <-> "Z50J"  (z50a / z50j)
  moped honda              "Z50A" <-> "Z50M"  (z50a / z50m)
  moped honda              "Z50A" <-> "Z50R"  (z50a / z50r)
  moped honda              "Z50J" <-> "Z50J1"  (z50j / z50j1)
  moped honda              "Z50J" <-> "Z50JE"  (z50j / z50je)
  moped honda              "Z50J" <-> "Z50JZ"  (z50j / z50jz)
  moped honda              "Z50J" <-> "Z50M"  (z50j / z50m)
  moped honda              "Z50J" <-> "Z50R"  (z50j / z50r)
  moped honda              "Z50J1" <-> "Z50JE"  (z50j1 / z50je)
  moped honda              "Z50J1" <-> "Z50JZ"  (z50j1 / z50jz)
  moped honda              "Z50JE" <-> "Z50JZ"  (z50je / z50jz)
  moped honda              "Z50M" <-> "Z50R"  (z50m / z50r)
  moped huatian            "HT50QT-25" <-> "HT50QT-26"  (ht50qt-25 / ht50qt-26)
  moped huatian            "HT50QT-25" <-> "HT50QT-29"  (ht50qt-25 / ht50qt-29)
  moped huatian            "HT50QT-26" <-> "HT50QT-29"  (ht50qt-26 / ht50qt-29)
  moped huatian            "HT50QT-29" <-> "HT50QT-9"  (ht50qt-29 / ht50qt-9)
  moped hyosung            "Sd-50" <-> "SF50"  (sd-50 / sf50)
  moped iva                "E-GO S2" <-> "E-GO S4"  (e-go-s2 / e-go-s4)
  moped iva                "E-GO S2" <-> "E-GO S5"  (e-go-s2 / e-go-s5)
  moped iva                "E-GO S2" <-> "E-GO S8"  (e-go-s2 / e-go-s8)
  moped iva                "E-GO S4" <-> "E-GO S5"  (e-go-s4 / e-go-s5)
  moped iva                "E-GO S4" <-> "E-GO S8"  (e-go-s4 / e-go-s8)
  moped iva                "E-GO S5" <-> "E-GO S8"  (e-go-s5 / e-go-s8)
  moped iva                "RA9011" <-> "RA9015"  (ra9011 / ra9015)
  moped kreidler           "Florett K53/1NL" <-> "Florett K53 / 21NL"  (florett-k53-1nl / florett-k53-21nl)
  moped kymco              "MXU500I Irs" <-> "MXU500IRS"  (mxu500i-irs / mxu500irs)
  moped la-souris          "City" <-> "City S"  (city / city-s)
  moped la-souris          "E-Sourini" <-> "Sourini"  (e-sourini / sourini)
  moped la-souris          "Sourini" <-> "Sourini R"  (sourini / sourini-r)
  moped la-souris          "Sourini" <-> "Sourini S"  (sourini / sourini-s)
  moped la-souris          "Sourini R" <-> "Sourini RS"  (sourini-r / sourini-rs)
  moped la-souris          "Sourini R" <-> "Sourini S"  (sourini-r / sourini-s)
  moped la-souris          "Sourini R Limited" <-> "Sourini RS Limited"  (sourini-r-limited / sourini-rs-limited)
  moped la-souris          "Sourini RS" <-> "Sourini S"  (sourini-rs / sourini-s)
  moped la-souris          "Vespelini" <-> "Vespelini S"  (vespelini / vespelini-s)
  moped ligier             "JS50" <-> "JS50L"  (js50 / js50l)
  moped ligier             "JS50" <-> "JS60"  (js50 / js60)
  moped ligier             "X-Too" <-> "Xtoo R"  (x-too / xtoo-r)
  moped ligier             "X-Too" <-> "Xtoo S"  (x-too / xtoo-s)
  moped ligier             "Xtoo" <-> "Xtoo R"  (xtoo / xtoo-r)
  moped ligier             "Xtoo" <-> "Xtoo S"  (xtoo / xtoo-s)
  moped ligier             "Xtoo R" <-> "Xtoo RS"  (xtoo-r / xtoo-rs)
  moped ligier             "Xtoo R" <-> "Xtoo S"  (xtoo-r / xtoo-s)
  moped ligier             "Xtoo RS" <-> "Xtoo S"  (xtoo-rs / xtoo-s)
  moped lvneng             "LX04" <-> "LX05"  (lx04 / lx05)
  moped lvneng             "LX04" <-> "LX06"  (lx04 / lx06)
  moped lvneng             "LX05" <-> "LX06"  (lx05 / lx06)
  moped malaguti           "Phantom F-12" <-> "Phantom F12R"  (phantom-f-12 / phantom-f12r)
  moped malaguti           "Phantom F12" <-> "Phantom F12R"  (phantom-f12 / phantom-f12r)
  moped mash               "City 2.0" <-> "City 50"  (city-2-0 / city-50)
  moped niu                "Fqix 150" <-> "Nqix 150"  (fqix-150 / nqix-150)
  moped niu                "Mqi+sport" <-> "Nqi Sport"  (mqi-sport / nqi-sport)
  moped nsu                "Quickly" <-> "Quickly L"  (quickly / quickly-l)
  moped nsu                "Quickly" <-> "Quickly N"  (quickly / quickly-n)
  moped nsu                "Quickly" <-> "Quickly T"  (quickly / quickly-t)
  moped nsu                "Quickly L" <-> "Quickly N"  (quickly-l / quickly-n)
  moped nsu                "Quickly L" <-> "Quickly T"  (quickly-l / quickly-t)
  moped nsu                "Quickly N" <-> "Quickly T"  (quickly-n / quickly-t)
  moped peugeot            "Buxi" <-> "Buxy"  (buxi / buxy)
  moped peugeot            "E-Ludix" <-> "Ludix"  (e-ludix / ludix)
  moped peugeot            "E-Streetzone" <-> "Streetzone"  (e-streetzone / streetzone)
  moped peugeot            "Kisbee" <-> "Kisbee S"  (kisbee / kisbee-s)
  moped peugeot            "Speedfight" <-> "Speedfight 2"  (speedfight / speedfight-2)
  moped peugeot            "Speedfight" <-> "Speedfight 3"  (speedfight / speedfight-3)
  moped peugeot            "Speedfight 2" <-> "Speedfight 3"  (speedfight-2 / speedfight-3)
  moped piaggio            "Ape P50" <-> "APE50"  (ape-p50 / ape50)
  moped piaggio            "ZIP2T" <-> "ZIP4T"  (zip2t / zip4t)
  moped piaggio            "ZIP50 2T" <-> "ZIP50 4T"  (zip50-2t / zip50-4t)
  moped puch               "Maxi" <-> "Maxi N"  (maxi / maxi-n)
  moped puch               "Maxi" <-> "Maxi S"  (maxi / maxi-s)
  moped puch               "Maxi N" <-> "Maxi S"  (maxi-n / maxi-s)
  moped puch               "MS50" <-> "MS50D"  (ms50 / ms50d)
  moped puch               "MS50" <-> "MS50L"  (ms50 / ms50l)
  moped puch               "MS50" <-> "MS50V"  (ms50 / ms50v)
  moped puch               "MS50" <-> "MV50"  (ms50 / mv50)
  moped puch               "MS50" <-> "VS50"  (ms50 / vs50)
  moped puch               "MS50D" <-> "MS50L"  (ms50d / ms50l)
  moped puch               "MS50D" <-> "MS50V"  (ms50d / ms50v)
  moped puch               "MS50D" <-> "VS50D"  (ms50d / vs50d)
  moped puch               "MS50L" <-> "MS50V"  (ms50l / ms50v)
  moped puch               "MS50L" <-> "VS50L"  (ms50l / vs50l)
  moped puch               "VS50" <-> "VS50D"  (vs50 / vs50d)
  moped puch               "VS50" <-> "VS50L"  (vs50 / vs50l)
  moped puch               "VS50D" <-> "VS50L"  (vs50d / vs50l)
  moped santini            "Capri" <-> "E-Capri"  (capri / e-capri)
  moped segway             "E110S" <-> "E110SE"  (e110s / e110se)
  moped segway             "E110S" <-> "E150S"  (e110s / e150s)
  moped senzo              "Rivalux" <-> "Rivalux R"  (rivalux / rivalux-r)
  moped senzo              "Rivalux" <-> "Rivalux S"  (rivalux / rivalux-s)
  moped senzo              "Rivalux R" <-> "Rivalux S"  (rivalux-r / rivalux-s)
  moped simson             "S50B1" <-> "S50B2"  (s50b1 / s50b2)
  moped solex              "3800" <-> "800"  (3800 / 800)
  moped sparta             "Sport 2V" <-> "Sport 3V"  (sport-2v / sport-3v)
  moped specialized        "Turbo Vado 5.0" <-> "Turbo Vado 6.0"  (turbo-vado-5-0 / turbo-vado-6-0)
  moped suzuki             "AS50" <-> "AY50"  (as50 / ay50)
  moped suzuki             "AS50" <-> "TS50"  (as50 / ts50)
  moped suzuki             "AY50" <-> "AY50A"  (ay50 / ay50a)
  moped suzuki             "FA50" <-> "FZ50"  (fa50 / fz50)
  moped suzuki             "FZ50" <-> "UZ50"  (fz50 / uz50)
  moped suzuki             "FZ50" <-> "ZZ50"  (fz50 / zz50)
  moped suzuki             "Lets" <-> "Lets 2"  (lets / lets-2)
  moped suzuki             "Lets" <-> "Lets 4"  (lets / lets-4)
  moped suzuki             "Lets 2" <-> "Lets 4"  (lets-2 / lets-4)
  moped suzuki             "PV50" <-> "RV50"  (pv50 / rv50)
  moped suzuki             "RB50" <-> "RV50"  (rb50 / rv50)
  moped suzuki             "TR50S" <-> "TR50SW"  (tr50s / tr50sw)
  moped suzuki             "TS50" <-> "TS50X"  (ts50 / ts50x)
  moped suzuki             "TS50X" <-> "TS50XK"  (ts50x / ts50xk)
  moped suzuki             "TS50XK" <-> "TS50XKR"  (ts50xk / ts50xkr)
  moped suzuki             "UZ50" <-> "ZZ50"  (uz50 / zz50)
  moped sym                "AD05W" <-> "AV05W"  (ad05w / av05w)
  moped sym                "AD05W" <-> "AW05W"  (ad05w / aw05w)
  moped sym                "AD05W" <-> "AY05W"  (ad05w / ay05w)
  moped sym                "AD05W" <-> "AZ05W"  (ad05w / az05w)
  moped sym                "AV05W" <-> "AW05W"  (av05w / aw05w)
  moped sym                "AV05W" <-> "AY05W"  (av05w / ay05w)
  moped sym                "AV05W" <-> "AZ05W"  (av05w / az05w)
  moped sym                "AW05W" <-> "AY05W"  (aw05w / ay05w)
  moped sym                "AW05W" <-> "AZ05W"  (aw05w / az05w)
  moped sym                "AY05W" <-> "AZ05W"  (ay05w / az05w)
  moped sym                "JET14" <-> "JET4"  (jet14 / jet4)
  moped sym                "XS50QT" <-> "XS50QT-2"  (xs50qt / xs50qt-2)
  moped tomos              "A35-Hba" <-> "A35 Hda"  (a35-hba / a35-hda)
  moped tomos              "Youngst R" <-> "Youngster"  (youngst-r / youngster)
  moped trek               "Allant+ 8S" <-> "Allant+ 9S"  (allant-8s / allant-9s)
  moped trek               "ALLANT+9.9S" <-> "Allant+ 9S"  (allant-9-9s / allant-9s)
  moped turbho             "Cs-50" <-> "CX-50"  (cs-50 / cx-50)
  moped turbho             "Cs-50" <-> "RS-50"  (cs-50 / rs-50)
  moped turbho             "CX-50" <-> "RX-50"  (cx-50 / rx-50)
  moped turbho             "Rb-50" <-> "Rg-50"  (rb-50 / rg-50)
  moped turbho             "Rb-50" <-> "Rl-50"  (rb-50 / rl-50)
  moped turbho             "Rb-50" <-> "Rm-50"  (rb-50 / rm-50)
  moped turbho             "Rb-50" <-> "RS-50"  (rb-50 / rs-50)
  moped turbho             "Rb-50" <-> "RX-50"  (rb-50 / rx-50)
  moped turbho             "Rg-50" <-> "Rl-50"  (rg-50 / rl-50)
  moped turbho             "Rg-50" <-> "Rm-50"  (rg-50 / rm-50)
  moped turbho             "Rg-50" <-> "RS-50"  (rg-50 / rs-50)
  moped turbho             "Rg-50" <-> "RX-50"  (rg-50 / rx-50)
  moped turbho             "Rl-50" <-> "Rm-50"  (rl-50 / rm-50)
  moped turbho             "Rl-50" <-> "RS-50"  (rl-50 / rs-50)
  moped turbho             "Rl-50" <-> "RX-50"  (rl-50 / rx-50)
  moped turbho             "Rm-50" <-> "RS-50"  (rm-50 / rs-50)
  moped turbho             "Rm-50" <-> "RX-50"  (rm-50 / rx-50)
  moped turbho             "RS-50" <-> "RX-50"  (rs-50 / rx-50)
  moped velosolex          "3800" <-> "S3800"  (3800 / s3800)
  moped yamaha             "BW50" <-> "BWS50"  (bw50 / bws50)
  moped yamaha             "BW50" <-> "CW50"  (bw50 / cw50)
  moped yamaha             "BW50" <-> "EW50"  (bw50 / ew50)
  moped yamaha             "CG50" <-> "CS50"  (cg50 / cs50)
  moped yamaha             "CG50" <-> "CW50"  (cg50 / cw50)
  moped yamaha             "CG50" <-> "CY50"  (cg50 / cy50)
  moped yamaha             "CS50" <-> "CS50M"  (cs50 / cs50m)
  moped yamaha             "CS50" <-> "CS50Z"  (cs50 / cs50z)
  moped yamaha             "CS50" <-> "CW50"  (cs50 / cw50)
  moped yamaha             "CS50" <-> "CY50"  (cs50 / cy50)
  moped yamaha             "CS50" <-> "FS50"  (cs50 / fs50)
  moped yamaha             "CS50M" <-> "CS50Z"  (cs50m / cs50z)
  moped yamaha             "CW50" <-> "CY50"  (cw50 / cy50)
  moped yamaha             "CW50" <-> "EW50"  (cw50 / ew50)
  moped yamaha             "CY50" <-> "TY50"  (cy50 / ty50)
  moped yamaha             "DT50" <-> "DT50M"  (dt50 / dt50m)
  moped yamaha             "DT50" <-> "DT50X"  (dt50 / dt50x)
  moped yamaha             "DT50" <-> "GT50"  (dt50 / gt50)
  moped yamaha             "DT50" <-> "QT50"  (dt50 / qt50)
  moped yamaha             "DT50M" <-> "DT50MX"  (dt50m / dt50mx)
  moped yamaha             "DT50M" <-> "DT50X"  (dt50m / dt50x)
  moped yamaha             "DT50MX" <-> "DT50X"  (dt50mx / dt50x)
  moped yamaha             "GT50" <-> "QT50"  (gt50 / qt50)
  moped yamaha             "LB50" <-> "YB50"  (lb50 / yb50)
  moped yamaha             "RD50" <-> "RX50"  (rd50 / rx50)
  moped yamaha             "RD50" <-> "RZ50"  (rd50 / rz50)
  moped yamaha             "RX50" <-> "RZ50"  (rx50 / rz50)
  moped yamaha             "SA14" <-> "SA15"  (sa14 / sa15)
  moped yamaha             "SA14" <-> "SA19"  (sa14 / sa19)
  moped yamaha             "SA15" <-> "SA19"  (sa15 / sa19)
  moped yamaha             "SA50" <-> "SH50"  (sa50 / sh50)
  moped yamaha             "SH50" <-> "YH50"  (sh50 / yh50)
  moped yamaha             "YB50" <-> "YH50"  (yb50 / yh50)
  moped yamaha             "YB50" <-> "YJ50"  (yb50 / yj50)
  moped yamaha             "YB50" <-> "YN50"  (yb50 / yn50)
  moped yamaha             "YB50" <-> "YQ50"  (yb50 / yq50)
  moped yamaha             "YH50" <-> "YJ50"  (yh50 / yj50)
  moped yamaha             "YH50" <-> "YN50"  (yh50 / yn50)
  moped yamaha             "YH50" <-> "YQ50"  (yh50 / yq50)
  moped yamaha             "YJ50" <-> "YN50"  (yj50 / yn50)
  moped yamaha             "YJ50" <-> "YQ50"  (yj50 / yq50)
  moped yamaha             "YN50" <-> "YN50E"  (yn50 / yn50e)
  moped yamaha             "YN50" <-> "YN50F"  (yn50 / yn50f)
  moped yamaha             "YN50" <-> "YN50M"  (yn50 / yn50m)
  moped yamaha             "YN50" <-> "YQ50"  (yn50 / yq50)
  moped yamaha             "YN50E" <-> "YN50F"  (yn50e / yn50f)
  moped yamaha             "YN50E" <-> "YN50M"  (yn50e / yn50m)
  moped yamaha             "YN50F" <-> "YN50FM"  (yn50f / yn50fm)
  moped yamaha             "YN50F" <-> "YN50FU"  (yn50f / yn50fu)
  moped yamaha             "YN50F" <-> "YN50M"  (yn50f / yn50m)
  moped yamaha             "YN50FM" <-> "YN50FMU"  (yn50fm / yn50fmu)
  moped yamaha             "YN50FM" <-> "YN50FU"  (yn50fm / yn50fu)
  moped yamaha             "YN50FM" <-> "YN50M"  (yn50fm / yn50m)
  moped yamaha             "YN50FMU" <-> "YN50FU"  (yn50fmu / yn50fu)
  moped zhenhua            "ZH-SR50-1" <-> "ZH-SR50A"  (zh-sr50-1 / zh-sr50a)
  moped zhenhua            "ZH-SR50-1" <-> "ZH-SR50A-1"  (zh-sr50-1 / zh-sr50a-1)
  moped zhenhua            "ZH-SR50A" <-> "ZH-SR50A-1"  (zh-sr50a / zh-sr50a-1)
  moped zhongneng          "ZN50QT" <-> "ZN50QT-E"  (zn50qt / zn50qt-e)
  moped znen               "ZN50QT" <-> "ZN50QT-B"  (zn50qt / zn50qt-b)
  moped znen               "ZN50QT" <-> "ZN50QT-E"  (zn50qt / zn50qt-e)
  moped znen               "ZN50QT" <-> "ZN50QT-F"  (zn50qt / zn50qt-f)
  moped znen               "ZN50QT" <-> "ZN50QT-H"  (zn50qt / zn50qt-h)
  moped znen               "ZN50QT-11" <-> "ZN50QT-11B"  (zn50qt-11 / zn50qt-11b)
  moped znen               "ZN50QT-11" <-> "ZN50QT-11D"  (zn50qt-11 / zn50qt-11d)
  moped znen               "ZN50QT-11B" <-> "ZN50QT-11D"  (zn50qt-11b / zn50qt-11d)
  moped znen               "ZN50QT-20" <-> "ZN50QT-22"  (zn50qt-20 / zn50qt-22)
  moped znen               "ZN50QT-20" <-> "ZN50QT-27"  (zn50qt-20 / zn50qt-27)
  moped znen               "ZN50QT-22" <-> "ZN50QT-27"  (zn50qt-22 / zn50qt-27)
  moped znen               "ZN50QT-22" <-> "ZN50QT-32"  (zn50qt-22 / zn50qt-32)
  moped znen               "ZN50QT-B" <-> "ZN50QT-E"  (zn50qt-b / zn50qt-e)
  moped znen               "ZN50QT-B" <-> "ZN50QT-F"  (zn50qt-b / zn50qt-f)
  moped znen               "ZN50QT-B" <-> "ZN50QT-H"  (zn50qt-b / zn50qt-h)
  moped znen               "ZN50QT-E" <-> "ZN50QT-E5"  (zn50qt-e / zn50qt-e5)
  moped znen               "ZN50QT-E" <-> "ZN50QT-F"  (zn50qt-e / zn50qt-f)
  moped znen               "ZN50QT-E" <-> "ZN50QT-H"  (zn50qt-e / zn50qt-h)
  moped znen               "ZN50QT-E.25" <-> "ZN50QT-E3.25"  (zn50qt-e-25 / zn50qt-e3-25)
  moped znen               "ZN50QT-E.25" <-> "ZN50QT-E5"  (zn50qt-e-25 / zn50qt-e5)
  moped znen               "ZN50QT-E.25" <-> "ZN50QT-F.25"  (zn50qt-e-25 / zn50qt-f-25)
  moped znen               "ZN50QT-F" <-> "ZN50QT-H"  (zn50qt-f / zn50qt-h)
  moped znen               "ZN50QT-H" <-> "ZN50QT-HS"  (zn50qt-h / zn50qt-hs)
  moped znen               "ZN50QT-HS" <-> "ZN50QT-Ks"  (zn50qt-hs / zn50qt-ks)
  moped zundapp            "KM50" <-> "KS50"  (km50 / ks50)
  moped zundapp            "KM50" <-> "M50"  (km50 / m50)
  motorcycle ajs                "18CS" <-> "18S"  (18cs / 18s)
  motorcycle aprilia            "Atlantic 200" <-> "Atlantic 500"  (atlantic-200 / atlantic-500)
  motorcycle aprilia            "Leonardo 150" <-> "Leonardo 250"  (leonardo-150 / leonardo-250)
  motorcycle aprilia            "MX125" <-> "RX125"  (mx125 / rx125)
  motorcycle aprilia            "MX125" <-> "SX125"  (mx125 / sx125)
  motorcycle aprilia            "Pegaso 650" <-> "Pegaso 660"  (pegaso-650 / pegaso-660)
  motorcycle aprilia            "RS125" <-> "RX125"  (rs125 / rx125)
  motorcycle aprilia            "RS250" <-> "RS250R"  (rs250 / rs250r)
  motorcycle aprilia            "RS250" <-> "RS50"  (rs250 / rs50)
  motorcycle aprilia            "RS50" <-> "RX50"  (rs50 / rx50)
  motorcycle aprilia            "RSV1000" <-> "RSV1000R"  (rsv1000 / rsv1000r)
  motorcycle aprilia            "RSV1000" <-> "RSV4 1000"  (rsv1000 / rsv4-1000)
  motorcycle aprilia            "RX125" <-> "SX125"  (rx125 / sx125)
  motorcycle aprilia            "RX50" <-> "SX50"  (rx50 / sx50)
  motorcycle aprilia            "SR GT200" <-> "SR GT400"  (sr-gt200 / sr-gt400)
  motorcycle aprilia            "SR125" <-> "SX125"  (sr125 / sx125)
  motorcycle aprilia            "SR50" <-> "SX50"  (sr50 / sx50)
  motorcycle aprilia            "Tuareg 600" <-> "Tuareg 660"  (tuareg-600 / tuareg-660)
  motorcycle aprilia            "Tuono 1000" <-> "Tuono 1000R"  (tuono-1000 / tuono-1000r)
  motorcycle aprilia            "Tuono V4" <-> "Tuono V4R"  (tuono-v4 / tuono-v4r)
  motorcycle ariel              "KH500" <-> "VH500"  (kh500 / vh500)
  motorcycle ariel              "NH350" <-> "RH350"  (nh350 / rh350)
  motorcycle bajaj              "Boxer BM150" <-> "Boxer BM150X"  (boxer-bm150 / boxer-bm150x)
  motorcycle bajaj              "Pulsar NS200" <-> "Pulsar RS200"  (pulsar-ns200 / pulsar-rs200)
  motorcycle benelli            "BKX125" <-> "BKX125S"  (bkx125 / bkx125s)
  motorcycle benelli            "Leoncino 500" <-> "Leoncino 800"  (leoncino-500 / leoncino-800)
  motorcycle benelli            "TNT125" <-> "TNT25"  (tnt125 / tnt25)
  motorcycle benelli            "Tornado 550" <-> "Tornado 650"  (tornado-550 / tornado-650)
  motorcycle benelli            "TRK502" <-> "TRK502X"  (trk502 / trk502x)
  motorcycle benelli            "TRK502" <-> "TRK702"  (trk502 / trk702)
  motorcycle benelli            "TRK502X" <-> "TRK702X"  (trk502x / trk702x)
  motorcycle benelli            "TRK702" <-> "TRK702X"  (trk702 / trk702x)
  motorcycle beta               "RR200" <-> "RR250"  (rr200 / rr250)
  motorcycle beta               "RR200" <-> "RR300"  (rr200 / rr300)
  motorcycle beta               "RR2T" <-> "RR4T"  (rr2t / rr4t)
  motorcycle beta               "RR300" <-> "RR390"  (rr300 / rr390)
  motorcycle bimota             "SB8K" <-> "SB8R"  (sb8k / sb8r)
  motorcycle bimota             "YB9SR" <-> "YB9SRI"  (yb9sr / yb9sri)
  motorcycle bmw                "100RS" <-> "K100RS"  (100rs / k100rs)
  motorcycle bmw                "100RS" <-> "R100RS"  (100rs / r100rs)
  motorcycle bmw                "1150" <-> "R1150"  (1150 / r1150)
  motorcycle bmw                "C1-200" <-> "K1200"  (c1-200 / k1200)
  motorcycle bmw                "C1-200" <-> "R1200"  (c1-200 / r1200)
  motorcycle bmw                "C400" <-> "C400X"  (c400 / c400x)
  motorcycle bmw                "C400" <-> "C600"  (c400 / c600)
  motorcycle bmw                "C600" <-> "C650"  (c600 / c650)
  motorcycle bmw                "C600 Sport" <-> "C650 Sport"  (c600-sport / c650-sport)
  motorcycle bmw                "C650" <-> "F650"  (c650 / f650)
  motorcycle bmw                "C650" <-> "G650"  (c650 / g650)
  motorcycle bmw                "CE02" <-> "CE04"  (ce02 / ce04)
  motorcycle bmw                "F450GS" <-> "F650GS"  (f450gs / f650gs)
  motorcycle bmw                "F450GS" <-> "F750GS"  (f450gs / f750gs)
  motorcycle bmw                "F450GS" <-> "F850GS"  (f450gs / f850gs)
  motorcycle bmw                "F650" <-> "F750"  (f650 / f750)
  motorcycle bmw                "F650" <-> "F850"  (f650 / f850)
  motorcycle bmw                "F650" <-> "G650"  (f650 / g650)
  motorcycle bmw                "F650CS" <-> "F650GS"  (f650cs / f650gs)
  motorcycle bmw                "F650GD" <-> "F650GS"  (f650gd / f650gs)
  motorcycle bmw                "F650GS" <-> "F750GS"  (f650gs / f750gs)
  motorcycle bmw                "F650GS" <-> "F850GS"  (f650gs / f850gs)
  motorcycle bmw                "F650GS" <-> "G650GS"  (f650gs / g650gs)
  motorcycle bmw                "F700" <-> "F750"  (f700 / f750)
  motorcycle bmw                "F700" <-> "F800"  (f700 / f800)
  motorcycle bmw                "F700" <-> "F900"  (f700 / f900)
  motorcycle bmw                "F700GS" <-> "F750GS"  (f700gs / f750gs)
  motorcycle bmw                "F700GS" <-> "F800GS"  (f700gs / f800gs)
  motorcycle bmw                "F700GS" <-> "F900GS"  (f700gs / f900gs)
  motorcycle bmw                "F750" <-> "F850"  (f750 / f850)
  motorcycle bmw                "F750GS" <-> "F850GS"  (f750gs / f850gs)
  motorcycle bmw                "F800" <-> "F800R"  (f800 / f800r)
  motorcycle bmw                "F800" <-> "F800S"  (f800 / f800s)
  motorcycle bmw                "F800" <-> "F850"  (f800 / f850)
  motorcycle bmw                "F800" <-> "F900"  (f800 / f900)
  motorcycle bmw                "F800GS" <-> "F800GT"  (f800gs / f800gt)
  motorcycle bmw                "F800GS" <-> "F800S"  (f800gs / f800s)
  motorcycle bmw                "F800GS" <-> "F850GS"  (f800gs / f850gs)
  motorcycle bmw                "F800GS" <-> "F900GS"  (f800gs / f900gs)
  motorcycle bmw                "F800GS Adventure" <-> "F850GS Adventure"  (f800gs-adventure / f850gs-adventure)
  motorcycle bmw                "F800GS Adventure" <-> "F900GS Adventure"  (f800gs-adventure / f900gs-adventure)
  motorcycle bmw                "F800GT" <-> "F800ST"  (f800gt / f800st)
  motorcycle bmw                "F800R" <-> "F800S"  (f800r / f800s)
  motorcycle bmw                "F800R" <-> "F900R"  (f800r / f900r)
  motorcycle bmw                "F800S" <-> "F800ST"  (f800s / f800st)
  motorcycle bmw                "F850" <-> "R850"  (f850 / r850)
  motorcycle bmw                "F900" <-> "F900R"  (f900 / f900r)
  motorcycle bmw                "F900R" <-> "F900XR"  (f900r / f900xr)
  motorcycle bmw                "F900R A2" <-> "F900XR A2"  (f900r-a2 / f900xr-a2)
  motorcycle bmw                "F900RA2" <-> "F900XR A2"  (f900ra2 / f900xr-a2)
  motorcycle bmw                "G310" <-> "G310R"  (g310 / g310r)
  motorcycle bmw                "G450" <-> "G450X"  (g450 / g450x)
  motorcycle bmw                "G450" <-> "G650"  (g450 / g650)
  motorcycle bmw                "K100" <-> "K1100"  (k100 / k1100)
  motorcycle bmw                "K100" <-> "K1200"  (k100 / k1200)
  motorcycle bmw                "K100" <-> "K1300"  (k100 / k1300)
  motorcycle bmw                "K100" <-> "K1600"  (k100 / k1600)
  motorcycle bmw                "K100" <-> "R100"  (k100 / r100)
  motorcycle bmw                "K100LT" <-> "K100RT"  (k100lt / k100rt)
  motorcycle bmw                "K100LT" <-> "K1100LT"  (k100lt / k1100lt)
  motorcycle bmw                "K100LT" <-> "K1200LT"  (k100lt / k1200lt)
  motorcycle bmw                "K100RS" <-> "K100RT"  (k100rs / k100rt)
  motorcycle bmw                "K100RS" <-> "K1100RS"  (k100rs / k1100rs)
  motorcycle bmw                "K100RS" <-> "K1200RS"  (k100rs / k1200rs)
  motorcycle bmw                "K100RS" <-> "R100RS"  (k100rs / r100rs)
  motorcycle bmw                "K100RT" <-> "R100RT"  (k100rt / r100rt)
  motorcycle bmw                "K1100" <-> "K1200"  (k1100 / k1200)
  motorcycle bmw                "K1100" <-> "K1300"  (k1100 / k1300)
  motorcycle bmw                "K1100" <-> "K1600"  (k1100 / k1600)
  motorcycle bmw                "K1100" <-> "R1100"  (k1100 / r1100)
  motorcycle bmw                "K1100LT" <-> "K1200LT"  (k1100lt / k1200lt)
  motorcycle bmw                "K1100RS" <-> "K1200RS"  (k1100rs / k1200rs)
  motorcycle bmw                "K1100RS" <-> "R1100RS"  (k1100rs / r1100rs)
  motorcycle bmw                "K1200" <-> "K1200R"  (k1200 / k1200r)
  motorcycle bmw                "K1200" <-> "K1200S"  (k1200 / k1200s)
  motorcycle bmw                "K1200" <-> "K1300"  (k1200 / k1300)
  motorcycle bmw                "K1200" <-> "K1600"  (k1200 / k1600)
  motorcycle bmw                "K1200" <-> "R1200"  (k1200 / r1200)
  motorcycle bmw                "K1200GT" <-> "K1200LT"  (k1200gt / k1200lt)
  motorcycle bmw                "K1200GT" <-> "K1300GT"  (k1200gt / k1300gt)
  motorcycle bmw                "K1200GT" <-> "K1600GT"  (k1200gt / k1600gt)
  motorcycle bmw                "K1200R" <-> "K1200RS"  (k1200r / k1200rs)
  motorcycle bmw                "K1200R" <-> "K1200S"  (k1200r / k1200s)
  motorcycle bmw                "K1200R" <-> "K1300R"  (k1200r / k1300r)
  motorcycle bmw                "K1200R" <-> "R1200R"  (k1200r / r1200r)
  motorcycle bmw                "K1200RS" <-> "K1200S"  (k1200rs / k1200s)
  motorcycle bmw                "K1200RS" <-> "R1200RS"  (k1200rs / r1200rs)
  motorcycle bmw                "K1200S" <-> "K1300S"  (k1200s / k1300s)
  motorcycle bmw                "K1200S" <-> "R1200S"  (k1200s / r1200s)
  motorcycle bmw                "K1300" <-> "K1300R"  (k1300 / k1300r)
  motorcycle bmw                "K1300" <-> "K1300S"  (k1300 / k1300s)
  motorcycle bmw                "K1300" <-> "K1600"  (k1300 / k1600)
  motorcycle bmw                "K1300" <-> "R1300"  (k1300 / r1300)
  motorcycle bmw                "K1300GT" <-> "K1600GT"  (k1300gt / k1600gt)
  motorcycle bmw                "K1300R" <-> "K1300S"  (k1300r / k1300s)
  motorcycle bmw                "K1300R" <-> "R1300R"  (k1300r / r1300r)
  motorcycle bmw                "K1600" <-> "K1600B"  (k1600 / k1600b)
  motorcycle bmw                "K1600GT" <-> "K1600GTL"  (k1600gt / k1600gtl)
  motorcycle bmw                "K75C" <-> "K75S"  (k75c / k75s)
  motorcycle bmw                "M1000" <-> "M1000R"  (m1000 / m1000r)
  motorcycle bmw                "M1000" <-> "S1000"  (m1000 / s1000)
  motorcycle bmw                "M1000R" <-> "M1000RR"  (m1000r / m1000rr)
  motorcycle bmw                "M1000R" <-> "M1000XR"  (m1000r / m1000xr)
  motorcycle bmw                "M1000R" <-> "S1000R"  (m1000r / s1000r)
  motorcycle bmw                "M1000RR" <-> "M1000XR"  (m1000rr / m1000xr)
  motorcycle bmw                "M1000RR" <-> "S1000RR"  (m1000rr / s1000rr)
  motorcycle bmw                "M1000XR" <-> "S1000XR"  (m1000xr / s1000xr)
  motorcycle bmw                "R100" <-> "R100/7"  (r100 / r100-7)
  motorcycle bmw                "R100" <-> "R100R"  (r100 / r100r)
  motorcycle bmw                "R100" <-> "R100S"  (r100 / r100s)
  motorcycle bmw                "R100" <-> "R100T"  (r100 / r100t)
  motorcycle bmw                "R100" <-> "R1100"  (r100 / r1100)
  motorcycle bmw                "R100" <-> "R1200"  (r100 / r1200)
  motorcycle bmw                "R100" <-> "R1300"  (r100 / r1300)
  motorcycle bmw                "R100/7" <-> "R100R"  (r100-7 / r100r)
  motorcycle bmw                "R100/7" <-> "R100S"  (r100-7 / r100s)
  motorcycle bmw                "R100/7" <-> "R100T"  (r100-7 / r100t)
  motorcycle bmw                "R100CS" <-> "R100GS"  (r100cs / r100gs)
  motorcycle bmw                "R100CS" <-> "R100RS"  (r100cs / r100rs)
  motorcycle bmw                "R100CS" <-> "R100S"  (r100cs / r100s)
  motorcycle bmw                "R100GS" <-> "R100RS"  (r100gs / r100rs)
  motorcycle bmw                "R100GS" <-> "R100S"  (r100gs / r100s)
  motorcycle bmw                "R100GS" <-> "R1100GS"  (r100gs / r1100gs)
  motorcycle bmw                "R100GS" <-> "R1200GS"  (r100gs / r1200gs)
  motorcycle bmw                "R100GS" <-> "R1300GS"  (r100gs / r1300gs)
  motorcycle bmw                "R100R" <-> "R100RS"  (r100r / r100rs)
  motorcycle bmw                "R100R" <-> "R100RT"  (r100r / r100rt)
  motorcycle bmw                "R100R" <-> "R100S"  (r100r / r100s)
  motorcycle bmw                "R100R" <-> "R100T"  (r100r / r100t)
  motorcycle bmw                "R100R" <-> "R1100R"  (r100r / r1100r)
  motorcycle bmw                "R100R" <-> "R1200R"  (r100r / r1200r)
  motorcycle bmw                "R100R" <-> "R1300R"  (r100r / r1300r)
  motorcycle bmw                "R100RS" <-> "R100RT"  (r100rs / r100rt)
  motorcycle bmw                "R100RS" <-> "R100S"  (r100rs / r100s)
  motorcycle bmw                "R100RS" <-> "R1100RS"  (r100rs / r1100rs)
  motorcycle bmw                "R100RS" <-> "R1200RS"  (r100rs / r1200rs)
  motorcycle bmw                "R100RS" <-> "R1300RS"  (r100rs / r1300rs)
  motorcycle bmw                "R100RS" <-> "RS100RS"  (r100rs / rs100rs)
  motorcycle bmw                "R100RT" <-> "R100T"  (r100rt / r100t)
  motorcycle bmw                "R100RT" <-> "R1100RT"  (r100rt / r1100rt)
  motorcycle bmw                "R100RT" <-> "R1200RT"  (r100rt / r1200rt)
  motorcycle bmw                "R100RT" <-> "R1300RT"  (r100rt / r1300rt)
  motorcycle bmw                "R100S" <-> "R100T"  (r100s / r100t)
  motorcycle bmw                "R100S" <-> "R1100S"  (r100s / r1100s)
  motorcycle bmw                "R100S" <-> "R1200S"  (r100s / r1200s)
  motorcycle bmw                "R1100" <-> "R1100R"  (r1100 / r1100r)
  motorcycle bmw                "R1100" <-> "R1100S"  (r1100 / r1100s)
  motorcycle bmw                "R1100" <-> "R1150"  (r1100 / r1150)
  motorcycle bmw                "R1100" <-> "R1200"  (r1100 / r1200)
  motorcycle bmw                "R1100" <-> "R1300"  (r1100 / r1300)
  motorcycle bmw                "R1100GS" <-> "R1100RS"  (r1100gs / r1100rs)
  motorcycle bmw                "R1100GS" <-> "R1100S"  (r1100gs / r1100s)
  motorcycle bmw                "R1100GS" <-> "R1150GS"  (r1100gs / r1150gs)
  motorcycle bmw                "R1100GS" <-> "R1200GS"  (r1100gs / r1200gs)
  motorcycle bmw                "R1100GS" <-> "R1300GS"  (r1100gs / r1300gs)
  motorcycle bmw                "R1100R" <-> "R1100RS"  (r1100r / r1100rs)
  motorcycle bmw                "R1100R" <-> "R1100RT"  (r1100r / r1100rt)
  motorcycle bmw                "R1100R" <-> "R1100S"  (r1100r / r1100s)
  motorcycle bmw                "R1100R" <-> "R1150R"  (r1100r / r1150r)
  motorcycle bmw                "R1100R" <-> "R1200R"  (r1100r / r1200r)
  motorcycle bmw                "R1100R" <-> "R1300R"  (r1100r / r1300r)
  motorcycle bmw                "R1100RS" <-> "R1100RT"  (r1100rs / r1100rt)
  motorcycle bmw                "R1100RS" <-> "R1100S"  (r1100rs / r1100s)
  motorcycle bmw                "R1100RS" <-> "R1150RS"  (r1100rs / r1150rs)
  motorcycle bmw                "R1100RS" <-> "R1200RS"  (r1100rs / r1200rs)
  motorcycle bmw                "R1100RS" <-> "R1300RS"  (r1100rs / r1300rs)
  motorcycle bmw                "R1100RS" <-> "RS100RS"  (r1100rs / rs100rs)
  motorcycle bmw                "R1100RT" <-> "R1150RT"  (r1100rt / r1150rt)
  motorcycle bmw                "R1100RT" <-> "R1200RT"  (r1100rt / r1200rt)
  motorcycle bmw                "R1100RT" <-> "R1300RT"  (r1100rt / r1300rt)
  motorcycle bmw                "R1100S" <-> "R1200S"  (r1100s / r1200s)
  motorcycle bmw                "R1150" <-> "R1150R"  (r1150 / r1150r)
  motorcycle bmw                "R1150" <-> "R1250"  (r1150 / r1250)
  motorcycle bmw                "R1150GS" <-> "R1150RS"  (r1150gs / r1150rs)
  motorcycle bmw                "R1150GS" <-> "R1250GS"  (r1150gs / r1250gs)
  motorcycle bmw                "R1150GS Adventure" <-> "R1250GS Adventure"  (r1150gs-adventure / r1250gs-adventure)
  motorcycle bmw                "R1150R" <-> "R1150RS"  (r1150r / r1150rs)
  motorcycle bmw                "R1150R" <-> "R1150RT"  (r1150r / r1150rt)
  motorcycle bmw                "R1150R" <-> "R1250R"  (r1150r / r1250r)
  motorcycle bmw                "R1150RS" <-> "R1150RT"  (r1150rs / r1150rt)
  motorcycle bmw                "R1150RS" <-> "R1250RS"  (r1150rs / r1250rs)
  motorcycle bmw                "R1150RT" <-> "R1250RT"  (r1150rt / r1250rt)
  motorcycle bmw                "R1200" <-> "R1200C"  (r1200 / r1200c)
  motorcycle bmw                "R1200" <-> "R1200R"  (r1200 / r1200r)
  motorcycle bmw                "R1200" <-> "R1200S"  (r1200 / r1200s)
  motorcycle bmw                "R1200" <-> "R1250"  (r1200 / r1250)
  motorcycle bmw                "R1200" <-> "R1300"  (r1200 / r1300)
  motorcycle bmw                "R1200 Gsadventure" <-> "R1250GS Adventure"  (r1200-gsadventure / r1250gs-adventure)
  motorcycle bmw                "R1200 Gsadventure" <-> "R1300GS Adventure"  (r1200-gsadventure / r1300gs-adventure)
  motorcycle bmw                "R1200C" <-> "R1200CL"  (r1200c / r1200cl)
  motorcycle bmw                "R1200C" <-> "R1200R"  (r1200c / r1200r)
  motorcycle bmw                "R1200C" <-> "R1200S"  (r1200c / r1200s)
  motorcycle bmw                "R1200GS" <-> "R1200GSA"  (r1200gs / r1200gsa)
  motorcycle bmw                "R1200GS" <-> "R1200RS"  (r1200gs / r1200rs)
  motorcycle bmw                "R1200GS" <-> "R1200S"  (r1200gs / r1200s)
  motorcycle bmw                "R1200GS" <-> "R1250GS"  (r1200gs / r1250gs)
  motorcycle bmw                "R1200GS" <-> "R1300GS"  (r1200gs / r1300gs)
  motorcycle bmw                "R1200GS Adventure" <-> "R1250GS Adventure"  (r1200gs-adventure / r1250gs-adventure)
  motorcycle bmw                "R1200GS Adventure" <-> "R1300GS Adventure"  (r1200gs-adventure / r1300gs-adventure)
  motorcycle bmw                "R1200R" <-> "R1200RS"  (r1200r / r1200rs)
  motorcycle bmw                "R1200R" <-> "R1200RT"  (r1200r / r1200rt)
  motorcycle bmw                "R1200R" <-> "R1200S"  (r1200r / r1200s)
  motorcycle bmw                "R1200R" <-> "R1250R"  (r1200r / r1250r)
  motorcycle bmw                "R1200R" <-> "R1300R"  (r1200r / r1300r)
  motorcycle bmw                "R1200RS" <-> "R1200RT"  (r1200rs / r1200rt)
  motorcycle bmw                "R1200RS" <-> "R1200S"  (r1200rs / r1200s)
  motorcycle bmw                "R1200RS" <-> "R1250RS"  (r1200rs / r1250rs)
  motorcycle bmw                "R1200RS" <-> "R1300RS"  (r1200rs / r1300rs)
  motorcycle bmw                "R1200RT" <-> "R1200ST"  (r1200rt / r1200st)
  motorcycle bmw                "R1200RT" <-> "R1250RT"  (r1200rt / r1250rt)
  motorcycle bmw                "R1200RT" <-> "R1300RT"  (r1200rt / r1300rt)
  motorcycle bmw                "R1200S" <-> "R1200ST"  (r1200s / r1200st)
  motorcycle bmw                "R1250" <-> "R1250R"  (r1250 / r1250r)
  motorcycle bmw                "R1250GS" <-> "R1250RS"  (r1250gs / r1250rs)
  motorcycle bmw                "R1250R" <-> "R1250RS"  (r1250r / r1250rs)
  motorcycle bmw                "R1250R" <-> "R1250RT"  (r1250r / r1250rt)
  motorcycle bmw                "R1250RS" <-> "R1250RT"  (r1250rs / r1250rt)
  motorcycle bmw                "R1300" <-> "R1300R"  (r1300 / r1300r)
  motorcycle bmw                "R1300GS" <-> "R1300RS"  (r1300gs / r1300rs)
  motorcycle bmw                "R1300R" <-> "R1300RS"  (r1300r / r1300rs)
  motorcycle bmw                "R1300R" <-> "R1300RT"  (r1300r / r1300rt)
  motorcycle bmw                "R1300RS" <-> "R1300RT"  (r1300rs / r1300rt)
  motorcycle bmw                "R50/5" <-> "R60/5"  (r50-5 / r60-5)
  motorcycle bmw                "R50/5" <-> "R905"  (r50-5 / r905)
  motorcycle bmw                "R51-2" <-> "R51/3"  (r51-2 / r51-3)
  motorcycle bmw                "R60 2" <-> "R60/5"  (r60-2 / r60-5)
  motorcycle bmw                "R60 2" <-> "R60 / 6"  (r60-2 / r60-6)
  motorcycle bmw                "R60 2" <-> "R60/7"  (r60-2 / r60-7)
  motorcycle bmw                "R60 2" <-> "R67 / 2"  (r60-2 / r67-2)
  motorcycle bmw                "R60/5" <-> "R60 / 6"  (r60-5 / r60-6)
  motorcycle bmw                "R60/5" <-> "R60/7"  (r60-5 / r60-7)
  motorcycle bmw                "R60/5" <-> "R65"  (r60-5 / r65)
  motorcycle bmw                "R60/5" <-> "R905"  (r60-5 / r905)
  motorcycle bmw                "R60 / 6" <-> "R60/7"  (r60-6 / r60-7)
  motorcycle bmw                "R60 / 6" <-> "R90-6"  (r60-6 / r90-6)
  motorcycle bmw                "R60/7" <-> "R80/7"  (r60-7 / r80-7)
  motorcycle bmw                "R65GS" <-> "R65LS"  (r65gs / r65ls)
  motorcycle bmw                "R65T1C" <-> "R65TIC"  (r65t1c / r65tic)
  motorcycle bmw                "R75/5" <-> "R75/6"  (r75-5 / r75-6)
  motorcycle bmw                "R75/5" <-> "R75-7"  (r75-5 / r75-7)
  motorcycle bmw                "R75/6" <-> "R75-7"  (r75-6 / r75-7)
  motorcycle bmw                "R80/7" <-> "R80R"  (r80-7 / r80r)
  motorcycle bmw                "R80G/S" <-> "R80RS"  (r80g-s / r80rs)
  motorcycle bmw                "R80R" <-> "R80RS"  (r80r / r80rs)
  motorcycle bmw                "R80R" <-> "R80RT"  (r80r / r80rt)
  motorcycle bmw                "R80R" <-> "R850R"  (r80r / r850r)
  motorcycle bmw                "R80RS" <-> "R80RT"  (r80rs / r80rt)
  motorcycle bmw                "R80RT" <-> "R80ST"  (r80rt / r80st)
  motorcycle bmw                "R80RT" <-> "R850RT"  (r80rt / r850rt)
  motorcycle bmw                "R850" <-> "R850R"  (r850 / r850r)
  motorcycle bmw                "R850R" <-> "R850RT"  (r850r / r850rt)
  motorcycle bmw                "R90-6" <-> "R9016"  (r90-6 / r9016)
  motorcycle bmw                "R90-6" <-> "R905"  (r90-6 / r905)
  motorcycle bmw                "R90-6" <-> "R90S"  (r90-6 / r90s)
  motorcycle bmw                "R905" <-> "R90S"  (r905 / r90s)
  motorcycle bmw                "S1000" <-> "S1000R"  (s1000 / s1000r)
  motorcycle bmw                "S1000R" <-> "S1000RR"  (s1000r / s1000rr)
  motorcycle bmw                "S1000R" <-> "S1000XR"  (s1000r / s1000xr)
  motorcycle bmw                "S1000RR" <-> "S1000XR"  (s1000rr / s1000xr)
  motorcycle brixton            "Crossfire 500X" <-> "Crossfire 500XC"  (crossfire-500x / crossfire-500xc)
  motorcycle bsa                "BB31" <-> "ZB31"  (bb31 / zb31)
  motorcycle bsa                "BM20" <-> "M20"  (bm20 / m20)
  motorcycle bsa                "BM20" <-> "WM20"  (bm20 / wm20)
  motorcycle buell              "1125CR" <-> "1125R"  (1125cr / 1125r)
  motorcycle buell              "S1 Lightning" <-> "X1 Lightning"  (s1-lightning / x1-lightning)
  motorcycle buell              "XB12R" <-> "XB12S"  (xb12r / xb12s)
  motorcycle buell              "XB12S Lightning" <-> "XB12SS Lightning"  (xb12s-lightning / xb12ss-lightning)
  motorcycle cagiva             "Raptor" <-> "V-Raptor"  (raptor / v-raptor)
  motorcycle cfmoto             "250CL-C" <-> "450CL-C"  (250cl-c / 450cl-c)
  motorcycle cfmoto             "250NK" <-> "450NK"  (250nk / 450nk)
  motorcycle cfmoto             "250NK" <-> "650NK"  (250nk / 650nk)
  motorcycle cfmoto             "300NK" <-> "800NK"  (300nk / 800nk)
  motorcycle cfmoto             "450MT" <-> "650MT"  (450mt / 650mt)
  motorcycle cfmoto             "450NK" <-> "650NK"  (450nk / 650nk)
  motorcycle cfmoto             "450SR" <-> "450SR S"  (450sr / 450sr-s)
  motorcycle cfmoto             "650GT" <-> "650MT"  (650gt / 650mt)
  motorcycle cfmoto             "700MT" <-> "800MT"  (700mt / 800mt)
  motorcycle cfmoto             "800MT" <-> "800MT-X"  (800mt / 800mt-x)
  motorcycle condor             "A250" <-> "A350"  (a250 / a350)
  motorcycle daelim             "SC125" <-> "SV125"  (sc125 / sv125)
  motorcycle daelim             "VJ125" <-> "VJF125"  (vj125 / vjf125)
  motorcycle daelim             "VJ125" <-> "VL125"  (vj125 / vl125)
  motorcycle daelim             "VJ125" <-> "VS125"  (vj125 / vs125)
  motorcycle daelim             "VL125" <-> "VS125"  (vl125 / vs125)
  motorcycle dnepr              "MT10" <-> "MT11"  (mt10 / mt11)
  motorcycle ducati             "1000" <-> "M1000"  (1000 / m1000)
  motorcycle ducati             "1098" <-> "1098R"  (1098 / 1098r)
  motorcycle ducati             "1098" <-> "1098S"  (1098 / 1098s)
  motorcycle ducati             "1098" <-> "1198"  (1098 / 1198)
  motorcycle ducati             "1098R" <-> "1098S"  (1098r / 1098s)
  motorcycle ducati             "1098S" <-> "1198S"  (1098s / 1198s)
  motorcycle ducati             "1198" <-> "1198S"  (1198 / 1198s)
  motorcycle ducati             "1199 Panigale" <-> "1199 Panigale S"  (1199-panigale / 1199-panigale-s)
  motorcycle ducati             "1199 Panigale" <-> "1299 Panigale"  (1199-panigale / 1299-panigale)
  motorcycle ducati             "1199 Panigale S" <-> "1299 Panigale S"  (1199-panigale-s / 1299-panigale-s)
  motorcycle ducati             "1199 Superleggera" <-> "1299 Superleggera"  (1199-superleggera / 1299-superleggera)
  motorcycle ducati             "1299 Panigale" <-> "1299 Panigale S"  (1299-panigale / 1299-panigale-s)
  motorcycle ducati             "400SS" <-> "600SS"  (400ss / 600ss)
  motorcycle ducati             "400SS" <-> "800SS"  (400ss / 800ss)
  motorcycle ducati             "400SS" <-> "900SS"  (400ss / 900ss)
  motorcycle ducati             "500SL" <-> "600SL"  (500sl / 600sl)
  motorcycle ducati             "500SL" <-> "900SL"  (500sl / 900sl)
  motorcycle ducati             "600 Supersport" <-> "900 SuperSport"  (600-supersport / 900-supersport)
  motorcycle ducati             "600M" <-> "900M"  (600m / 900m)
  motorcycle ducati             "600SL" <-> "600SS"  (600sl / 600ss)
  motorcycle ducati             "600SL" <-> "900SL"  (600sl / 900sl)
  motorcycle ducati             "600SS" <-> "800SS"  (600ss / 800ss)
  motorcycle ducati             "600SS" <-> "900SS"  (600ss / 900ss)
  motorcycle ducati             "748E" <-> "748R"  (748e / 748r)
  motorcycle ducati             "748E" <-> "748S"  (748e / 748s)
  motorcycle ducati             "748R" <-> "748S"  (748r / 748s)
  motorcycle ducati             "748R" <-> "749R"  (748r / 749r)
  motorcycle ducati             "748S" <-> "748SP"  (748s / 748sp)
  motorcycle ducati             "748S" <-> "749S"  (748s / 749s)
  motorcycle ducati             "748SP" <-> "748SPS"  (748sp / 748sps)
  motorcycle ducati             "749R" <-> "749S"  (749r / 749s)
  motorcycle ducati             "750F1" <-> "750FI"  (750f1 / 750fi)
  motorcycle ducati             "750S" <-> "750SS"  (750s / 750ss)
  motorcycle ducati             "800S" <-> "800SS"  (800s / 800ss)
  motorcycle ducati             "800S" <-> "900S"  (800s / 900s)
  motorcycle ducati             "800S" <-> "M800S"  (800s / m800s)
  motorcycle ducati             "800SS" <-> "900SS"  (800ss / 900ss)
  motorcycle ducati             "860GT" <-> "860GTE"  (860gt / 860gte)
  motorcycle ducati             "900M" <-> "900R"  (900m / 900r)
  motorcycle ducati             "900M" <-> "900S"  (900m / 900s)
  motorcycle ducati             "900R" <-> "900S"  (900r / 900s)
  motorcycle ducati             "900S" <-> "900S2"  (900s / 900s2)
  motorcycle ducati             "900S" <-> "900SD"  (900s / 900sd)
  motorcycle ducati             "900S" <-> "900SL"  (900s / 900sl)
  motorcycle ducati             "900S" <-> "900SS"  (900s / 900ss)
  motorcycle ducati             "900S" <-> "M900S"  (900s / m900s)
  motorcycle ducati             "900S2" <-> "900SD"  (900s2 / 900sd)
  motorcycle ducati             "900S2" <-> "900SL"  (900s2 / 900sl)
  motorcycle ducati             "900S2" <-> "900SS"  (900s2 / 900ss)
  motorcycle ducati             "900SD" <-> "900SL"  (900sd / 900sl)
  motorcycle ducati             "900SD" <-> "900SS"  (900sd / 900ss)
  motorcycle ducati             "900SL" <-> "900SS"  (900sl / 900ss)
  motorcycle ducati             "916 Biposto" <-> "996 Biposto"  (916-biposto / 996-biposto)
  motorcycle ducati             "916SP" <-> "916SPS"  (916sp / 916sps)
  motorcycle ducati             "916SPS" <-> "996SPS"  (916sps / 996sps)
  motorcycle ducati             "996R" <-> "996S"  (996r / 996s)
  motorcycle ducati             "996R" <-> "998R"  (996r / 998r)
  motorcycle ducati             "996R" <-> "999R"  (996r / 999r)
  motorcycle ducati             "996S" <-> "998S"  (996s / 998s)
  motorcycle ducati             "996S" <-> "999S"  (996s / 999s)
  motorcycle ducati             "998R" <-> "998S"  (998r / 998s)
  motorcycle ducati             "998R" <-> "999R"  (998r / 999r)
  motorcycle ducati             "998S" <-> "999S"  (998s / 999s)
  motorcycle ducati             "999R" <-> "999S"  (999r / 999s)
  motorcycle ducati             "Desert" <-> "DesertX"  (desert / desertx)
  motorcycle ducati             "Diavel" <-> "XDiavel"  (diavel / xdiavel)
  motorcycle ducati             "Diavel 1260" <-> "Diavel 1260S"  (diavel-1260 / diavel-1260s)
  motorcycle ducati             "Diavel V4" <-> "Xdiavel V4"  (diavel-v4 / xdiavel-v4)
  motorcycle ducati             "Hypermotard 1100" <-> "Hypermotard 1100S"  (hypermotard-1100 / hypermotard-1100s)
  motorcycle ducati             "M1000" <-> "M1100"  (m1000 / m1100)
  motorcycle ducati             "M1000" <-> "M1200"  (m1000 / m1200)
  motorcycle ducati             "M1100" <-> "M1200"  (m1100 / m1200)
  motorcycle ducati             "M1200" <-> "M1200S"  (m1200 / m1200s)
  motorcycle ducati             "M600" <-> "M620"  (m600 / m620)
  motorcycle ducati             "M600" <-> "M800"  (m600 / m800)
  motorcycle ducati             "M600" <-> "M900"  (m600 / m900)
  motorcycle ducati             "M600 Monster" <-> "M900 Monster"  (m600-monster / m900-monster)
  motorcycle ducati             "M695" <-> "M696"  (m695 / m696)
  motorcycle ducati             "M696" <-> "M796"  (m696 / m796)
  motorcycle ducati             "M796" <-> "M797"  (m796 / m797)
  motorcycle ducati             "M800" <-> "M800S"  (m800 / m800s)
  motorcycle ducati             "M800" <-> "M900"  (m800 / m900)
  motorcycle ducati             "M800S" <-> "M900S"  (m800s / m900s)
  motorcycle ducati             "M900" <-> "M900S"  (m900 / m900s)
  motorcycle ducati             "Monster 1100" <-> "Monster 1100S"  (monster-1100 / monster-1100s)
  motorcycle ducati             "Monster 1100" <-> "Monster 1200"  (monster-1100 / monster-1200)
  motorcycle ducati             "Monster 1100ABS" <-> "Monster 1100S Abs"  (monster-1100abs / monster-1100s-abs)
  motorcycle ducati             "Monster 1100S" <-> "Monster 1200S"  (monster-1100s / monster-1200s)
  motorcycle ducati             "Monster 1200" <-> "Monster 1200R"  (monster-1200 / monster-1200r)
  motorcycle ducati             "Monster 1200" <-> "Monster 1200S"  (monster-1200 / monster-1200s)
  motorcycle ducati             "Monster 1200R" <-> "Monster 1200S"  (monster-1200r / monster-1200s)
  motorcycle ducati             "Monster 600" <-> "Monster 800"  (monster-600 / monster-800)
  motorcycle ducati             "Monster 600" <-> "Monster 900"  (monster-600 / monster-900)
  motorcycle ducati             "Monster 695" <-> "Monster 696"  (monster-695 / monster-696)
  motorcycle ducati             "Monster 696" <-> "Monster 796"  (monster-696 / monster-796)
  motorcycle ducati             "Monster 696ABS" <-> "Monster 796ABS"  (monster-696abs / monster-796abs)
  motorcycle ducati             "Monster 796" <-> "Monster 797"  (monster-796 / monster-797)
  motorcycle ducati             "Monster 800" <-> "Monster 900"  (monster-800 / monster-900)
  motorcycle ducati             "Monster S2R" <-> "Monster S4R"  (monster-s2r / monster-s4r)
  motorcycle ducati             "Monster S4" <-> "Monster S4R"  (monster-s4 / monster-s4r)
  motorcycle ducati             "Monster S4" <-> "Monster Sp"  (monster-s4 / monster-sp)
  motorcycle ducati             "Multistrada 1000" <-> "Multistrada 1100"  (multistrada-1000 / multistrada-1100)
  motorcycle ducati             "Multistrada 1000" <-> "Multistrada 1200"  (multistrada-1000 / multistrada-1200)
  motorcycle ducati             "Multistrada 1100" <-> "Multistrada 1100S"  (multistrada-1100 / multistrada-1100s)
  motorcycle ducati             "Multistrada 1100" <-> "Multistrada 1200"  (multistrada-1100 / multistrada-1200)
  motorcycle ducati             "Multistrada 1100S" <-> "Multistrada 1200S"  (multistrada-1100s / multistrada-1200s)
  motorcycle ducati             "Multistrada 1200" <-> "Multistrada 1200S"  (multistrada-1200 / multistrada-1200s)
  motorcycle ducati             "Multistrada 1200" <-> "Multistrada 1260"  (multistrada-1200 / multistrada-1260)
  motorcycle ducati             "Multistrada 1200 Enduro" <-> "Multistrada 1260 Enduro"  (multistrada-1200-enduro / multistrada-1260-enduro)
  motorcycle ducati             "Multistrada 1200S" <-> "Multistrada 1260S"  (multistrada-1200s / multistrada-1260s)
  motorcycle ducati             "Multistrada 1260" <-> "Multistrada 1260S"  (multistrada-1260 / multistrada-1260s)
  motorcycle ducati             "Multistrada 950" <-> "Multistrada 950S"  (multistrada-950 / multistrada-950s)
  motorcycle ducati             "Multistrada V2" <-> "Multistrada V2S"  (multistrada-v2 / multistrada-v2s)
  motorcycle ducati             "Multistrada V2" <-> "Multistrada V4"  (multistrada-v2 / multistrada-v4)
  motorcycle ducati             "Multistrada V2S" <-> "Multistrada V4S"  (multistrada-v2s / multistrada-v4s)
  motorcycle ducati             "Multistrada V4" <-> "Multistrada V4S"  (multistrada-v4 / multistrada-v4s)
  motorcycle ducati             "Multistrada V4RS" <-> "Multistrada V4S"  (multistrada-v4rs / multistrada-v4s)
  motorcycle ducati             "Panigale" <-> "Panigale R"  (panigale / panigale-r)
  motorcycle ducati             "Panigale V2" <-> "Panigale V2S"  (panigale-v2 / panigale-v2s)
  motorcycle ducati             "Panigale V2" <-> "Panigale V4"  (panigale-v2 / panigale-v4)
  motorcycle ducati             "Panigale V2S" <-> "Panigale V4 S"  (panigale-v2s / panigale-v4-s)
  motorcycle ducati             "Panigale V4" <-> "Panigale V4 S"  (panigale-v4 / panigale-v4-s)
  motorcycle ducati             "Panigale V4" <-> "Panigale V4R"  (panigale-v4 / panigale-v4r)
  motorcycle ducati             "Panigale V4 S" <-> "Panigale V4R"  (panigale-v4-s / panigale-v4r)
  motorcycle ducati             "Sport 1000" <-> "Sport 1000S"  (sport-1000 / sport-1000s)
  motorcycle ducati             "Streetfighter" <-> "Streetfighter S"  (streetfighter / streetfighter-s)
  motorcycle ducati             "Streetfighter V2" <-> "Streetfighter V2S"  (streetfighter-v2 / streetfighter-v2s)
  motorcycle ducati             "Streetfighter V2" <-> "Streetfighter V4"  (streetfighter-v2 / streetfighter-v4)
  motorcycle ducati             "Streetfighter V2S" <-> "Streetfighter V4S"  (streetfighter-v2s / streetfighter-v4s)
  motorcycle ducati             "Streetfighter V4" <-> "Streetfighter V4S"  (streetfighter-v4 / streetfighter-v4s)
  motorcycle ducati             "Streetfighter V4S" <-> "Streetfighter V4SP"  (streetfighter-v4s / streetfighter-v4sp)
  motorcycle ducati             "Streetfighter V4SP" <-> "Streetfighter V4SP2"  (streetfighter-v4sp / streetfighter-v4sp2)
  motorcycle ducati             "SuperSport" <-> "SuperSport S"  (supersport / supersport-s)
  motorcycle ducati             "SuperSport 950" <-> "SuperSport 950 S"  (supersport-950 / supersport-950-s)
  motorcycle ducati             "XDiavel" <-> "Xdiavel S"  (xdiavel / xdiavel-s)
  motorcycle ebr                "1190RX" <-> "1190SX"  (1190rx / 1190sx)
  motorcycle gas-gas            "EC 250" <-> "EC 250F"  (ec-250 / ec-250f)
  motorcycle gas-gas            "EC 250" <-> "EC350"  (ec-250 / ec350)
  motorcycle gas-gas            "EC 250" <-> "EC450"  (ec-250 / ec450)
  motorcycle gas-gas            "EC 250F" <-> "EC 350F"  (ec-250f / ec-350f)
  motorcycle gas-gas            "EC 250F" <-> "EC 450F"  (ec-250f / ec-450f)
  motorcycle gas-gas            "EC 300" <-> "EC350"  (ec-300 / ec350)
  motorcycle gas-gas            "EC 350F" <-> "EC 450F"  (ec-350f / ec-450f)
  motorcycle gas-gas            "EC 350F" <-> "EC350"  (ec-350f / ec350)
  motorcycle gas-gas            "EC 450F" <-> "EC450"  (ec-450f / ec450)
  motorcycle gas-gas            "EC350" <-> "EC450"  (ec350 / ec450)
  motorcycle gilera             "Nexus 300" <-> "Nexus 500"  (nexus-300 / nexus-500)
  motorcycle gpx                "Drone Keyless" <-> "Drone Keyless-S"  (drone-keyless / drone-keyless-s)
  motorcycle harley-davidson    "1200 Custom Limited" <-> "1200 Custom Limited A"  (1200-custom-limited / 1200-custom-limited-a)
  motorcycle harley-davidson    "1200 Custom Limited" <-> "1200 Custom Limited B"  (1200-custom-limited / 1200-custom-limited-b)
  motorcycle harley-davidson    "1200 Custom Limited A" <-> "1200 Custom Limited B"  (1200-custom-limited-a / 1200-custom-limited-b)
  motorcycle harley-davidson    "Fat Bob" <-> "Fat Boy"  (fat-bob / fat-boy)
  motorcycle harley-davidson    "Fat BOB114" <-> "Fat BOY114"  (fat-bob114 / fat-boy114)
  motorcycle harley-davidson    "Fat Boy" <-> "Fat Boy S"  (fat-boy / fat-boy-s)
  motorcycle harley-davidson    "FL1200" <-> "FLH1200"  (fl1200 / flh1200)
  motorcycle harley-davidson    "FL1200" <-> "FX1200"  (fl1200 / fx1200)
  motorcycle harley-davidson    "FL1200" <-> "XL1200"  (fl1200 / xl1200)
  motorcycle harley-davidson    "FLD103" <-> "FLS103"  (fld103 / fls103)
  motorcycle harley-davidson    "Flde" <-> "Fle"  (flde / fle)
  motorcycle harley-davidson    "Flfb" <-> "Flfbs"  (flfb / flfbs)
  motorcycle harley-davidson    "Flfb" <-> "Flsb"  (flfb / flsb)
  motorcycle harley-davidson    "Flfb" <-> "Fxfb"  (flfb / fxfb)
  motorcycle harley-davidson    "Flfbs" <-> "Fxfbs"  (flfbs / fxfbs)
  motorcycle harley-davidson    "FLH Electra Glide" <-> "Flhs Electra Glide"  (flh-electra-glide / flhs-electra-glide)
  motorcycle harley-davidson    "FLH Electra Glide" <-> "FLHT Electra Glide"  (flh-electra-glide / flht-electra-glide)
  motorcycle harley-davidson    "FLH1200" <-> "XLH1200"  (flh1200 / xlh1200)
  motorcycle harley-davidson    "Flhc" <-> "Flhcs"  (flhc / flhcs)
  motorcycle harley-davidson    "Flhc" <-> "Flhp"  (flhc / flhp)
  motorcycle harley-davidson    "Flhc" <-> "Flhr"  (flhc / flhr)
  motorcycle harley-davidson    "Flhc" <-> "FLHRC"  (flhc / flhrc)
  motorcycle harley-davidson    "Flhc" <-> "Flhs"  (flhc / flhs)
  motorcycle harley-davidson    "Flhc" <-> "FLHTC"  (flhc / flhtc)
  motorcycle harley-davidson    "Flhc" <-> "Flhx"  (flhc / flhx)
  motorcycle harley-davidson    "Flhc" <-> "Fltc"  (flhc / fltc)
  motorcycle harley-davidson    "Flhcs" <-> "Flhrs"  (flhcs / flhrs)
  motorcycle harley-davidson    "Flhcs" <-> "Flhs"  (flhcs / flhs)
  motorcycle harley-davidson    "Flhcs" <-> "Flhxs"  (flhcs / flhxs)
  motorcycle harley-davidson    "Flhcui" <-> "FLHTCUI"  (flhcui / flhtcui)
  motorcycle harley-davidson    "Flhp" <-> "Flhpi"  (flhp / flhpi)
  motorcycle harley-davidson    "Flhp" <-> "Flhr"  (flhp / flhr)
  motorcycle harley-davidson    "Flhp" <-> "Flhs"  (flhp / flhs)
  motorcycle harley-davidson    "Flhp" <-> "Flhtp"  (flhp / flhtp)
  motorcycle harley-davidson    "Flhp" <-> "Flhx"  (flhp / flhx)
  motorcycle harley-davidson    "Flhpi" <-> "FLHRI"  (flhpi / flhri)
  motorcycle harley-davidson    "Flhpi" <-> "Flhtpi"  (flhpi / flhtpi)
  motorcycle harley-davidson    "Flhpi" <-> "Flhxi"  (flhpi / flhxi)
  motorcycle harley-davidson    "Flhr" <-> "Flhr 1"  (flhr / flhr-1)
  motorcycle harley-davidson    "Flhr" <-> "FLHRC"  (flhr / flhrc)
  motorcycle harley-davidson    "Flhr" <-> "FLHRI"  (flhr / flhri)
  motorcycle harley-davidson    "Flhr" <-> "Flhrs"  (flhr / flhrs)
  motorcycle harley-davidson    "Flhr" <-> "Flhs"  (flhr / flhs)
  motorcycle harley-davidson    "Flhr" <-> "Flhx"  (flhr / flhx)
  motorcycle harley-davidson    "Flhr" <-> "Fltr"  (flhr / fltr)
  motorcycle harley-davidson    "Flhr 1" <-> "FLHRC"  (flhr-1 / flhrc)
  motorcycle harley-davidson    "Flhr 1" <-> "Flhrc 1"  (flhr-1 / flhrc-1)
  motorcycle harley-davidson    "Flhr 1" <-> "FLHRI"  (flhr-1 / flhri)
  motorcycle harley-davidson    "Flhr 1" <-> "Flhrs"  (flhr-1 / flhrs)
  motorcycle harley-davidson    "Flhr Road King" <-> "FLHRC Road King"  (flhr-road-king / flhrc-road-king)
  motorcycle harley-davidson    "Flhr Road King" <-> "FLHRI Road King"  (flhr-road-king / flhri-road-king)
  motorcycle harley-davidson    "Flhr Road King" <-> "Flhrs Road King"  (flhr-road-king / flhrs-road-king)
  motorcycle harley-davidson    "FLHRC" <-> "Flhrc 1"  (flhrc / flhrc-1)
  motorcycle harley-davidson    "FLHRC" <-> "Flhrci"  (flhrc / flhrci)
  motorcycle harley-davidson    "FLHRC" <-> "FLHRI"  (flhrc / flhri)
  motorcycle harley-davidson    "FLHRC" <-> "Flhrs"  (flhrc / flhrs)
  motorcycle harley-davidson    "FLHRC" <-> "FLHTC"  (flhrc / flhtc)
  motorcycle harley-davidson    "Flhrc 1" <-> "Flhrci"  (flhrc-1 / flhrci)
  motorcycle harley-davidson    "FLHRC Road King" <-> "Flhrci Road King"  (flhrc-road-king / flhrci-road-king)
  motorcycle harley-davidson    "FLHRC Road King" <-> "FLHRI Road King"  (flhrc-road-king / flhri-road-king)
  motorcycle harley-davidson    "FLHRC Road King" <-> "Flhrs Road King"  (flhrc-road-king / flhrs-road-king)
  motorcycle harley-davidson    "FLHRC Road King Classic" <-> "Flhrci Road King Classic"  (flhrc-road-king-classic / flhrci-road-king-classic)
  motorcycle harley-davidson    "Flhrci" <-> "FLHRI"  (flhrci / flhri)
  motorcycle harley-davidson    "Flhrci" <-> "Flhrsi"  (flhrci / flhrsi)
  motorcycle harley-davidson    "Flhrci" <-> "FLHTCI"  (flhrci / flhtci)
  motorcycle harley-davidson    "Flhrci Road King" <-> "FLHRI Road King"  (flhrci-road-king / flhri-road-king)
  motorcycle harley-davidson    "FLHRI" <-> "Flhrs"  (flhri / flhrs)
  motorcycle harley-davidson    "FLHRI" <-> "Flhrsi"  (flhri / flhrsi)
  motorcycle harley-davidson    "FLHRI" <-> "Flhxi"  (flhri / flhxi)
  motorcycle harley-davidson    "FLHRI" <-> "Fltri"  (flhri / fltri)
  motorcycle harley-davidson    "FLHRI Road King" <-> "Flhrs Road King"  (flhri-road-king / flhrs-road-king)
  motorcycle harley-davidson    "Flhrs" <-> "Flhrse"  (flhrs / flhrse)
  motorcycle harley-davidson    "Flhrs" <-> "Flhrsi"  (flhrs / flhrsi)
  motorcycle harley-davidson    "Flhrs" <-> "Flhrxs"  (flhrs / flhrxs)
  motorcycle harley-davidson    "Flhrs" <-> "Flhs"  (flhrs / flhs)
  motorcycle harley-davidson    "Flhrs" <-> "Flhxs"  (flhrs / flhxs)
  motorcycle harley-davidson    "Flhrs Road King" <-> "Flhrse Road King"  (flhrs-road-king / flhrse-road-king)
  motorcycle harley-davidson    "Flhrs Road King Custom" <-> "Flhrsi Road King Custom"  (flhrs-road-king-custom / flhrsi-road-king-custom)
  motorcycle harley-davidson    "Flhrse" <-> "Flhrsi"  (flhrse / flhrsi)
  motorcycle harley-davidson    "Flhrse" <-> "Flhxse"  (flhrse / flhxse)
  motorcycle harley-davidson    "Flhrxs" <-> "Flhxs"  (flhrxs / flhxs)
  motorcycle harley-davidson    "Flhrxs" <-> "Fltrxs"  (flhrxs / fltrxs)
  motorcycle harley-davidson    "Flhs" <-> "Flhx"  (flhs / flhx)
  motorcycle harley-davidson    "Flhs" <-> "Flhxs"  (flhs / flhxs)
  motorcycle harley-davidson    "Flhs" <-> "Fls"  (flhs / fls)
  motorcycle harley-davidson    "Flhs" <-> "Flss"  (flhs / flss)
  motorcycle harley-davidson    "Flhs Electra Glide" <-> "FLHT Electra Glide"  (flhs-electra-glide / flht-electra-glide)
  motorcycle harley-davidson    "FLHT Electra Glide" <-> "Flhtp Electra Glide"  (flht-electra-glide / flhtp-electra-glide)
  motorcycle harley-davidson    "FLHT-Electra Glide Classic" <-> "FLHTC Electra Glide Classic"  (flht-electra-glide-classic / flhtc-electra-glide-classic)
  motorcycle harley-davidson    "FLHTC" <-> "FLHTCI"  (flhtc / flhtci)
  motorcycle harley-davidson    "FLHTC" <-> "Flhtcu"  (flhtc / flhtcu)
  motorcycle harley-davidson    "FLHTC" <-> "Flhtp"  (flhtc / flhtp)
  motorcycle harley-davidson    "FLHTC" <-> "Flhtu"  (flhtc / flhtu)
  motorcycle harley-davidson    "FLHTC" <-> "Fltc"  (flhtc / fltc)
  motorcycle harley-davidson    "FLHTC Electra Glide Classic" <-> "Flhtci Electra Glide Classic"  (flhtc-electra-glide-classic / flhtci-electra-glide-classic)
  motorcycle harley-davidson    "FLHTCI" <-> "Flhtcu"  (flhtci / flhtcu)
  motorcycle harley-davidson    "FLHTCI" <-> "FLHTCUI"  (flhtci / flhtcui)
  motorcycle harley-davidson    "FLHTCI" <-> "Flhtpi"  (flhtci / flhtpi)
  motorcycle harley-davidson    "Flhtci Electra Glide" <-> "Flhtcui Electra Glide"  (flhtci-electra-glide / flhtcui-electra-glide)
  motorcycle harley-davidson    "Flhtcse" <-> "Flhtcse 2"  (flhtcse / flhtcse-2)
  motorcycle harley-davidson    "Flhtcse" <-> "Flhtcuse"  (flhtcse / flhtcuse)
  motorcycle harley-davidson    "Flhtcse" <-> "Flhtkse"  (flhtcse / flhtkse)
  motorcycle harley-davidson    "Flhtcu" <-> "Flhtcu-1"  (flhtcu / flhtcu-1)
  motorcycle harley-davidson    "Flhtcu" <-> "FLHTCUI"  (flhtcu / flhtcui)
  motorcycle harley-davidson    "Flhtcu" <-> "Flhtu"  (flhtcu / flhtu)
  motorcycle harley-davidson    "Flhtcu-1" <-> "FLHTCUI"  (flhtcu-1 / flhtcui)
  motorcycle harley-davidson    "Flhtcu Electra Glide Ultra Classic" <-> "Flhtcui Electra Glide Ultra Classic"  (flhtcu-electra-glide-ultra-classic / flhtcui-electra-glide-ultra-classic)
  motorcycle harley-davidson    "Flhtcu Ultra Classic" <-> "Flhtcui Ultra Classic"  (flhtcu-ultra-classic / flhtcui-ultra-classic)
  motorcycle harley-davidson    "Flhtcuse" <-> "Flhtcuse 6"  (flhtcuse / flhtcuse-6)
  motorcycle harley-davidson    "Flhtcuse" <-> "Flhtcuse 7"  (flhtcuse / flhtcuse-7)
  motorcycle harley-davidson    "Flhtcuse 4CVO Ultra Classic Electra Glide" <-> "Flhtcuse 5CVO Ultra Classic Electra Glide"  (flhtcuse-4cvo-ultra-classic-electra-glide / flhtcuse-5cvo-ultra-classic-electra-glide)
  motorcycle harley-davidson    "Flhtcuse 4CVO Ultra Classic Electra Glide" <-> "Flhtcuse 6CVO Ultra Classic Electra Glide"  (flhtcuse-4cvo-ultra-classic-electra-glide / flhtcuse-6cvo-ultra-classic-electra-glide)
  motorcycle harley-davidson    "Flhtcuse 4CVO Ultra Classic Electra Glide" <-> "Flhtcuse 7CVO Ultra Classic Electra Glide"  (flhtcuse-4cvo-ultra-classic-electra-glide / flhtcuse-7cvo-ultra-classic-electra-glide)
  motorcycle harley-davidson    "Flhtcuse 4CVO Ultra Classic Electra Glide" <-> "Flhtcuse 8CVO Ultra Classic Electra Glide"  (flhtcuse-4cvo-ultra-classic-electra-glide / flhtcuse-8cvo-ultra-classic-electra-glide)
  motorcycle harley-davidson    "Flhtcuse 5CVO Ultra Classic Electra Glide" <-> "Flhtcuse 6CVO Ultra Classic Electra Glide"  (flhtcuse-5cvo-ultra-classic-electra-glide / flhtcuse-6cvo-ultra-classic-electra-glide)
  motorcycle harley-davidson    "Flhtcuse 5CVO Ultra Classic Electra Glide" <-> "Flhtcuse 7CVO Ultra Classic Electra Glide"  (flhtcuse-5cvo-ultra-classic-electra-glide / flhtcuse-7cvo-ultra-classic-electra-glide)
  motorcycle harley-davidson    "Flhtcuse 5CVO Ultra Classic Electra Glide" <-> "Flhtcuse 8CVO Ultra Classic Electra Glide"  (flhtcuse-5cvo-ultra-classic-electra-glide / flhtcuse-8cvo-ultra-classic-electra-glide)
  motorcycle harley-davidson    "Flhtcuse 6" <-> "Flhtcuse 7"  (flhtcuse-6 / flhtcuse-7)
  motorcycle harley-davidson    "Flhtcuse 6CVO Ultra Classic Electra Glide" <-> "Flhtcuse 7CVO Ultra Classic Electra Glide"  (flhtcuse-6cvo-ultra-classic-electra-glide / flhtcuse-7cvo-ultra-classic-electra-glide)
  motorcycle harley-davidson    "Flhtcuse 6CVO Ultra Classic Electra Glide" <-> "Flhtcuse 8CVO Ultra Classic Electra Glide"  (flhtcuse-6cvo-ultra-classic-electra-glide / flhtcuse-8cvo-ultra-classic-electra-glide)
  motorcycle harley-davidson    "Flhtcuse 7CVO Ultra Classic Electra Glide" <-> "Flhtcuse 8CVO Ultra Classic Electra Glide"  (flhtcuse-7cvo-ultra-classic-electra-glide / flhtcuse-8cvo-ultra-classic-electra-glide)
  motorcycle harley-davidson    "Flhtp" <-> "Flhtpi"  (flhtp / flhtpi)
  motorcycle harley-davidson    "Flhtp" <-> "Flhtu"  (flhtp / flhtu)
  motorcycle harley-davidson    "Flhx" <-> "Flhxi"  (flhx / flhxi)
  motorcycle harley-davidson    "Flhx" <-> "Flhxs"  (flhx / flhxs)
  motorcycle harley-davidson    "Flhx Sreet Glide" <-> "Flhx Street Glide"  (flhx-sreet-glide / flhx-street-glide)
  motorcycle harley-davidson    "Flhx Street Glide" <-> "Flhxi Street Glide"  (flhx-street-glide / flhxi-street-glide)
  motorcycle harley-davidson    "Flhx Street Glide" <-> "Flhxs Street Glide"  (flhx-street-glide / flhxs-street-glide)
  motorcycle harley-davidson    "Flhx Street Glide" <-> "Flhxs Streetglide"  (flhx-street-glide / flhxs-streetglide)
  motorcycle harley-davidson    "Flhxi" <-> "Flhxs"  (flhxi / flhxs)
  motorcycle harley-davidson    "Flhxi Street Glide" <-> "Flhxs Street Glide"  (flhxi-street-glide / flhxs-street-glide)
  motorcycle harley-davidson    "Flhxi Street Glide" <-> "Flhxs Streetglide"  (flhxi-street-glide / flhxs-streetglide)
  motorcycle harley-davidson    "Flhxs" <-> "Flhxse"  (flhxs / flhxse)
  motorcycle harley-davidson    "Flhxs" <-> "Flhxst"  (flhxs / flhxst)
  motorcycle harley-davidson    "Flhxse" <-> "Flhxst"  (flhxse / flhxst)
  motorcycle harley-davidson    "Flhxse 2CVO Street Glide" <-> "Flhxse 3CVO Street Glide"  (flhxse-2cvo-street-glide / flhxse-3cvo-street-glide)
  motorcycle harley-davidson    "Flhxse 2CVO Street Glide" <-> "Flhxse CVO Street Glide"  (flhxse-2cvo-street-glide / flhxse-cvo-street-glide)
  motorcycle harley-davidson    "Flhxse 3CVO Street Glide" <-> "Flhxse CVO Street Glide"  (flhxse-3cvo-street-glide / flhxse-cvo-street-glide)
  motorcycle harley-davidson    "Flrt" <-> "Flst"  (flrt / flst)
  motorcycle harley-davidson    "Flrt" <-> "Flt"  (flrt / flt)
  motorcycle harley-davidson    "Flrt" <-> "Fxrt"  (flrt / fxrt)
  motorcycle harley-davidson    "Flsb" <-> "Flsl"  (flsb / flsl)
  motorcycle harley-davidson    "Flsb" <-> "Flss"  (flsb / flss)
  motorcycle harley-davidson    "Flsb" <-> "Flst"  (flsb / flst)
  motorcycle harley-davidson    "Flsb" <-> "Fxsb"  (flsb / fxsb)
  motorcycle harley-davidson    "Flsl" <-> "Flss"  (flsl / flss)
  motorcycle harley-davidson    "Flsl" <-> "Flst"  (flsl / flst)
  motorcycle harley-davidson    "Flss" <-> "Flst"  (flss / flst)
  motorcycle harley-davidson    "Flss" <-> "Flsts"  (flss / flsts)
  motorcycle harley-davidson    "Flst" <-> "FLSTF"  (flst / flstf)
  motorcycle harley-davidson    "Flst" <-> "Flsti"  (flst / flsti)
  motorcycle harley-davidson    "Flst" <-> "FLSTN"  (flst / flstn)
  motorcycle harley-davidson    "Flst" <-> "Flsts"  (flst / flsts)
  motorcycle harley-davidson    "Flst" <-> "Flt"  (flst / flt)
  motorcycle harley-davidson    "Flst" <-> "FXST"  (flst / fxst)
  motorcycle harley-davidson    "Flst Softail" <-> "Flstc Softail"  (flst-softail / flstc-softail)
  motorcycle harley-davidson    "Flst Softail" <-> "FLSTN Softail"  (flst-softail / flstn-softail)
  motorcycle harley-davidson    "Flst Softail" <-> "FXST Softail"  (flst-softail / fxst-softail)
  motorcycle harley-davidson    "Flstc Heritage Softail Classic" <-> "Flstci Heritage Softail Classic"  (flstc-heritage-softail-classic / flstci-heritage-softail-classic)
  motorcycle harley-davidson    "Flstc Softail" <-> "FLSTN Softail"  (flstc-softail / flstn-softail)
  motorcycle harley-davidson    "Flstc Softail" <-> "FXSTC Softail"  (flstc-softail / fxstc-softail)
  motorcycle harley-davidson    "FLSTF" <-> "Flstfb"  (flstf / flstfb)
  motorcycle harley-davidson    "FLSTF" <-> "Flstfi"  (flstf / flstfi)
  motorcycle harley-davidson    "FLSTF" <-> "Flsti"  (flstf / flsti)
  motorcycle harley-davidson    "FLSTF" <-> "FLSTN"  (flstf / flstn)
  motorcycle harley-davidson    "FLSTF" <-> "Flsts"  (flstf / flsts)
  motorcycle harley-davidson    "FLSTF Fat Boy" <-> "Flstfi Fat Boy"  (flstf-fat-boy / flstfi-fat-boy)
  motorcycle harley-davidson    "Flstfb" <-> "Flstfbs"  (flstfb / flstfbs)
  motorcycle harley-davidson    "Flstfb" <-> "Flstfi"  (flstfb / flstfi)
  motorcycle harley-davidson    "Flstfi" <-> "Flsti"  (flstfi / flsti)
  motorcycle harley-davidson    "Flstfi" <-> "Flstni"  (flstfi / flstni)
  motorcycle harley-davidson    "Flstfi" <-> "Flstsi"  (flstfi / flstsi)
  motorcycle harley-davidson    "Flstfse" <-> "Flstfse 2"  (flstfse / flstfse-2)
  motorcycle harley-davidson    "Flstfse" <-> "Flstnse"  (flstfse / flstnse)
  motorcycle harley-davidson    "Flstfse" <-> "Flstse"  (flstfse / flstse)
  motorcycle harley-davidson    "Flsti" <-> "FLSTN"  (flsti / flstn)
  motorcycle harley-davidson    "Flsti" <-> "Flstni"  (flsti / flstni)
  motorcycle harley-davidson    "Flsti" <-> "Flsts"  (flsti / flsts)
  motorcycle harley-davidson    "Flsti" <-> "Flstsi"  (flsti / flstsi)
  motorcycle harley-davidson    "Flsti" <-> "Fxsti"  (flsti / fxsti)
  motorcycle harley-davidson    "FLSTN" <-> "Flstni"  (flstn / flstni)
  motorcycle harley-davidson    "FLSTN" <-> "Flsts"  (flstn / flsts)
  motorcycle harley-davidson    "FLSTN Softail Deluxe" <-> "Flstni Softail Deluxe"  (flstn-softail-deluxe / flstni-softail-deluxe)
  motorcycle harley-davidson    "Flstni" <-> "Flstsi"  (flstni / flstsi)
  motorcycle harley-davidson    "Flstnse" <-> "Flstse"  (flstnse / flstse)
  motorcycle harley-davidson    "Flsts" <-> "Flstsc"  (flsts / flstsc)
  motorcycle harley-davidson    "Flsts" <-> "Flstse"  (flsts / flstse)
  motorcycle harley-davidson    "Flsts" <-> "Flstsi"  (flsts / flstsi)
  motorcycle harley-davidson    "Flsts" <-> "FXSTS"  (flsts / fxsts)
  motorcycle harley-davidson    "Flstsc" <-> "Flstsci"  (flstsc / flstsci)
  motorcycle harley-davidson    "Flstsc" <-> "Flstse"  (flstsc / flstse)
  motorcycle harley-davidson    "Flstsc" <-> "Flstsi"  (flstsc / flstsi)
  motorcycle harley-davidson    "Flstsc Springer Classic" <-> "Flstsci Springer Classic"  (flstsc-springer-classic / flstsci-springer-classic)
  motorcycle harley-davidson    "Flstsci" <-> "Flstsi"  (flstsci / flstsi)
  motorcycle harley-davidson    "Flstse" <-> "Flstsi"  (flstse / flstsi)
  motorcycle harley-davidson    "Flstsi" <-> "Fxstsi"  (flstsi / fxstsi)
  motorcycle harley-davidson    "Fltc" <-> "Fltr"  (fltc / fltr)
  motorcycle harley-davidson    "Fltr" <-> "Fltri"  (fltr / fltri)
  motorcycle harley-davidson    "Fltr" <-> "Fltrk"  (fltr / fltrk)
  motorcycle harley-davidson    "Fltr" <-> "Fltru"  (fltr / fltru)
  motorcycle harley-davidson    "Fltr" <-> "Fltrx"  (fltr / fltrx)
  motorcycle harley-davidson    "Fltr Road Glide" <-> "Fltri Road Glide"  (fltr-road-glide / fltri-road-glide)
  motorcycle harley-davidson    "Fltr Road Glide" <-> "Fltru Road Glide"  (fltr-road-glide / fltru-road-glide)
  motorcycle harley-davidson    "Fltr Road Glide" <-> "Fltrx Road Glide"  (fltr-road-glide / fltrx-road-glide)
  motorcycle harley-davidson    "Fltri" <-> "Fltrk"  (fltri / fltrk)
  motorcycle harley-davidson    "Fltri" <-> "Fltru"  (fltri / fltru)
  motorcycle harley-davidson    "Fltri" <-> "Fltrx"  (fltri / fltrx)
  motorcycle harley-davidson    "Fltri Road Glide" <-> "Fltru Road Glide"  (fltri-road-glide / fltru-road-glide)
  motorcycle harley-davidson    "Fltri Road Glide" <-> "Fltrx Road Glide"  (fltri-road-glide / fltrx-road-glide)
  motorcycle harley-davidson    "Fltrk" <-> "Fltru"  (fltrk / fltru)
  motorcycle harley-davidson    "Fltrk" <-> "Fltrx"  (fltrk / fltrx)
  motorcycle harley-davidson    "Fltru" <-> "Fltrx"  (fltru / fltrx)
  motorcycle harley-davidson    "Fltru Road Glide" <-> "Fltrx Road Glide"  (fltru-road-glide / fltrx-road-glide)
  motorcycle harley-davidson    "Fltrx" <-> "Fltrxs"  (fltrx / fltrxs)
  motorcycle harley-davidson    "Fltrx Road Glide" <-> "Fltrxs Road Glide"  (fltrx-road-glide / fltrxs-road-glide)
  motorcycle harley-davidson    "Fltrxs" <-> "Fltrxse"  (fltrxs / fltrxse)
  motorcycle harley-davidson    "Fltrxs" <-> "Fltrxst"  (fltrxs / fltrxst)
  motorcycle harley-davidson    "Fltrxse" <-> "Fltrxse 2"  (fltrxse / fltrxse-2)
  motorcycle harley-davidson    "Fltrxse" <-> "Fltrxst"  (fltrxse / fltrxst)
  motorcycle harley-davidson    "Fx Super Glide" <-> "Fxd Super Glide"  (fx-super-glide / fxd-super-glide)
  motorcycle harley-davidson    "Fx Super Glide" <-> "FXR Super Glide"  (fx-super-glide / fxr-super-glide)
  motorcycle harley-davidson    "FX1200" <-> "FXE1200"  (fx1200 / fxe1200)
  motorcycle harley-davidson    "FX1200" <-> "FXS1200"  (fx1200 / fxs1200)
  motorcycle harley-davidson    "Fxb Sturgis" <-> "Fxdb Sturgis"  (fxb-sturgis / fxdb-sturgis)
  motorcycle harley-davidson    "Fxbb" <-> "Fxbbs"  (fxbb / fxbbs)
  motorcycle harley-davidson    "Fxbb" <-> "Fxbr"  (fxbb / fxbr)
  motorcycle harley-davidson    "Fxbb" <-> "Fxdb"  (fxbb / fxdb)
  motorcycle harley-davidson    "Fxbb" <-> "Fxfb"  (fxbb / fxfb)
  motorcycle harley-davidson    "Fxbb" <-> "Fxsb"  (fxbb / fxsb)
  motorcycle harley-davidson    "Fxbb Street Bob" <-> "Fxdb Street Bob"  (fxbb-street-bob / fxdb-street-bob)
  motorcycle harley-davidson    "Fxbbs" <-> "Fxbrs"  (fxbbs / fxbrs)
  motorcycle harley-davidson    "Fxbbs" <-> "Fxfbs"  (fxbbs / fxfbs)
  motorcycle harley-davidson    "Fxbr" <-> "Fxbrs"  (fxbr / fxbrs)
  motorcycle harley-davidson    "Fxbr" <-> "Fxlr"  (fxbr / fxlr)
  motorcycle harley-davidson    "Fxbr" <-> "FXR"  (fxbr / fxr)
  motorcycle harley-davidson    "Fxbrs" <-> "Fxdrs"  (fxbrs / fxdrs)
  motorcycle harley-davidson    "Fxbrs" <-> "Fxlrs"  (fxbrs / fxlrs)
  motorcycle harley-davidson    "Fxbrs" <-> "FXRS"  (fxbrs / fxrs)
  motorcycle harley-davidson    "Fxcw" <-> "Fxcwc"  (fxcw / fxcwc)
  motorcycle harley-davidson    "Fxcw Rocker" <-> "Fxcwc Rocker"  (fxcw-rocker / fxcwc-rocker)
  motorcycle harley-davidson    "Fxcwc Rocker" <-> "Fxcwc Rocker C"  (fxcwc-rocker / fxcwc-rocker-c)
  motorcycle harley-davidson    "Fxd Dyna Super Glide" <-> "FXDI Dyna Super Glide"  (fxd-dyna-super-glide / fxdi-dyna-super-glide)
  motorcycle harley-davidson    "Fxd Super Glide" <-> "FXR Super Glide"  (fxd-super-glide / fxr-super-glide)
  motorcycle harley-davidson    "Fxdb" <-> "Fxdbi"  (fxdb / fxdbi)
  motorcycle harley-davidson    "Fxdb" <-> "Fxdbp"  (fxdb / fxdbp)
  motorcycle harley-davidson    "Fxdb" <-> "Fxdf"  (fxdb / fxdf)
  motorcycle harley-davidson    "Fxdb" <-> "Fxdg"  (fxdb / fxdg)
  motorcycle harley-davidson    "Fxdb" <-> "FXDI"  (fxdb / fxdi)
  motorcycle harley-davidson    "Fxdb" <-> "Fxdl"  (fxdb / fxdl)
  motorcycle harley-davidson    "Fxdb" <-> "Fxdp"  (fxdb / fxdp)
  motorcycle harley-davidson    "Fxdb" <-> "Fxds"  (fxdb / fxds)
  motorcycle harley-davidson    "Fxdb" <-> "Fxdx"  (fxdb / fxdx)
  motorcycle harley-davidson    "Fxdb" <-> "Fxfb"  (fxdb / fxfb)
  motorcycle harley-davidson    "Fxdb" <-> "Fxsb"  (fxdb / fxsb)
  motorcycle harley-davidson    "Fxdb 103" <-> "Fxdl 103"  (fxdb-103 / fxdl-103)
  motorcycle harley-davidson    "Fxdb 103" <-> "Fxsb 103"  (fxdb-103 / fxsb-103)
  motorcycle harley-davidson    "Fxdb Dyna Street Bob" <-> "Fxdbi Dyna Street Bob"  (fxdb-dyna-street-bob / fxdbi-dyna-street-bob)
  motorcycle harley-davidson    "Fxdb Street Bob" <-> "Fxdbi Street Bob"  (fxdb-street-bob / fxdbi-street-bob)
  motorcycle harley-davidson    "Fxdbi" <-> "Fxdbp"  (fxdbi / fxdbp)
  motorcycle harley-davidson    "Fxdbi" <-> "FXDI"  (fxdbi / fxdi)
  motorcycle harley-davidson    "Fxdbi" <-> "Fxdli"  (fxdbi / fxdli)
  motorcycle harley-davidson    "Fxdbi" <-> "Fxdxi"  (fxdbi / fxdxi)
  motorcycle harley-davidson    "Fxdbp" <-> "Fxdp"  (fxdbp / fxdp)
  motorcycle harley-davidson    "Fxdf" <-> "Fxdg"  (fxdf / fxdg)
  motorcycle harley-davidson    "Fxdf" <-> "FXDI"  (fxdf / fxdi)
  motorcycle harley-davidson    "Fxdf" <-> "Fxdl"  (fxdf / fxdl)
  motorcycle harley-davidson    "Fxdf" <-> "Fxdp"  (fxdf / fxdp)
  motorcycle harley-davidson    "Fxdf" <-> "Fxds"  (fxdf / fxds)
  motorcycle harley-davidson    "Fxdf" <-> "Fxdx"  (fxdf / fxdx)
  motorcycle harley-davidson    "Fxdf" <-> "FXEF"  (fxdf / fxef)
  motorcycle harley-davidson    "Fxdfse" <-> "Fxdse"  (fxdfse / fxdse)
  motorcycle harley-davidson    "Fxdg" <-> "FXDI"  (fxdg / fxdi)
  motorcycle harley-davidson    "Fxdg" <-> "Fxdl"  (fxdg / fxdl)
  motorcycle harley-davidson    "Fxdg" <-> "Fxdp"  (fxdg / fxdp)
  motorcycle harley-davidson    "Fxdg" <-> "Fxds"  (fxdg / fxds)
  motorcycle harley-davidson    "Fxdg" <-> "Fxdwg"  (fxdg / fxdwg)
  motorcycle harley-davidson    "Fxdg" <-> "Fxdx"  (fxdg / fxdx)
  motorcycle harley-davidson    "Fxdg" <-> "Fxwg"  (fxdg / fxwg)
  motorcycle harley-davidson    "FXDI" <-> "Fxdl"  (fxdi / fxdl)
  motorcycle harley-davidson    "FXDI" <-> "Fxdli"  (fxdi / fxdli)
  motorcycle harley-davidson    "FXDI" <-> "Fxdp"  (fxdi / fxdp)
  motorcycle harley-davidson    "FXDI" <-> "Fxds"  (fxdi / fxds)
  motorcycle harley-davidson    "FXDI" <-> "Fxdx"  (fxdi / fxdx)
  motorcycle harley-davidson    "FXDI" <-> "Fxdxi"  (fxdi / fxdxi)
  motorcycle harley-davidson    "Fxdl" <-> "Fxdli"  (fxdl / fxdli)
  motorcycle harley-davidson    "Fxdl" <-> "Fxdls"  (fxdl / fxdls)
  motorcycle harley-davidson    "Fxdl" <-> "Fxdp"  (fxdl / fxdp)
  motorcycle harley-davidson    "Fxdl" <-> "Fxds"  (fxdl / fxds)
  motorcycle harley-davidson    "Fxdl" <-> "Fxdx"  (fxdl / fxdx)
  motorcycle harley-davidson    "Fxdl" <-> "Fxrl"  (fxdl / fxrl)
  motorcycle harley-davidson    "Fxdl Dyna Low Rider" <-> "Fxdli Dyna Low Rider"  (fxdl-dyna-low-rider / fxdli-dyna-low-rider)
  motorcycle harley-davidson    "Fxdli" <-> "Fxdls"  (fxdli / fxdls)
  motorcycle harley-davidson    "Fxdli" <-> "Fxdxi"  (fxdli / fxdxi)
  motorcycle harley-davidson    "Fxdls" <-> "Fxdrs"  (fxdls / fxdrs)
  motorcycle harley-davidson    "Fxdls" <-> "Fxds"  (fxdls / fxds)
  motorcycle harley-davidson    "Fxdp" <-> "Fxds"  (fxdp / fxds)
  motorcycle harley-davidson    "Fxdp" <-> "Fxdx"  (fxdp / fxdx)
  motorcycle harley-davidson    "Fxdp" <-> "Fxrp"  (fxdp / fxrp)
  motorcycle harley-davidson    "Fxdrs" <-> "Fxds"  (fxdrs / fxds)
  motorcycle harley-davidson    "Fxdrs" <-> "Fxlrs"  (fxdrs / fxlrs)
  motorcycle harley-davidson    "Fxdrs" <-> "FXRS"  (fxdrs / fxrs)
  motorcycle harley-davidson    "Fxds" <-> "Fxdse"  (fxds / fxdse)
  motorcycle harley-davidson    "Fxds" <-> "Fxdx"  (fxds / fxdx)
  motorcycle harley-davidson    "Fxds" <-> "FXRS"  (fxds / fxrs)
  motorcycle harley-davidson    "Fxds" <-> "FXS"  (fxds / fxs)
  motorcycle harley-davidson    "Fxdse" <-> "Fxse"  (fxdse / fxse)
  motorcycle harley-davidson    "Fxdwg" <-> "Fxdwgi"  (fxdwg / fxdwgi)
  motorcycle harley-davidson    "Fxdwg" <-> "Fxwg"  (fxdwg / fxwg)
  motorcycle harley-davidson    "Fxdwg Dyna Wide Glide" <-> "Fxdwgi Dyna Wide Glide"  (fxdwg-dyna-wide-glide / fxdwgi-dyna-wide-glide)
  motorcycle harley-davidson    "Fxdwg Wide Glide" <-> "Fxwg Wide Glide"  (fxdwg-wide-glide / fxwg-wide-glide)
  motorcycle harley-davidson    "Fxdx" <-> "Fxdxi"  (fxdx / fxdxi)
  motorcycle harley-davidson    "Fxdx" <-> "Fxdxt"  (fxdx / fxdxt)
  motorcycle harley-davidson    "Fxdxi" <-> "Fxdxt"  (fxdxi / fxdxt)
  motorcycle harley-davidson    "FXE1200" <-> "FXS1200"  (fxe1200 / fxs1200)
  motorcycle harley-davidson    "Fxfb" <-> "Fxfbs"  (fxfb / fxfbs)
  motorcycle harley-davidson    "Fxfb" <-> "Fxsb"  (fxfb / fxsb)
  motorcycle harley-davidson    "Fxlr" <-> "Fxlrs"  (fxlr / fxlrs)
  motorcycle harley-davidson    "Fxlr" <-> "FXR"  (fxlr / fxr)
  motorcycle harley-davidson    "Fxlrs" <-> "Fxlrst"  (fxlrs / fxlrst)
  motorcycle harley-davidson    "Fxlrs" <-> "FXRS"  (fxlrs / fxrs)
  motorcycle harley-davidson    "Fxlrst" <-> "Fxrst"  (fxlrst / fxrst)
  motorcycle harley-davidson    "FXR2" <-> "FXR3"  (fxr2 / fxr3)
  motorcycle harley-davidson    "FXR2" <-> "FXR5"  (fxr2 / fxr5)
  motorcycle harley-davidson    "FXR2" <-> "Fxrc"  (fxr2 / fxrc)
  motorcycle harley-davidson    "FXR2" <-> "Fxrl"  (fxr2 / fxrl)
  motorcycle harley-davidson    "FXR2" <-> "Fxrp"  (fxr2 / fxrp)
  motorcycle harley-davidson    "FXR2" <-> "FXRS"  (fxr2 / fxrs)
  motorcycle harley-davidson    "FXR2" <-> "Fxrt"  (fxr2 / fxrt)
  motorcycle harley-davidson    "FXR3" <-> "FXR5"  (fxr3 / fxr5)
  motorcycle harley-davidson    "FXR3" <-> "Fxrc"  (fxr3 / fxrc)
  motorcycle harley-davidson    "FXR3" <-> "Fxrl"  (fxr3 / fxrl)
  motorcycle harley-davidson    "FXR3" <-> "Fxrp"  (fxr3 / fxrp)
  motorcycle harley-davidson    "FXR3" <-> "FXRS"  (fxr3 / fxrs)
  motorcycle harley-davidson    "FXR3" <-> "Fxrt"  (fxr3 / fxrt)
  motorcycle harley-davidson    "FXR5" <-> "Fxrc"  (fxr5 / fxrc)
  motorcycle harley-davidson    "FXR5" <-> "Fxrl"  (fxr5 / fxrl)
  motorcycle harley-davidson    "FXR5" <-> "Fxrp"  (fxr5 / fxrp)
  motorcycle harley-davidson    "FXR5" <-> "FXRS"  (fxr5 / fxrs)
  motorcycle harley-davidson    "FXR5" <-> "Fxrt"  (fxr5 / fxrt)
  motorcycle harley-davidson    "Fxrc" <-> "Fxrl"  (fxrc / fxrl)
  motorcycle harley-davidson    "Fxrc" <-> "Fxrp"  (fxrc / fxrp)
  motorcycle harley-davidson    "Fxrc" <-> "FXRS"  (fxrc / fxrs)
  motorcycle harley-davidson    "Fxrc" <-> "Fxrt"  (fxrc / fxrt)
  motorcycle harley-davidson    "Fxrl" <-> "Fxrp"  (fxrl / fxrp)
  motorcycle harley-davidson    "Fxrl" <-> "FXRS"  (fxrl / fxrs)
  motorcycle harley-davidson    "Fxrl" <-> "Fxrt"  (fxrl / fxrt)
  motorcycle harley-davidson    "Fxrp" <-> "FXRS"  (fxrp / fxrs)
  motorcycle harley-davidson    "Fxrp" <-> "Fxrt"  (fxrp / fxrt)
  motorcycle harley-davidson    "FXRS" <-> "Fxrst"  (fxrs / fxrst)
  motorcycle harley-davidson    "FXRS" <-> "Fxrt"  (fxrs / fxrt)
  motorcycle harley-davidson    "FXRS" <-> "FXS"  (fxrs / fxs)
  motorcycle harley-davidson    "FXRS Low Rider" <-> "FXS Low Rider"  (fxrs-low-rider / fxs-low-rider)
  motorcycle harley-davidson    "Fxrst" <-> "Fxrt"  (fxrst / fxrt)
  motorcycle harley-davidson    "Fxrst" <-> "FXST"  (fxrst / fxst)
  motorcycle harley-davidson    "Fxrt" <-> "FXST"  (fxrt / fxst)
  motorcycle harley-davidson    "FXS Low Rider" <-> "Fxsb Low Rider"  (fxs-low-rider / fxsb-low-rider)
  motorcycle harley-davidson    "Fxsb" <-> "Fxse"  (fxsb / fxse)
  motorcycle harley-davidson    "Fxsb" <-> "FXST"  (fxsb / fxst)
  motorcycle harley-davidson    "Fxsb" <-> "Fxstb"  (fxsb / fxstb)
  motorcycle harley-davidson    "Fxse" <-> "FXST"  (fxse / fxst)
  motorcycle harley-davidson    "FXST" <-> "Fxstb"  (fxst / fxstb)
  motorcycle harley-davidson    "FXST" <-> "FXSTC"  (fxst / fxstc)
  motorcycle harley-davidson    "FXST" <-> "Fxstd"  (fxst / fxstd)
  motorcycle harley-davidson    "FXST" <-> "Fxsti"  (fxst / fxsti)
  motorcycle harley-davidson    "FXST" <-> "Fxstl"  (fxst / fxstl)
  motorcycle harley-davidson    "FXST" <-> "FXSTS"  (fxst / fxsts)
  motorcycle harley-davidson    "FXST Softail" <-> "FXSTC Softail"  (fxst-softail / fxstc-softail)
  motorcycle harley-davidson    "FXST Softail" <-> "Fxsti Softail"  (fxst-softail / fxsti-softail)
  motorcycle harley-davidson    "FXST Softail Standard" <-> "Fxsti Softail Standard"  (fxst-softail-standard / fxsti-softail-standard)
  motorcycle harley-davidson    "Fxstb" <-> "Fxstbi"  (fxstb / fxstbi)
  motorcycle harley-davidson    "Fxstb" <-> "FXSTC"  (fxstb / fxstc)
  motorcycle harley-davidson    "Fxstb" <-> "Fxstd"  (fxstb / fxstd)
  motorcycle harley-davidson    "Fxstb" <-> "Fxsti"  (fxstb / fxsti)
  motorcycle harley-davidson    "Fxstb" <-> "Fxstl"  (fxstb / fxstl)
  motorcycle harley-davidson    "Fxstb" <-> "FXSTS"  (fxstb / fxsts)
  motorcycle harley-davidson    "Fxstb" <-> "Fxstsb"  (fxstb / fxstsb)
  motorcycle harley-davidson    "Fxstb Night Train" <-> "Fxstbi Night Train"  (fxstb-night-train / fxstbi-night-train)
  motorcycle harley-davidson    "Fxstbi" <-> "Fxstdi"  (fxstbi / fxstdi)
  motorcycle harley-davidson    "Fxstbi" <-> "Fxsti"  (fxstbi / fxsti)
  motorcycle harley-davidson    "Fxstbi" <-> "Fxstsi"  (fxstbi / fxstsi)
  motorcycle harley-davidson    "FXSTC" <-> "Fxstd"  (fxstc / fxstd)
  motorcycle harley-davidson    "FXSTC" <-> "Fxsti"  (fxstc / fxsti)
  motorcycle harley-davidson    "FXSTC" <-> "Fxstl"  (fxstc / fxstl)
  motorcycle harley-davidson    "FXSTC" <-> "FXSTS"  (fxstc / fxsts)
  motorcycle harley-davidson    "FXSTC Softail" <-> "Fxsti Softail"  (fxstc-softail / fxsti-softail)
  motorcycle harley-davidson    "Fxstd" <-> "Fxstdi"  (fxstd / fxstdi)
  motorcycle harley-davidson    "Fxstd" <-> "Fxsti"  (fxstd / fxsti)
  motorcycle harley-davidson    "Fxstd" <-> "Fxstl"  (fxstd / fxstl)
  motorcycle harley-davidson    "Fxstd" <-> "FXSTS"  (fxstd / fxsts)
  motorcycle harley-davidson    "Fxstd Softail Deuce" <-> "Fxstdi Softail Deuce"  (fxstd-softail-deuce / fxstdi-softail-deuce)
  motorcycle harley-davidson    "Fxstdi" <-> "Fxsti"  (fxstdi / fxsti)
  motorcycle harley-davidson    "Fxstdi" <-> "Fxstsi"  (fxstdi / fxstsi)
  motorcycle harley-davidson    "Fxstdse" <-> "Fxstsse"  (fxstdse / fxstsse)
  motorcycle harley-davidson    "Fxsti" <-> "Fxstl"  (fxsti / fxstl)
  motorcycle harley-davidson    "Fxsti" <-> "FXSTS"  (fxsti / fxsts)
  motorcycle harley-davidson    "Fxsti" <-> "Fxstsi"  (fxsti / fxstsi)
  motorcycle harley-davidson    "Fxstl" <-> "FXSTS"  (fxstl / fxsts)
  motorcycle harley-davidson    "FXSTS" <-> "Fxstsb"  (fxsts / fxstsb)
  motorcycle harley-davidson    "FXSTS" <-> "Fxstsi"  (fxsts / fxstsi)
  motorcycle harley-davidson    "Fxstsb" <-> "Fxstsi"  (fxstsb / fxstsi)
  motorcycle harley-davidson    "Low Rider" <-> "Low Rider S"  (low-rider / low-rider-s)
  motorcycle harley-davidson    "Low Rider S" <-> "Low Rider ST"  (low-rider-s / low-rider-st)
  motorcycle harley-davidson    "RA1250S" <-> "RH1250S"  (ra1250s / rh1250s)
  motorcycle harley-davidson    "RH975" <-> "RH975S"  (rh975 / rh975s)
  motorcycle harley-davidson    "Road Glide" <-> "Road Glide 3"  (road-glide / road-glide-3)
  motorcycle harley-davidson    "Soft Tail" <-> "Softail"  (soft-tail / softail)
  motorcycle harley-davidson    "Softail Low Rider" <-> "Softail Low Rider S"  (softail-low-rider / softail-low-rider-s)
  motorcycle harley-davidson    "Softail Low Rider S" <-> "Softail Low Rider ST"  (softail-low-rider-s / softail-low-rider-st)
  motorcycle harley-davidson    "Softail Slim" <-> "Softail Slim S"  (softail-slim / softail-slim-s)
  motorcycle harley-davidson    "Sporster" <-> "Sportster"  (sporster / sportster)
  motorcycle harley-davidson    "Sportster" <-> "Sportster S"  (sportster / sportster-s)
  motorcycle harley-davidson    "Sportster 1000" <-> "Sportster 1200"  (sportster-1000 / sportster-1200)
  motorcycle harley-davidson    "Sportster XL" <-> "Sportster Xlx"  (sportster-xl / sportster-xlx)
  motorcycle harley-davidson    "Street Glide 3 Limited" <-> "Street Glide Limited"  (street-glide-3-limited / street-glide-limited)
  motorcycle harley-davidson    "Vrsc" <-> "VRSCA"  (vrsc / vrsca)
  motorcycle harley-davidson    "Vrsc" <-> "Vrscb"  (vrsc / vrscb)
  motorcycle harley-davidson    "Vrsc" <-> "Vrscd"  (vrsc / vrscd)
  motorcycle harley-davidson    "Vrsc" <-> "Vrscf"  (vrsc / vrscf)
  motorcycle harley-davidson    "Vrsc" <-> "Vrscr"  (vrsc / vrscr)
  motorcycle harley-davidson    "Vrsc" <-> "Vrscx"  (vrsc / vrscx)
  motorcycle harley-davidson    "VRSCA" <-> "Vrscaw"  (vrsca / vrscaw)
  motorcycle harley-davidson    "VRSCA" <-> "Vrscb"  (vrsca / vrscb)
  motorcycle harley-davidson    "VRSCA" <-> "Vrscd"  (vrsca / vrscd)
  motorcycle harley-davidson    "VRSCA" <-> "Vrscf"  (vrsca / vrscf)
  motorcycle harley-davidson    "VRSCA" <-> "Vrscr"  (vrsca / vrscr)
  motorcycle harley-davidson    "VRSCA" <-> "Vrscx"  (vrsca / vrscx)
  motorcycle harley-davidson    "VRSCA V-Rod" <-> "Vrscaw V-Rod"  (vrsca-v-rod / vrscaw-v-rod)
  motorcycle harley-davidson    "VRSCA V-Rod" <-> "Vrscb V-Rod"  (vrsca-v-rod / vrscb-v-rod)
  motorcycle harley-davidson    "Vrscaw V-Rod" <-> "VRSCAWA V-Rod"  (vrscaw-v-rod / vrscawa-v-rod)
  motorcycle harley-davidson    "Vrscb" <-> "Vrscd"  (vrscb / vrscd)
  motorcycle harley-davidson    "Vrscb" <-> "Vrscf"  (vrscb / vrscf)
  motorcycle harley-davidson    "Vrscb" <-> "Vrscr"  (vrscb / vrscr)
  motorcycle harley-davidson    "Vrscb" <-> "Vrscx"  (vrscb / vrscx)
  motorcycle harley-davidson    "Vrscd" <-> "Vrscf"  (vrscd / vrscf)
  motorcycle harley-davidson    "Vrscd" <-> "Vrscr"  (vrscd / vrscr)
  motorcycle harley-davidson    "Vrscd" <-> "Vrscx"  (vrscd / vrscx)
  motorcycle harley-davidson    "Vrscf" <-> "Vrscr"  (vrscf / vrscr)
  motorcycle harley-davidson    "Vrscf" <-> "Vrscx"  (vrscf / vrscx)
  motorcycle harley-davidson    "Vrscr" <-> "Vrscx"  (vrscr / vrscx)
  motorcycle harley-davidson    "Vrscse" <-> "Vrscse 2"  (vrscse / vrscse-2)
  motorcycle harley-davidson    "XG750" <-> "XG750A"  (xg750 / xg750a)
  motorcycle harley-davidson    "XL Sportster 883" <-> "XL Sportster 883L"  (xl-sportster-883 / xl-sportster-883l)
  motorcycle harley-davidson    "XL Sportster 883" <-> "XL Sportster 883R"  (xl-sportster-883 / xl-sportster-883r)
  motorcycle harley-davidson    "XL Sportster 883" <-> "XLH Sportster 883"  (xl-sportster-883 / xlh-sportster-883)
  motorcycle harley-davidson    "XL Sportster 883L" <-> "XL Sportster 883R"  (xl-sportster-883l / xl-sportster-883r)
  motorcycle harley-davidson    "XL1000" <-> "XL1100"  (xl1000 / xl1100)
  motorcycle harley-davidson    "XL1000" <-> "XL1200"  (xl1000 / xl1200)
  motorcycle harley-davidson    "XL1000" <-> "XLH1000"  (xl1000 / xlh1000)
  motorcycle harley-davidson    "XL1000" <-> "XLS1000"  (xl1000 / xls1000)
  motorcycle harley-davidson    "XL1000" <-> "XLX1000"  (xl1000 / xlx1000)
  motorcycle harley-davidson    "XL1000" <-> "XR1000"  (xl1000 / xr1000)
  motorcycle harley-davidson    "XL1000 Sportster" <-> "XL1200 Sportster"  (xl1000-sportster / xl1200-sportster)
  motorcycle harley-davidson    "XL1100" <-> "XL1200"  (xl1100 / xl1200)
  motorcycle harley-davidson    "XL1100" <-> "XLH1100"  (xl1100 / xlh1100)
  motorcycle harley-davidson    "XL1200" <-> "XL1200C"  (xl1200 / xl1200c)
  motorcycle harley-davidson    "XL1200" <-> "XL1200L"  (xl1200 / xl1200l)
  motorcycle harley-davidson    "XL1200" <-> "XL1200N"  (xl1200 / xl1200n)
  motorcycle harley-davidson    "XL1200" <-> "XL1200R"  (xl1200 / xl1200r)
  motorcycle harley-davidson    "XL1200" <-> "XL1200S"  (xl1200 / xl1200s)
  motorcycle harley-davidson    "XL1200" <-> "XL1200V"  (xl1200 / xl1200v)
  motorcycle harley-davidson    "XL1200" <-> "XL1200X"  (xl1200 / xl1200x)
  motorcycle harley-davidson    "XL1200" <-> "XLH1200"  (xl1200 / xlh1200)
  motorcycle harley-davidson    "XL1200" <-> "XR1200"  (xl1200 / xr1200)
  motorcycle harley-davidson    "XL1200 Sportster" <-> "XL1200C Sportster"  (xl1200-sportster / xl1200c-sportster)
  motorcycle harley-davidson    "XL1200 Sportster" <-> "XL1200L-Sportster"  (xl1200-sportster / xl1200l-sportster)
  motorcycle harley-davidson    "XL1200 Sportster" <-> "XLH1200 Sportster"  (xl1200-sportster / xlh1200-sportster)
  motorcycle harley-davidson    "XL1200C" <-> "XL1200CA"  (xl1200c / xl1200ca)
  motorcycle harley-davidson    "XL1200C" <-> "XL1200CB"  (xl1200c / xl1200cb)
  motorcycle harley-davidson    "XL1200C" <-> "XL1200CX"  (xl1200c / xl1200cx)
  motorcycle harley-davidson    "XL1200C" <-> "XL1200L"  (xl1200c / xl1200l)
  motorcycle harley-davidson    "XL1200C" <-> "XL1200N"  (xl1200c / xl1200n)
  motorcycle harley-davidson    "XL1200C" <-> "XL1200R"  (xl1200c / xl1200r)
  motorcycle harley-davidson    "XL1200C" <-> "XL1200S"  (xl1200c / xl1200s)
  motorcycle harley-davidson    "XL1200C" <-> "XL1200V"  (xl1200c / xl1200v)
  motorcycle harley-davidson    "XL1200C" <-> "XL1200X"  (xl1200c / xl1200x)
  motorcycle harley-davidson    "XL1200C Sportster" <-> "XL1200L-Sportster"  (xl1200c-sportster / xl1200l-sportster)
  motorcycle harley-davidson    "XL1200CA" <-> "XL1200CB"  (xl1200ca / xl1200cb)
  motorcycle harley-davidson    "XL1200CA" <-> "XL1200CX"  (xl1200ca / xl1200cx)
  motorcycle harley-davidson    "XL1200CB" <-> "XL1200CX"  (xl1200cb / xl1200cx)
  motorcycle harley-davidson    "XL1200CX" <-> "XL1200X"  (xl1200cx / xl1200x)
  motorcycle harley-davidson    "XL1200L" <-> "XL1200N"  (xl1200l / xl1200n)
  motorcycle harley-davidson    "XL1200L" <-> "XL1200R"  (xl1200l / xl1200r)
  motorcycle harley-davidson    "XL1200L" <-> "XL1200S"  (xl1200l / xl1200s)
  motorcycle harley-davidson    "XL1200L" <-> "XL1200V"  (xl1200l / xl1200v)
  motorcycle harley-davidson    "XL1200L" <-> "XL1200X"  (xl1200l / xl1200x)
  motorcycle harley-davidson    "XL1200N" <-> "XL1200R"  (xl1200n / xl1200r)
  motorcycle harley-davidson    "XL1200N" <-> "XL1200S"  (xl1200n / xl1200s)
  motorcycle harley-davidson    "XL1200N" <-> "XL1200V"  (xl1200n / xl1200v)
  motorcycle harley-davidson    "XL1200N" <-> "XL1200X"  (xl1200n / xl1200x)
  motorcycle harley-davidson    "XL1200N Nighster" <-> "XL1200N Nightster"  (xl1200n-nighster / xl1200n-nightster)
  motorcycle harley-davidson    "XL1200R" <-> "XL1200S"  (xl1200r / xl1200s)
  motorcycle harley-davidson    "XL1200R" <-> "XL1200V"  (xl1200r / xl1200v)
  motorcycle harley-davidson    "XL1200R" <-> "XL1200X"  (xl1200r / xl1200x)
  motorcycle harley-davidson    "XL1200S" <-> "XL1200V"  (xl1200s / xl1200v)
  motorcycle harley-davidson    "XL1200S" <-> "XL1200X"  (xl1200s / xl1200x)
  motorcycle harley-davidson    "XL1200V" <-> "XL1200X"  (xl1200v / xl1200x)
  motorcycle harley-davidson    "XL1200X" <-> "XR1200X"  (xl1200x / xr1200x)
  motorcycle harley-davidson    "XL883" <-> "XL883C"  (xl883 / xl883c)
  motorcycle harley-davidson    "XL883" <-> "XL883L"  (xl883 / xl883l)
  motorcycle harley-davidson    "XL883" <-> "XL883N"  (xl883 / xl883n)
  motorcycle harley-davidson    "XL883" <-> "XL883R"  (xl883 / xl883r)
  motorcycle harley-davidson    "XL883" <-> "XLH883"  (xl883 / xlh883)
  motorcycle harley-davidson    "XL883" <-> "XLX883"  (xl883 / xlx883)
  motorcycle harley-davidson    "XL883 Hugger" <-> "XLH883 Hugger"  (xl883-hugger / xlh883-hugger)
  motorcycle harley-davidson    "XL883 Sportster" <-> "XL883C Sportster"  (xl883-sportster / xl883c-sportster)
  motorcycle harley-davidson    "XL883 Sportster" <-> "XLH883 Sportster"  (xl883-sportster / xlh883-sportster)
  motorcycle harley-davidson    "XL883C" <-> "XL883L"  (xl883c / xl883l)
  motorcycle harley-davidson    "XL883C" <-> "XL883N"  (xl883c / xl883n)
  motorcycle harley-davidson    "XL883C" <-> "XL883R"  (xl883c / xl883r)
  motorcycle harley-davidson    "XL883L" <-> "XL883N"  (xl883l / xl883n)
  motorcycle harley-davidson    "XL883L" <-> "XL883R"  (xl883l / xl883r)
  motorcycle harley-davidson    "XL883N" <-> "XL883R"  (xl883n / xl883r)
  motorcycle harley-davidson    "XL883R" <-> "XLH883R"  (xl883r / xlh883r)
  motorcycle harley-davidson    "Xlch" <-> "XLH"  (xlch / xlh)
  motorcycle harley-davidson    "Xlch 1000" <-> "XLH1000"  (xlch-1000 / xlh1000)
  motorcycle harley-davidson    "XLH1000" <-> "XLH1100"  (xlh1000 / xlh1100)
  motorcycle harley-davidson    "XLH1000" <-> "XLH1200"  (xlh1000 / xlh1200)
  motorcycle harley-davidson    "XLH1000" <-> "XLS1000"  (xlh1000 / xls1000)
  motorcycle harley-davidson    "XLH1000" <-> "XLX1000"  (xlh1000 / xlx1000)
  motorcycle harley-davidson    "XLH1100" <-> "XLH1200"  (xlh1100 / xlh1200)
  motorcycle harley-davidson    "XLH883" <-> "XLH883R"  (xlh883 / xlh883r)
  motorcycle harley-davidson    "XLH883" <-> "XLX883"  (xlh883 / xlx883)
  motorcycle harley-davidson    "XLS1000" <-> "XLX1000"  (xls1000 / xlx1000)
  motorcycle harley-davidson    "XR1000" <-> "XR1200"  (xr1000 / xr1200)
  motorcycle harley-davidson    "XR1200" <-> "XR1200X"  (xr1200 / xr1200x)
  motorcycle honda              "250R" <-> "Z50R"  (250r / z50r)
  motorcycle honda              "ADV150" <-> "ADV160"  (adv150 / adv160)
  motorcycle honda              "ADV150" <-> "ADV350"  (adv150 / adv350)
  motorcycle honda              "ADV150" <-> "ADV750"  (adv150 / adv750)
  motorcycle honda              "ADV350" <-> "ADV350A"  (adv350 / adv350a)
  motorcycle honda              "ADV350" <-> "ADV750"  (adv350 / adv750)
  motorcycle honda              "ANC125" <-> "ANF125"  (anc125 / anf125)
  motorcycle honda              "ANF125" <-> "ANF126"  (anf125 / anf126)
  motorcycle honda              "C100" <-> "C110"  (c100 / c110)
  motorcycle honda              "C100" <-> "C200"  (c100 / c200)
  motorcycle honda              "C100" <-> "CB100"  (c100 / cb100)
  motorcycle honda              "C110" <-> "CT110"  (c110 / ct110)
  motorcycle honda              "C125" <-> "C125A"  (c125 / c125a)
  motorcycle honda              "C125" <-> "CA125"  (c125 / ca125)
  motorcycle honda              "C125" <-> "CB125"  (c125 / cb125)
  motorcycle honda              "C125" <-> "CG125"  (c125 / cg125)
  motorcycle honda              "C125" <-> "CT125"  (c125 / ct125)
  motorcycle honda              "C125" <-> "Z125"  (c125 / z125)
  motorcycle honda              "C200" <-> "CB200"  (c200 / cb200)
  motorcycle honda              "C200" <-> "CT200"  (c200 / ct200)
  motorcycle honda              "C50E" <-> "C70E"  (c50e / c70e)
  motorcycle honda              "C50E" <-> "C90E"  (c50e / c90e)
  motorcycle honda              "C70C" <-> "C70E"  (c70c / c70e)
  motorcycle honda              "C70C" <-> "C90C"  (c70c / c90c)
  motorcycle honda              "C70C" <-> "CF70C"  (c70c / cf70c)
  motorcycle honda              "C70E" <-> "C90E"  (c70e / c90e)
  motorcycle honda              "C70Z2" <-> "C70ZZ"  (c70z2 / c70zz)
  motorcycle honda              "C70ZZ" <-> "C90ZZ"  (c70zz / c90zz)
  motorcycle honda              "C90-N" <-> "C90C"  (c90-n / c90c)
  motorcycle honda              "C90-N" <-> "C90E"  (c90-n / c90e)
  motorcycle honda              "C90-N" <-> "C90M"  (c90-n / c90m)
  motorcycle honda              "C90C" <-> "C90E"  (c90c / c90e)
  motorcycle honda              "C90C" <-> "C90M"  (c90c / c90m)
  motorcycle honda              "C90E" <-> "C90M"  (c90e / c90m)
  motorcycle honda              "C90E" <-> "CT90E"  (c90e / ct90e)
  motorcycle honda              "CA125" <-> "CB125"  (ca125 / cb125)
  motorcycle honda              "CA125" <-> "CG125"  (ca125 / cg125)
  motorcycle honda              "CA125" <-> "CT125"  (ca125 / ct125)
  motorcycle honda              "CB100" <-> "CB1000"  (cb100 / cb1000)
  motorcycle honda              "CB100" <-> "CB1100"  (cb100 / cb1100)
  motorcycle honda              "CB100" <-> "CB1300"  (cb100 / cb1300)
  motorcycle honda              "CB100" <-> "CB160"  (cb100 / cb160)
  motorcycle honda              "CB100" <-> "CB200"  (cb100 / cb200)
  motorcycle honda              "CB100" <-> "CB400"  (cb100 / cb400)
  motorcycle honda              "CB100" <-> "CB500"  (cb100 / cb500)
  motorcycle honda              "CB100" <-> "CB900"  (cb100 / cb900)
  motorcycle honda              "CB1000" <-> "CB1000F"  (cb1000 / cb1000f)
  motorcycle honda              "CB1000" <-> "CB1000R"  (cb1000 / cb1000r)
  motorcycle honda              "CB1000" <-> "CB1100"  (cb1000 / cb1100)
  motorcycle honda              "CB1000" <-> "CB1300"  (cb1000 / cb1300)
  motorcycle honda              "CB1000" <-> "CBF1000"  (cb1000 / cbf1000)
  motorcycle honda              "CB1000" <-> "CBR1000"  (cb1000 / cbr1000)
  motorcycle honda              "CB1000" <-> "CBX1000"  (cb1000 / cbx1000)
  motorcycle honda              "CB1000F" <-> "CB1000R"  (cb1000f / cb1000r)
  motorcycle honda              "CB1000F" <-> "CB1100F"  (cb1000f / cb1100f)
  motorcycle honda              "CB1000F" <-> "CBF1000F"  (cb1000f / cbf1000f)
  motorcycle honda              "CB1000F" <-> "CBR1000F"  (cb1000f / cbr1000f)
  motorcycle honda              "CB1000R" <-> "CB1000R-9"  (cb1000r / cb1000r-9)
  motorcycle honda              "CB1000R" <-> "CB1000RA"  (cb1000r / cb1000ra)
  motorcycle honda              "CB1000R" <-> "CB1100R"  (cb1000r / cb1100r)
  motorcycle honda              "CB1000R-9" <-> "CB1000RA"  (cb1000r-9 / cb1000ra)
  motorcycle honda              "CB1000RA" <-> "CBR1000RA"  (cb1000ra / cbr1000ra)
  motorcycle honda              "CB1000SP" <-> "CBR1000SP"  (cb1000sp / cbr1000sp)
  motorcycle honda              "CB1100" <-> "CB1100A"  (cb1100 / cb1100a)
  motorcycle honda              "CB1100" <-> "CB1100F"  (cb1100 / cb1100f)
  motorcycle honda              "CB1100" <-> "CB1100R"  (cb1100 / cb1100r)
  motorcycle honda              "CB1100" <-> "CB1300"  (cb1100 / cb1300)
  motorcycle honda              "CB1100" <-> "CBR1100"  (cb1100 / cbr1100)
  motorcycle honda              "CB1100A" <-> "CB1100CA"  (cb1100a / cb1100ca)
  motorcycle honda              "CB1100A" <-> "CB1100F"  (cb1100a / cb1100f)
  motorcycle honda              "CB1100A" <-> "CB1100NA"  (cb1100a / cb1100na)
  motorcycle honda              "CB1100A" <-> "CB1100R"  (cb1100a / cb1100r)
  motorcycle honda              "CB1100A" <-> "CB1100SA"  (cb1100a / cb1100sa)
  motorcycle honda              "CB1100CA" <-> "CB1100NA"  (cb1100ca / cb1100na)
  motorcycle honda              "CB1100CA" <-> "CB1100SA"  (cb1100ca / cb1100sa)
  motorcycle honda              "CB1100F" <-> "CB1100R"  (cb1100f / cb1100r)
  motorcycle honda              "CB1100F" <-> "CB1100SF"  (cb1100f / cb1100sf)
  motorcycle honda              "CB1100NA" <-> "CB1100SA"  (cb1100na / cb1100sa)
  motorcycle honda              "CB1100SA" <-> "CB1100SF"  (cb1100sa / cb1100sf)
  motorcycle honda              "CB1100SA" <-> "CB1300SA"  (cb1100sa / cb1300sa)
  motorcycle honda              "CB125" <-> "CB125F"  (cb125 / cb125f)
  motorcycle honda              "CB125" <-> "CB125K"  (cb125 / cb125k)
  motorcycle honda              "CB125" <-> "CB125S"  (cb125 / cb125s)
  motorcycle honda              "CB125" <-> "CB125T"  (cb125 / cb125t)
  motorcycle honda              "CB125" <-> "CB175"  (cb125 / cb175)
  motorcycle honda              "CB125" <-> "CBF125"  (cb125 / cbf125)
  motorcycle honda              "CB125" <-> "CBR125"  (cb125 / cbr125)
  motorcycle honda              "CB125" <-> "CG125"  (cb125 / cg125)
  motorcycle honda              "CB125" <-> "CT125"  (cb125 / ct125)
  motorcycle honda              "CB125F" <-> "CB125K"  (cb125f / cb125k)
  motorcycle honda              "CB125F" <-> "CB125S"  (cb125f / cb125s)
  motorcycle honda              "CB125F" <-> "CB125T"  (cb125f / cb125t)
  motorcycle honda              "CB125K" <-> "CB125K5"  (cb125k / cb125k5)
  motorcycle honda              "CB125K" <-> "CB125S"  (cb125k / cb125s)
  motorcycle honda              "CB125K" <-> "CB125T"  (cb125k / cb125t)
  motorcycle honda              "CB125S" <-> "CB125T"  (cb125s / cb125t)
  motorcycle honda              "CB1300" <-> "CBF300"  (cb1300 / cbf300)
  motorcycle honda              "CB150R" <-> "CB650R"  (cb150r / cb650r)
  motorcycle honda              "CB150R" <-> "CBR150R"  (cb150r / cbr150r)
  motorcycle honda              "CB160" <-> "CB360"  (cb160 / cb360)
  motorcycle honda              "CB175" <-> "CD175"  (cb175 / cd175)
  motorcycle honda              "CB175" <-> "CL175"  (cb175 / cl175)
  motorcycle honda              "CB200" <-> "CB250"  (cb200 / cb250)
  motorcycle honda              "CB200" <-> "CB400"  (cb200 / cb400)
  motorcycle honda              "CB200" <-> "CB500"  (cb200 / cb500)
  motorcycle honda              "CB200" <-> "CB900"  (cb200 / cb900)
  motorcycle honda              "CB200" <-> "CT200"  (cb200 / ct200)
  motorcycle honda              "CB250" <-> "CB250N"  (cb250 / cb250n)
  motorcycle honda              "CB250" <-> "CB250T"  (cb250 / cb250t)
  motorcycle honda              "CB250" <-> "CB350"  (cb250 / cb350)
  motorcycle honda              "CB250" <-> "CB450"  (cb250 / cb450)
  motorcycle honda              "CB250" <-> "CB550"  (cb250 / cb550)
  motorcycle honda              "CB250" <-> "CB650"  (cb250 / cb650)
  motorcycle honda              "CB250" <-> "CB750"  (cb250 / cb750)
  motorcycle honda              "CB250" <-> "CBF250"  (cb250 / cbf250)
  motorcycle honda              "CB250" <-> "CBR250"  (cb250 / cbr250)
  motorcycle honda              "CB250" <-> "CBX250"  (cb250 / cbx250)
  motorcycle honda              "CB250" <-> "CH250"  (cb250 / ch250)
  motorcycle honda              "CB250" <-> "CL250"  (cb250 / cl250)
  motorcycle honda              "CB250" <-> "CN250"  (cb250 / cn250)
  motorcycle honda              "CB250N" <-> "CB250T"  (cb250n / cb250t)
  motorcycle honda              "CB250T" <-> "CJ250T"  (cb250t / cj250t)
  motorcycle honda              "CB300R" <-> "CBR300R"  (cb300r / cbr300r)
  motorcycle honda              "CB350" <-> "CB350E"  (cb350 / cb350e)
  motorcycle honda              "CB350" <-> "CB350F"  (cb350 / cb350f)
  motorcycle honda              "CB350" <-> "CB360"  (cb350 / cb360)
  motorcycle honda              "CB350" <-> "CB450"  (cb350 / cb450)
  motorcycle honda              "CB350" <-> "CB550"  (cb350 / cb550)
  motorcycle honda              "CB350" <-> "CB650"  (cb350 / cb650)
  motorcycle honda              "CB350" <-> "CB750"  (cb350 / cb750)
  motorcycle honda              "CB350" <-> "CL350"  (cb350 / cl350)
  motorcycle honda              "CB350E" <-> "CB350F"  (cb350e / cb350f)
  motorcycle honda              "CB350F" <-> "CB550F"  (cb350f / cb550f)
  motorcycle honda              "CB350F" <-> "CB650F"  (cb350f / cb650f)
  motorcycle honda              "CB350F" <-> "CB750F"  (cb350f / cb750f)
  motorcycle honda              "CB400" <-> "CB400F"  (cb400 / cb400f)
  motorcycle honda              "CB400" <-> "CB400N"  (cb400 / cb400n)
  motorcycle honda              "CB400" <-> "CB450"  (cb400 / cb450)
  motorcycle honda              "CB400" <-> "CB500"  (cb400 / cb500)
  motorcycle honda              "CB400" <-> "CB900"  (cb400 / cb900)
  motorcycle honda              "CB400" <-> "CBR400"  (cb400 / cbr400)
  motorcycle honda              "CB400" <-> "CM400"  (cb400 / cm400)
  motorcycle honda              "CB400" <-> "CX400"  (cb400 / cx400)
  motorcycle honda              "CB400" <-> "GB400"  (cb400 / gb400)
  motorcycle honda              "CB400F" <-> "CB400N"  (cb400f / cb400n)
  motorcycle honda              "CB400F" <-> "CB400SF"  (cb400f / cb400sf)
  motorcycle honda              "CB400F" <-> "CB500F"  (cb400f / cb500f)
  motorcycle honda              "CB400F" <-> "CB900F"  (cb400f / cb900f)
  motorcycle honda              "CB400F" <-> "CBX400F"  (cb400f / cbx400f)
  motorcycle honda              "CB450" <-> "CB450S"  (cb450 / cb450s)
  motorcycle honda              "CB450" <-> "CB550"  (cb450 / cb550)
  motorcycle honda              "CB450" <-> "CB650"  (cb450 / cb650)
  motorcycle honda              "CB450" <-> "CB750"  (cb450 / cb750)
  motorcycle honda              "CB450" <-> "CL450"  (cb450 / cl450)
  motorcycle honda              "CB450K1" <-> "CB450K5"  (cb450k1 / cb450k5)
  motorcycle honda              "CB450K1" <-> "CB750K1"  (cb450k1 / cb750k1)
  motorcycle honda              "CB500" <-> "CB500F"  (cb500 / cb500f)
  motorcycle honda              "CB500" <-> "CB500S"  (cb500 / cb500s)
  motorcycle honda              "CB500" <-> "CB500X"  (cb500 / cb500x)
  motorcycle honda              "CB500" <-> "CB550"  (cb500 / cb550)
  motorcycle honda              "CB500" <-> "CB900"  (cb500 / cb900)
  motorcycle honda              "CB500" <-> "CBF500"  (cb500 / cbf500)
  motorcycle honda              "CB500" <-> "CBR500"  (cb500 / cbr500)
  motorcycle honda              "CB500" <-> "CL500"  (cb500 / cl500)
  motorcycle honda              "CB500" <-> "CX500"  (cb500 / cx500)
  motorcycle honda              "CB500" <-> "GB500"  (cb500 / gb500)
  motorcycle honda              "CB500F" <-> "CB500FA"  (cb500f / cb500fa)
  motorcycle honda              "CB500F" <-> "CB500S"  (cb500f / cb500s)
  motorcycle honda              "CB500F" <-> "CB500X"  (cb500f / cb500x)
  motorcycle honda              "CB500F" <-> "CB550F"  (cb500f / cb550f)
  motorcycle honda              "CB500F" <-> "CB900F"  (cb500f / cb900f)
  motorcycle honda              "CB500FA" <-> "CB500FAC"  (cb500fa / cb500fac)
  motorcycle honda              "CB500FA" <-> "CB500XA"  (cb500fa / cb500xa)
  motorcycle honda              "CB500FA" <-> "CB600FA"  (cb500fa / cb600fa)
  motorcycle honda              "CB500FAC" <-> "CB500XAC"  (cb500fac / cb500xac)
  motorcycle honda              "CB500S" <-> "CB500X"  (cb500s / cb500x)
  motorcycle honda              "CB500S" <-> "CB600S"  (cb500s / cb600s)
  motorcycle honda              "CB500S" <-> "CB700S"  (cb500s / cb700s)
  motorcycle honda              "CB500X" <-> "CB500XA"  (cb500x / cb500xa)
  motorcycle honda              "CB500XA" <-> "CB500XAC"  (cb500xa / cb500xac)
  motorcycle honda              "CB550" <-> "CB550F"  (cb550 / cb550f)
  motorcycle honda              "CB550" <-> "CB550K"  (cb550 / cb550k)
  motorcycle honda              "CB550" <-> "CB650"  (cb550 / cb650)
  motorcycle honda              "CB550" <-> "CB750"  (cb550 / cb750)
  motorcycle honda              "CB550" <-> "CBX550"  (cb550 / cbx550)
  motorcycle honda              "CB550F" <-> "CB550K"  (cb550f / cb550k)
  motorcycle honda              "CB550F" <-> "CB650F"  (cb550f / cb650f)
  motorcycle honda              "CB550F" <-> "CB750F"  (cb550f / cb750f)
  motorcycle honda              "CB550F" <-> "CBX550F"  (cb550f / cbx550f)
  motorcycle honda              "CB550K" <-> "CB550K3"  (cb550k / cb550k3)
  motorcycle honda              "CB550K" <-> "CB750K"  (cb550k / cb750k)
  motorcycle honda              "CB600F Hornet" <-> "CB900F Hornet"  (cb600f-hornet / cb900f-hornet)
  motorcycle honda              "CB600FA" <-> "CB600FA7"  (cb600fa / cb600fa7)
  motorcycle honda              "CB600FA" <-> "CB650FA"  (cb600fa / cb650fa)
  motorcycle honda              "CB600FA" <-> "CBR600FA"  (cb600fa / cbr600fa)
  motorcycle honda              "CB600S" <-> "CB700S"  (cb600s / cb700s)
  motorcycle honda              "CB600S" <-> "CBF600S"  (cb600s / cbf600s)
  motorcycle honda              "CB650" <-> "CB650C"  (cb650 / cb650c)
  motorcycle honda              "CB650" <-> "CB650F"  (cb650 / cb650f)
  motorcycle honda              "CB650" <-> "CB650R"  (cb650 / cb650r)
  motorcycle honda              "CB650" <-> "CB750"  (cb650 / cb750)
  motorcycle honda              "CB650" <-> "CBR650"  (cb650 / cbr650)
  motorcycle honda              "CB650" <-> "CBX650"  (cb650 / cbx650)
  motorcycle honda              "CB650" <-> "CX650"  (cb650 / cx650)
  motorcycle honda              "CB650C" <-> "CB650F"  (cb650c / cb650f)
  motorcycle honda              "CB650C" <-> "CB650R"  (cb650c / cb650r)
  motorcycle honda              "CB650C" <-> "CB750C"  (cb650c / cb750c)
  motorcycle honda              "CB650F" <-> "CB650FA"  (cb650f / cb650fa)
  motorcycle honda              "CB650F" <-> "CB650R"  (cb650f / cb650r)
  motorcycle honda              "CB650F" <-> "CB750F"  (cb650f / cb750f)
  motorcycle honda              "CB650F" <-> "CBR650F"  (cb650f / cbr650f)
  motorcycle honda              "CB650FA" <-> "CB650RA"  (cb650fa / cb650ra)
  motorcycle honda              "CB650FA" <-> "CBR650FA"  (cb650fa / cbr650fa)
  motorcycle honda              "CB650R" <-> "CB650RA"  (cb650r / cb650ra)
  motorcycle honda              "CB650R" <-> "CBR650R"  (cb650r / cbr650r)
  motorcycle honda              "CB650RA" <-> "CB650RAC"  (cb650ra / cb650rac)
  motorcycle honda              "CB650RA" <-> "CBR650RA"  (cb650ra / cbr650ra)
  motorcycle honda              "CB650RAC" <-> "CBR650RAC"  (cb650rac / cbr650rac)
  motorcycle honda              "CB700S" <-> "CB700SC"  (cb700s / cb700sc)
  motorcycle honda              "CB750" <-> "CB750A"  (cb750 / cb750a)
  motorcycle honda              "CB750" <-> "CB750C"  (cb750 / cb750c)
  motorcycle honda              "CB750" <-> "CB750F"  (cb750 / cb750f)
  motorcycle honda              "CB750" <-> "CB750G"  (cb750 / cb750g)
  motorcycle honda              "CB750" <-> "CB750K"  (cb750 / cb750k)
  motorcycle honda              "CB750" <-> "CBX750"  (cb750 / cbx750)
  motorcycle honda              "CB750A" <-> "CB750AC"  (cb750a / cb750ac)
  motorcycle honda              "CB750A" <-> "CB750C"  (cb750a / cb750c)
  motorcycle honda              "CB750A" <-> "CB750F"  (cb750a / cb750f)
  motorcycle honda              "CB750A" <-> "CB750G"  (cb750a / cb750g)
  motorcycle honda              "CB750A" <-> "CB750K"  (cb750a / cb750k)
  motorcycle honda              "CB750AC" <-> "CB750C"  (cb750ac / cb750c)
  motorcycle honda              "CB750C" <-> "CB750F"  (cb750c / cb750f)
  motorcycle honda              "CB750C" <-> "CB750G"  (cb750c / cb750g)
  motorcycle honda              "CB750C" <-> "CB750K"  (cb750c / cb750k)
  motorcycle honda              "CB750F" <-> "CB750F2"  (cb750f / cb750f2)
  motorcycle honda              "CB750F" <-> "CB750G"  (cb750f / cb750g)
  motorcycle honda              "CB750F" <-> "CB750K"  (cb750f / cb750k)
  motorcycle honda              "CB750F" <-> "CBR750F"  (cb750f / cbr750f)
  motorcycle honda              "CB750F" <-> "CBX750F"  (cb750f / cbx750f)
  motorcycle honda              "CB750F2" <-> "CB750K2"  (cb750f2 / cb750k2)
  motorcycle honda              "CB750G" <-> "CB750K"  (cb750g / cb750k)
  motorcycle honda              "CB750K" <-> "CB750K1"  (cb750k / cb750k1)
  motorcycle honda              "CB750K" <-> "CB750K2"  (cb750k / cb750k2)
  motorcycle honda              "CB750K" <-> "CB750K7"  (cb750k / cb750k7)
  motorcycle honda              "CB750K" <-> "CB750KZ"  (cb750k / cb750kz)
  motorcycle honda              "CB750K1" <-> "CB750K2"  (cb750k1 / cb750k2)
  motorcycle honda              "CB750K1" <-> "CB750K7"  (cb750k1 / cb750k7)
  motorcycle honda              "CB750K1" <-> "CB750KZ"  (cb750k1 / cb750kz)
  motorcycle honda              "CB750K2" <-> "CB750K7"  (cb750k2 / cb750k7)
  motorcycle honda              "CB750K2" <-> "CB750KZ"  (cb750k2 / cb750kz)
  motorcycle honda              "CB750K7" <-> "CB750KZ"  (cb750k7 / cb750kz)
  motorcycle honda              "CB77" <-> "CB77E"  (cb77 / cb77e)
  motorcycle honda              "CB900" <-> "CB900C"  (cb900 / cb900c)
  motorcycle honda              "CB900" <-> "CB900F"  (cb900 / cb900f)
  motorcycle honda              "CB900 Hornet" <-> "CB900F Hornet"  (cb900-hornet / cb900f-hornet)
  motorcycle honda              "CB900C" <-> "CB900F"  (cb900c / cb900f)
  motorcycle honda              "CB900F Hornet" <-> "CB900F2 Hornet"  (cb900f-hornet / cb900f2-hornet)
  motorcycle honda              "CBF1000" <-> "CBF1000A"  (cbf1000 / cbf1000a)
  motorcycle honda              "CBF1000" <-> "CBF1000F"  (cbf1000 / cbf1000f)
  motorcycle honda              "CBF1000" <-> "CBR1000"  (cbf1000 / cbr1000)
  motorcycle honda              "CBF1000" <-> "CBX1000"  (cbf1000 / cbx1000)
  motorcycle honda              "CBF1000" <-> "CRF1000"  (cbf1000 / crf1000)
  motorcycle honda              "CBF1000A" <-> "CBF1000F"  (cbf1000a / cbf1000f)
  motorcycle honda              "CBF1000A" <-> "CBF1000FA"  (cbf1000a / cbf1000fa)
  motorcycle honda              "CBF1000A" <-> "CRF1000A"  (cbf1000a / crf1000a)
  motorcycle honda              "CBF1000F" <-> "CBF1000FA"  (cbf1000f / cbf1000fa)
  motorcycle honda              "CBF1000F" <-> "CBR1000F"  (cbf1000f / cbr1000f)
  motorcycle honda              "CBF125" <-> "CBF125M"  (cbf125 / cbf125m)
  motorcycle honda              "CBF125" <-> "CBR125"  (cbf125 / cbr125)
  motorcycle honda              "CBF250" <-> "CBR250"  (cbf250 / cbr250)
  motorcycle honda              "CBF250" <-> "CBX250"  (cbf250 / cbx250)
  motorcycle honda              "CBF250" <-> "CRF250"  (cbf250 / crf250)
  motorcycle honda              "CBF300" <-> "CBF500"  (cbf300 / cbf500)
  motorcycle honda              "CBF300" <-> "CBF600"  (cbf300 / cbf600)
  motorcycle honda              "CBF300" <-> "CRF300"  (cbf300 / crf300)
  motorcycle honda              "CBF300NA" <-> "CBF600NA"  (cbf300na / cbf600na)
  motorcycle honda              "CBF500" <-> "CBF500A"  (cbf500 / cbf500a)
  motorcycle honda              "CBF500" <-> "CBF600"  (cbf500 / cbf600)
  motorcycle honda              "CBF500" <-> "CBR500"  (cbf500 / cbr500)
  motorcycle honda              "CBF600" <-> "CBF600N"  (cbf600 / cbf600n)
  motorcycle honda              "CBF600" <-> "CBF600S"  (cbf600 / cbf600s)
  motorcycle honda              "CBF600" <-> "CBR600"  (cbf600 / cbr600)
  motorcycle honda              "CBF600N" <-> "CBF600NA"  (cbf600n / cbf600na)
  motorcycle honda              "CBF600N" <-> "CBF600S"  (cbf600n / cbf600s)
  motorcycle honda              "CBF600NA" <-> "CBF600SA"  (cbf600na / cbf600sa)
  motorcycle honda              "CBF600S" <-> "CBF600SA"  (cbf600s / cbf600sa)
  motorcycle honda              "CBR1000" <-> "CBR1000F"  (cbr1000 / cbr1000f)
  motorcycle honda              "CBR1000" <-> "CBR1000S"  (cbr1000 / cbr1000s)
  motorcycle honda              "CBR1000" <-> "CBR1100"  (cbr1000 / cbr1100)
  motorcycle honda              "CBR1000" <-> "CBX1000"  (cbr1000 / cbx1000)
  motorcycle honda              "CBR1000F" <-> "CBR1000S"  (cbr1000f / cbr1000s)
  motorcycle honda              "CBR1000RA" <-> "CBR1000RR"  (cbr1000ra / cbr1000rr)
  motorcycle honda              "CBR1000RA" <-> "CBR1000SA"  (cbr1000ra / cbr1000sa)
  motorcycle honda              "CBR1000RR" <-> "CBR1000RR-5"  (cbr1000rr / cbr1000rr-5)
  motorcycle honda              "CBR1000S" <-> "CBR1000S1"  (cbr1000s / cbr1000s1)
  motorcycle honda              "CBR1000S" <-> "CBR1000S2"  (cbr1000s / cbr1000s2)
  motorcycle honda              "CBR1000S" <-> "CBR1000SA"  (cbr1000s / cbr1000sa)
  motorcycle honda              "CBR1000S" <-> "CBR1000SP"  (cbr1000s / cbr1000sp)
  motorcycle honda              "CBR1000S" <-> "CBR1000ST"  (cbr1000s / cbr1000st)
  motorcycle honda              "CBR1000S1" <-> "CBR1000S2"  (cbr1000s1 / cbr1000s2)
  motorcycle honda              "CBR1000S1" <-> "CBR1000SA"  (cbr1000s1 / cbr1000sa)
  motorcycle honda              "CBR1000S1" <-> "CBR1000SP"  (cbr1000s1 / cbr1000sp)
  motorcycle honda              "CBR1000S1" <-> "CBR1000ST"  (cbr1000s1 / cbr1000st)
  motorcycle honda              "CBR1000S2" <-> "CBR1000SA"  (cbr1000s2 / cbr1000sa)
  motorcycle honda              "CBR1000S2" <-> "CBR1000SP"  (cbr1000s2 / cbr1000sp)
  motorcycle honda              "CBR1000S2" <-> "CBR1000ST"  (cbr1000s2 / cbr1000st)
  motorcycle honda              "CBR1000SA" <-> "CBR1000SP"  (cbr1000sa / cbr1000sp)
  motorcycle honda              "CBR1000SA" <-> "CBR1000ST"  (cbr1000sa / cbr1000st)
  motorcycle honda              "CBR1000SP" <-> "CBR1000ST"  (cbr1000sp / cbr1000st)
  motorcycle honda              "CBR1100X-4" <-> "CBR1100XX"  (cbr1100x-4 / cbr1100xx)
  motorcycle honda              "CBR1100XX" <-> "CBR1100XXV"  (cbr1100xx / cbr1100xxv)
  motorcycle honda              "CBR125" <-> "CBR125R"  (cbr125 / cbr125r)
  motorcycle honda              "CBR125R" <-> "CR125R"  (cbr125r / cr125r)
  motorcycle honda              "CBR150R" <-> "CBR250R"  (cbr150r / cbr250r)
  motorcycle honda              "CBR150R" <-> "CBR650R"  (cbr150r / cbr650r)
  motorcycle honda              "CBR250" <-> "CBR250R"  (cbr250 / cbr250r)
  motorcycle honda              "CBR250" <-> "CBR650"  (cbr250 / cbr650)
  motorcycle honda              "CBR250" <-> "CBX250"  (cbr250 / cbx250)
  motorcycle honda              "CBR250R" <-> "CBR250RA"  (cbr250r / cbr250ra)
  motorcycle honda              "CBR250R" <-> "CBR250RR"  (cbr250r / cbr250rr)
  motorcycle honda              "CBR250R" <-> "CBR650R"  (cbr250r / cbr650r)
  motorcycle honda              "CBR250R" <-> "CR250R"  (cbr250r / cr250r)
  motorcycle honda              "CBR250RA" <-> "CBR250RR"  (cbr250ra / cbr250rr)
  motorcycle honda              "CBR250RA" <-> "CBR650RA"  (cbr250ra / cbr650ra)
  motorcycle honda              "CBR300R" <-> "CBR300RA"  (cbr300r / cbr300ra)
  motorcycle honda              "CBR300R" <-> "CBR400R"  (cbr300r / cbr400r)
  motorcycle honda              "CBR300R" <-> "CBR500R"  (cbr300r / cbr500r)
  motorcycle honda              "CBR300R" <-> "CBR600R"  (cbr300r / cbr600r)
  motorcycle honda              "CBR300RA" <-> "CBR500RA"  (cbr300ra / cbr500ra)
  motorcycle honda              "CBR300RA" <-> "CBR600RA"  (cbr300ra / cbr600ra)
  motorcycle honda              "CBR400" <-> "CBR400R"  (cbr400 / cbr400r)
  motorcycle honda              "CBR400" <-> "CBR500"  (cbr400 / cbr500)
  motorcycle honda              "CBR400" <-> "CBR600"  (cbr400 / cbr600)
  motorcycle honda              "CBR400R" <-> "CBR400RR"  (cbr400r / cbr400rr)
  motorcycle honda              "CBR400R" <-> "CBR500R"  (cbr400r / cbr500r)
  motorcycle honda              "CBR400R" <-> "CBR600R"  (cbr400r / cbr600r)
  motorcycle honda              "CBR400RR" <-> "CBR600RR"  (cbr400rr / cbr600rr)
  motorcycle honda              "CBR500" <-> "CBR500R"  (cbr500 / cbr500r)
  motorcycle honda              "CBR500" <-> "CBR600"  (cbr500 / cbr600)
  motorcycle honda              "CBR500R" <-> "CBR500RA"  (cbr500r / cbr500ra)
  motorcycle honda              "CBR500R" <-> "CBR600R"  (cbr500r / cbr600r)
  motorcycle honda              "CBR500R" <-> "CR500R"  (cbr500r / cr500r)
  motorcycle honda              "CBR500RA" <-> "CBR500RAC"  (cbr500ra / cbr500rac)
  motorcycle honda              "CBR500RA" <-> "CBR600RA"  (cbr500ra / cbr600ra)
  motorcycle honda              "CBR600" <-> "CBR600F"  (cbr600 / cbr600f)
  motorcycle honda              "CBR600" <-> "CBR600R"  (cbr600 / cbr600r)
  motorcycle honda              "CBR600" <-> "CBR650"  (cbr600 / cbr650)
  motorcycle honda              "CBR600F" <-> "CBR600FA"  (cbr600f / cbr600fa)
  motorcycle honda              "CBR600F" <-> "CBR600FK"  (cbr600f / cbr600fk)
  motorcycle honda              "CBR600F" <-> "CBR600FS"  (cbr600f / cbr600fs)
  motorcycle honda              "CBR600F" <-> "CBR600FY"  (cbr600f / cbr600fy)
  motorcycle honda              "CBR600F" <-> "CBR600R"  (cbr600f / cbr600r)
  motorcycle honda              "CBR600F" <-> "CBR650F"  (cbr600f / cbr650f)
  motorcycle honda              "CBR600F" <-> "GBR600F"  (cbr600f / gbr600f)
  motorcycle honda              "CBR600FA" <-> "CBR600FK"  (cbr600fa / cbr600fk)
  motorcycle honda              "CBR600FA" <-> "CBR600FS"  (cbr600fa / cbr600fs)
  motorcycle honda              "CBR600FA" <-> "CBR600FY"  (cbr600fa / cbr600fy)
  motorcycle honda              "CBR600FA" <-> "CBR600RA"  (cbr600fa / cbr600ra)
  motorcycle honda              "CBR600FA" <-> "CBR650FA"  (cbr600fa / cbr650fa)
  motorcycle honda              "CBR600FK" <-> "CBR600FS"  (cbr600fk / cbr600fs)
  motorcycle honda              "CBR600FK" <-> "CBR600FY"  (cbr600fk / cbr600fy)
  motorcycle honda              "CBR600FS" <-> "CBR600FY"  (cbr600fs / cbr600fy)
  motorcycle honda              "CBR600R" <-> "CBR600R3"  (cbr600r / cbr600r3)
  motorcycle honda              "CBR600R" <-> "CBR600RA"  (cbr600r / cbr600ra)
  motorcycle honda              "CBR600R" <-> "CBR600RR"  (cbr600r / cbr600rr)
  motorcycle honda              "CBR600R" <-> "CBR650R"  (cbr600r / cbr650r)
  motorcycle honda              "CBR600R3" <-> "CBR600R3-R"  (cbr600r3 / cbr600r3-r)
  motorcycle honda              "CBR600R3" <-> "CBR600RA"  (cbr600r3 / cbr600ra)
  motorcycle honda              "CBR600R3" <-> "CBR600RR"  (cbr600r3 / cbr600rr)
  motorcycle honda              "CBR600R3-R" <-> "CBR600RR"  (cbr600r3-r / cbr600rr)
  motorcycle honda              "CBR600RA" <-> "CBR600RR"  (cbr600ra / cbr600rr)
  motorcycle honda              "CBR600RA" <-> "CBR650RA"  (cbr600ra / cbr650ra)
  motorcycle honda              "CBR650" <-> "CBR650F"  (cbr650 / cbr650f)
  motorcycle honda              "CBR650" <-> "CBR650R"  (cbr650 / cbr650r)
  motorcycle honda              "CBR650" <-> "CBX650"  (cbr650 / cbx650)
  motorcycle honda              "CBR650F" <-> "CBR650FA"  (cbr650f / cbr650fa)
  motorcycle honda              "CBR650F" <-> "CBR650R"  (cbr650f / cbr650r)
  motorcycle honda              "CBR650F" <-> "CBR750F"  (cbr650f / cbr750f)
  motorcycle honda              "CBR650FA" <-> "CBR650RA"  (cbr650fa / cbr650ra)
  motorcycle honda              "CBR650R" <-> "CBR650RA"  (cbr650r / cbr650ra)
  motorcycle honda              "CBR650RA" <-> "CBR650RAC"  (cbr650ra / cbr650rac)
  motorcycle honda              "CBR750F" <-> "CBX750F"  (cbr750f / cbx750f)
  motorcycle honda              "CBR900RR-3" <-> "CBR900RRS"  (cbr900rr-3 / cbr900rrs)
  motorcycle honda              "CBX250" <-> "CBX550"  (cbx250 / cbx550)
  motorcycle honda              "CBX250" <-> "CBX650"  (cbx250 / cbx650)
  motorcycle honda              "CBX250" <-> "CBX750"  (cbx250 / cbx750)
  motorcycle honda              "CBX250" <-> "CMX250"  (cbx250 / cmx250)
  motorcycle honda              "CBX550" <-> "CBX550F"  (cbx550 / cbx550f)
  motorcycle honda              "CBX550" <-> "CBX650"  (cbx550 / cbx650)
  motorcycle honda              "CBX550" <-> "CBX750"  (cbx550 / cbx750)
  motorcycle honda              "CBX550F" <-> "CBX550F2"  (cbx550f / cbx550f2)
  motorcycle honda              "CBX550F" <-> "CBX750F"  (cbx550f / cbx750f)
  motorcycle honda              "CBX650" <-> "CBX650E"  (cbx650 / cbx650e)
  motorcycle honda              "CBX650" <-> "CBX750"  (cbx650 / cbx750)
  motorcycle honda              "CBX650" <-> "CX650"  (cbx650 / cx650)
  motorcycle honda              "CBX650E" <-> "CX650E"  (cbx650e / cx650e)
  motorcycle honda              "CBX750" <-> "CBX750F"  (cbx750 / cbx750f)
  motorcycle honda              "CD175" <-> "CL175"  (cd175 / cl175)
  motorcycle honda              "CD200T" <-> "CM200T"  (cd200t / cm200t)
  motorcycle honda              "CF70" <-> "CF70C"  (cf70 / cf70c)
  motorcycle honda              "CG125" <-> "CG125B"  (cg125 / cg125b)
  motorcycle honda              "CG125" <-> "CT125"  (cg125 / ct125)
  motorcycle honda              "CH250" <-> "CH250F"  (ch250 / ch250f)
  motorcycle honda              "CH250" <-> "CH250G"  (ch250 / ch250g)
  motorcycle honda              "CH250" <-> "CL250"  (ch250 / cl250)
  motorcycle honda              "CH250" <-> "CN250"  (ch250 / cn250)
  motorcycle honda              "CH250F" <-> "CH250G"  (ch250f / ch250g)
  motorcycle honda              "CL250" <-> "CL350"  (cl250 / cl350)
  motorcycle honda              "CL250" <-> "CL450"  (cl250 / cl450)
  motorcycle honda              "CL250" <-> "CN250"  (cl250 / cn250)
  motorcycle honda              "CL250" <-> "XL250"  (cl250 / xl250)
  motorcycle honda              "CL300" <-> "CL350"  (cl300 / cl350)
  motorcycle honda              "CL300" <-> "CL500"  (cl300 / cl500)
  motorcycle honda              "CL350" <-> "CL450"  (cl350 / cl450)
  motorcycle honda              "CL350" <-> "XL350"  (cl350 / xl350)
  motorcycle honda              "CL500" <-> "CL500A"  (cl500 / cl500a)
  motorcycle honda              "CL500" <-> "CX500"  (cl500 / cx500)
  motorcycle honda              "CL500" <-> "GL500"  (cl500 / gl500)
  motorcycle honda              "CL500" <-> "XL500"  (cl500 / xl500)
  motorcycle honda              "CL500A" <-> "CX500A"  (cl500a / cx500a)
  motorcycle honda              "CM200T" <-> "CM400T"  (cm200t / cm400t)
  motorcycle honda              "CM400" <-> "CM400T"  (cm400 / cm400t)
  motorcycle honda              "CM400" <-> "CX400"  (cm400 / cx400)
  motorcycle honda              "CMX1100" <-> "CMX1100A"  (cmx1100 / cmx1100a)
  motorcycle honda              "CMX1100" <-> "CMX1100D"  (cmx1100 / cmx1100d)
  motorcycle honda              "CMX1100A" <-> "CMX1100A2"  (cmx1100a / cmx1100a2)
  motorcycle honda              "CMX1100A" <-> "CMX1100D"  (cmx1100a / cmx1100d)
  motorcycle honda              "CMX1100A2" <-> "CMX1100D2"  (cmx1100a2 / cmx1100d2)
  motorcycle honda              "CMX1100D" <-> "CMX1100D2"  (cmx1100d / cmx1100d2)
  motorcycle honda              "CMX1100D" <-> "CMX1100D3"  (cmx1100d / cmx1100d3)
  motorcycle honda              "CMX1100D2" <-> "CMX1100D3"  (cmx1100d2 / cmx1100d3)
  motorcycle honda              "CMX250" <-> "CMX250C"  (cmx250 / cmx250c)
  motorcycle honda              "CMX250" <-> "CMX450"  (cmx250 / cmx450)
  motorcycle honda              "CMX250C" <-> "CMX450C"  (cmx250c / cmx450c)
  motorcycle honda              "CMX450" <-> "CMX450C"  (cmx450 / cmx450c)
  motorcycle honda              "CMX500" <-> "CMX500A"  (cmx500 / cmx500a)
  motorcycle honda              "CMX500" <-> "CX500"  (cmx500 / cx500)
  motorcycle honda              "CMX500A" <-> "CMX500A2"  (cmx500a / cmx500a2)
  motorcycle honda              "CMX500A" <-> "CX500A"  (cmx500a / cx500a)
  motorcycle honda              "CR125R" <-> "CR125RE"  (cr125r / cr125re)
  motorcycle honda              "CR250R" <-> "CR250RE"  (cr250r / cr250re)
  motorcycle honda              "CR250R" <-> "CRF250R"  (cr250r / crf250r)
  motorcycle honda              "CR250R" <-> "XR250R"  (cr250r / xr250r)
  motorcycle honda              "CR500R" <-> "CR500RE"  (cr500r / cr500re)
  motorcycle honda              "CRF1000" <-> "CRF1000A"  (crf1000 / crf1000a)
  motorcycle honda              "CRF1000" <-> "CRF1000D"  (crf1000 / crf1000d)
  motorcycle honda              "CRF1000" <-> "CRF1000L"  (crf1000 / crf1000l)
  motorcycle honda              "CRF1000" <-> "CRF1100"  (crf1000 / crf1100)
  motorcycle honda              "CRF1000A" <-> "CRF1000A2"  (crf1000a / crf1000a2)
  motorcycle honda              "CRF1000A" <-> "CRF1000D"  (crf1000a / crf1000d)
  motorcycle honda              "CRF1000A" <-> "CRF1000L"  (crf1000a / crf1000l)
  motorcycle honda              "CRF1000A" <-> "CRF1100A"  (crf1000a / crf1100a)
  motorcycle honda              "CRF1000A2" <-> "CRF1000D2"  (crf1000a2 / crf1000d2)
  motorcycle honda              "CRF1000A2" <-> "CRF1100A2"  (crf1000a2 / crf1100a2)
  motorcycle honda              "CRF1000D" <-> "CRF1000D2"  (crf1000d / crf1000d2)
  motorcycle honda              "CRF1000D" <-> "CRF1000L"  (crf1000d / crf1000l)
  motorcycle honda              "CRF1000D" <-> "CRF1100D"  (crf1000d / crf1100d)
  motorcycle honda              "CRF1000D2" <-> "CRF1100D2"  (crf1000d2 / crf1100d2)
  motorcycle honda              "CRF1000L" <-> "CRF1100L"  (crf1000l / crf1100l)
  motorcycle honda              "CRF1100" <-> "CRF1100A"  (crf1100 / crf1100a)
  motorcycle honda              "CRF1100" <-> "CRF1100D"  (crf1100 / crf1100d)
  motorcycle honda              "CRF1100" <-> "CRF1100L"  (crf1100 / crf1100l)
  motorcycle honda              "CRF1100A" <-> "CRF1100A2"  (crf1100a / crf1100a2)
  motorcycle honda              "CRF1100A" <-> "CRF1100A3"  (crf1100a / crf1100a3)
  motorcycle honda              "CRF1100A" <-> "CRF1100A4"  (crf1100a / crf1100a4)
  motorcycle honda              "CRF1100A" <-> "CRF1100D"  (crf1100a / crf1100d)
  motorcycle honda              "CRF1100A" <-> "CRF1100L"  (crf1100a / crf1100l)
  motorcycle honda              "CRF1100A2" <-> "CRF1100A3"  (crf1100a2 / crf1100a3)
  motorcycle honda              "CRF1100A2" <-> "CRF1100A4"  (crf1100a2 / crf1100a4)
  motorcycle honda              "CRF1100A2" <-> "CRF1100D2"  (crf1100a2 / crf1100d2)
  motorcycle honda              "CRF1100A3" <-> "CRF1100A4"  (crf1100a3 / crf1100a4)
  motorcycle honda              "CRF1100A3" <-> "CRF1100D3"  (crf1100a3 / crf1100d3)
  motorcycle honda              "CRF1100A4" <-> "CRF1100D4"  (crf1100a4 / crf1100d4)
  motorcycle honda              "CRF1100D" <-> "CRF1100D2"  (crf1100d / crf1100d2)
  motorcycle honda              "CRF1100D" <-> "CRF1100D3"  (crf1100d / crf1100d3)
  motorcycle honda              "CRF1100D" <-> "CRF1100D4"  (crf1100d / crf1100d4)
  motorcycle honda              "CRF1100D" <-> "CRF1100L"  (crf1100d / crf1100l)
  motorcycle honda              "CRF1100D2" <-> "CRF1100D3"  (crf1100d2 / crf1100d3)
  motorcycle honda              "CRF1100D2" <-> "CRF1100D4"  (crf1100d2 / crf1100d4)
  motorcycle honda              "CRF1100D3" <-> "CRF1100D4"  (crf1100d3 / crf1100d4)
  motorcycle honda              "CRF250" <-> "CRF250L"  (crf250 / crf250l)
  motorcycle honda              "CRF250" <-> "CRF250M"  (crf250 / crf250m)
  motorcycle honda              "CRF250" <-> "CRF250R"  (crf250 / crf250r)
  motorcycle honda              "CRF250" <-> "CRF250X"  (crf250 / crf250x)
  motorcycle honda              "CRF250" <-> "CRF450"  (crf250 / crf450)
  motorcycle honda              "CRF250" <-> "CRM250"  (crf250 / crm250)
  motorcycle honda              "CRF250L" <-> "CRF250LA"  (crf250l / crf250la)
  motorcycle honda              "CRF250L" <-> "CRF250M"  (crf250l / crf250m)
  motorcycle honda              "CRF250L" <-> "CRF250R"  (crf250l / crf250r)
  motorcycle honda              "CRF250L" <-> "CRF250X"  (crf250l / crf250x)
  motorcycle honda              "CRF250L" <-> "CRF450L"  (crf250l / crf450l)
  motorcycle honda              "CRF250LA" <-> "CRF250RLA"  (crf250la / crf250rla)
  motorcycle honda              "CRF250M" <-> "CRF250R"  (crf250m / crf250r)
  motorcycle honda              "CRF250M" <-> "CRF250X"  (crf250m / crf250x)
  motorcycle honda              "CRF250R" <-> "CRF250X"  (crf250r / crf250x)
  motorcycle honda              "CRF250X" <-> "CRF450X"  (crf250x / crf450x)
  motorcycle honda              "CRF300" <-> "CRF300L"  (crf300 / crf300l)
  motorcycle honda              "CRF300L" <-> "CRF300LA"  (crf300l / crf300la)
  motorcycle honda              "CRF300LA" <-> "CRF300LRA"  (crf300la / crf300lra)
  motorcycle honda              "CRF450" <-> "CRF450L"  (crf450 / crf450l)
  motorcycle honda              "CRF450" <-> "CRF450X"  (crf450 / crf450x)
  motorcycle honda              "CRF450L" <-> "CRF450RL"  (crf450l / crf450rl)
  motorcycle honda              "CRF450L" <-> "CRF450X"  (crf450l / crf450x)
  motorcycle honda              "CT110" <-> "VT110"  (ct110 / vt110)
  motorcycle honda              "CT125" <-> "MT125"  (ct125 / mt125)
  motorcycle honda              "CT125" <-> "ST125"  (ct125 / st125)
  motorcycle honda              "CT125" <-> "VT125"  (ct125 / vt125)
  motorcycle honda              "CT90" <-> "CT90E"  (ct90 / ct90e)
  motorcycle honda              "CT90" <-> "ST90"  (ct90 / st90)
  motorcycle honda              "CTX700D" <-> "CTX700N"  (ctx700d / ctx700n)
  motorcycle honda              "CTX700D" <-> "CTX700ND"  (ctx700d / ctx700nd)
  motorcycle honda              "CTX700N" <-> "CTX700ND"  (ctx700n / ctx700nd)
  motorcycle honda              "CX400" <-> "CX400C"  (cx400 / cx400c)
  motorcycle honda              "CX400" <-> "CX400E"  (cx400 / cx400e)
  motorcycle honda              "CX400" <-> "CX500"  (cx400 / cx500)
  motorcycle honda              "CX400C" <-> "CX400E"  (cx400c / cx400e)
  motorcycle honda              "CX400C" <-> "CX500C"  (cx400c / cx500c)
  motorcycle honda              "CX400E" <-> "CX500E"  (cx400e / cx500e)
  motorcycle honda              "CX500" <-> "CX500A"  (cx500 / cx500a)
  motorcycle honda              "CX500" <-> "CX500C"  (cx500 / cx500c)
  motorcycle honda              "CX500" <-> "CX500E"  (cx500 / cx500e)
  motorcycle honda              "CX500" <-> "NX500"  (cx500 / nx500)
  motorcycle honda              "CX500A" <-> "CX500C"  (cx500a / cx500c)
  motorcycle honda              "CX500A" <-> "CX500E"  (cx500a / cx500e)
  motorcycle honda              "CX500C" <-> "CX500E"  (cx500c / cx500e)
  motorcycle honda              "CX650" <-> "CX650E"  (cx650 / cx650e)
  motorcycle honda              "CX650" <-> "FX650"  (cx650 / fx650)
  motorcycle honda              "CX650" <-> "MX650"  (cx650 / mx650)
  motorcycle honda              "CX650" <-> "NX650"  (cx650 / nx650)
  motorcycle honda              "FES125" <-> "FES125A"  (fes125 / fes125a)
  motorcycle honda              "FES125" <-> "NES125"  (fes125 / nes125)
  motorcycle honda              "FES125" <-> "PES125"  (fes125 / pes125)
  motorcycle honda              "FES125" <-> "SES125"  (fes125 / ses125)
  motorcycle honda              "FES150" <-> "FES250"  (fes150 / fes250)
  motorcycle honda              "FJS400A" <-> "FJS400D"  (fjs400a / fjs400d)
  motorcycle honda              "FJS400A" <-> "FJS600A"  (fjs400a / fjs600a)
  motorcycle honda              "FJS400D" <-> "FJS600D"  (fjs400d / fjs600d)
  motorcycle honda              "FJS600" <-> "FJS600A"  (fjs600 / fjs600a)
  motorcycle honda              "FJS600" <-> "FJS600D"  (fjs600 / fjs600d)
  motorcycle honda              "FJS600A" <-> "FJS600D"  (fjs600a / fjs600d)
  motorcycle honda              "FMX650" <-> "FX650"  (fmx650 / fx650)
  motorcycle honda              "FMX650" <-> "MX650"  (fmx650 / mx650)
  motorcycle honda              "Forza 350" <-> "Forza 750"  (forza-350 / forza-750)
  motorcycle honda              "FSH125" <-> "SH125"  (fsh125 / sh125)
  motorcycle honda              "FT500" <-> "FT500C"  (ft500 / ft500c)
  motorcycle honda              "FT500" <-> "VT500"  (ft500 / vt500)
  motorcycle honda              "FT500C" <-> "VT500C"  (ft500c / vt500c)
  motorcycle honda              "FX650" <-> "MX650"  (fx650 / mx650)
  motorcycle honda              "FX650" <-> "NX650"  (fx650 / nx650)
  motorcycle honda              "GB350S" <-> "GB350S-S"  (gb350s / gb350s-s)
  motorcycle honda              "GB400" <-> "GB500"  (gb400 / gb500)
  motorcycle honda              "GB400" <-> "GL400"  (gb400 / gl400)
  motorcycle honda              "GB500" <-> "GL500"  (gb500 / gl500)
  motorcycle honda              "GL1000" <-> "GL1100"  (gl1000 / gl1100)
  motorcycle honda              "GL1000" <-> "GL1200"  (gl1000 / gl1200)
  motorcycle honda              "GL1000" <-> "GL1500"  (gl1000 / gl1500)
  motorcycle honda              "GL1000" <-> "GL1800"  (gl1000 / gl1800)
  motorcycle honda              "GL1000" <-> "XL1000"  (gl1000 / xl1000)
  motorcycle honda              "GL1000-Gold Wing" <-> "GL1100 Gold Wing"  (gl1000-gold-wing / gl1100-gold-wing)
  motorcycle honda              "GL1000-Gold Wing" <-> "GL1200 Gold Wing"  (gl1000-gold-wing / gl1200-gold-wing)
  motorcycle honda              "GL1000-Gold Wing" <-> "GL1500 Goldwing"  (gl1000-gold-wing / gl1500-goldwing)
  motorcycle honda              "GL1000-Gold Wing" <-> "GL1800 Gold Wing"  (gl1000-gold-wing / gl1800-gold-wing)
  motorcycle honda              "GL1000-Gold Wing" <-> "GL1800 Goldwing"  (gl1000-gold-wing / gl1800-goldwing)
  motorcycle honda              "GL1100" <-> "GL1100A"  (gl1100 / gl1100a)
  motorcycle honda              "GL1100" <-> "GL1100C"  (gl1100 / gl1100c)
  motorcycle honda              "GL1100" <-> "GL1100D"  (gl1100 / gl1100d)
  motorcycle honda              "GL1100" <-> "GL1100I"  (gl1100 / gl1100i)
  motorcycle honda              "GL1100" <-> "GL1200"  (gl1100 / gl1200)
  motorcycle honda              "GL1100" <-> "GL1500"  (gl1100 / gl1500)
  motorcycle honda              "GL1100" <-> "GL1800"  (gl1100 / gl1800)
  motorcycle honda              "GL1100 Gold Wing" <-> "GL1200 Gold Wing"  (gl1100-gold-wing / gl1200-gold-wing)
  motorcycle honda              "GL1100 Gold Wing" <-> "GL1500 Goldwing"  (gl1100-gold-wing / gl1500-goldwing)
  motorcycle honda              "GL1100 Gold Wing" <-> "GL1800 Gold Wing"  (gl1100-gold-wing / gl1800-gold-wing)
  motorcycle honda              "GL1100 Gold Wing" <-> "GL1800 Goldwing"  (gl1100-gold-wing / gl1800-goldwing)
  motorcycle honda              "GL1100A" <-> "GL1100C"  (gl1100a / gl1100c)
  motorcycle honda              "GL1100A" <-> "GL1100D"  (gl1100a / gl1100d)
  motorcycle honda              "GL1100A" <-> "GL1100I"  (gl1100a / gl1100i)
  motorcycle honda              "GL1100A" <-> "GL1200A"  (gl1100a / gl1200a)
  motorcycle honda              "GL1100A" <-> "GL1500A"  (gl1100a / gl1500a)
  motorcycle honda              "GL1100A" <-> "GL1800A"  (gl1100a / gl1800a)
  motorcycle honda              "GL1100C" <-> "GL1100D"  (gl1100c / gl1100d)
  motorcycle honda              "GL1100C" <-> "GL1100I"  (gl1100c / gl1100i)
  motorcycle honda              "GL1100C" <-> "GL1500C"  (gl1100c / gl1500c)
  motorcycle honda              "GL1100C" <-> "GL1800C"  (gl1100c / gl1800c)
  motorcycle honda              "GL1100D" <-> "GL1100I"  (gl1100d / gl1100i)
  motorcycle honda              "GL1100D" <-> "GL1200D"  (gl1100d / gl1200d)
  motorcycle honda              "GL1100D" <-> "GL1800D"  (gl1100d / gl1800d)
  motorcycle honda              "GL1200" <-> "GL1200A"  (gl1200 / gl1200a)
  motorcycle honda              "GL1200" <-> "GL1200D"  (gl1200 / gl1200d)
  motorcycle honda              "GL1200" <-> "GL1500"  (gl1200 / gl1500)
  motorcycle honda              "GL1200" <-> "GL1800"  (gl1200 / gl1800)
  motorcycle honda              "GL1200 Gold Wing" <-> "GL1500 Goldwing"  (gl1200-gold-wing / gl1500-goldwing)
  motorcycle honda              "GL1200 Gold Wing" <-> "GL1800 Gold Wing"  (gl1200-gold-wing / gl1800-gold-wing)
  motorcycle honda              "GL1200 Gold Wing" <-> "GL1800 Goldwing"  (gl1200-gold-wing / gl1800-goldwing)
  motorcycle honda              "GL1200A" <-> "GL1200D"  (gl1200a / gl1200d)
  motorcycle honda              "GL1200A" <-> "GL1500A"  (gl1200a / gl1500a)
  motorcycle honda              "GL1200A" <-> "GL1800A"  (gl1200a / gl1800a)
  motorcycle honda              "GL1200D" <-> "GL1800D"  (gl1200d / gl1800d)
  motorcycle honda              "GL1500" <-> "GL1500A"  (gl1500 / gl1500a)
  motorcycle honda              "GL1500" <-> "GL1500C"  (gl1500 / gl1500c)
  motorcycle honda              "GL1500" <-> "GL1500J"  (gl1500 / gl1500j)
  motorcycle honda              "GL1500" <-> "GL1500K"  (gl1500 / gl1500k)
  motorcycle honda              "GL1500" <-> "GL1500L"  (gl1500 / gl1500l)
  motorcycle honda              "GL1500" <-> "GL1800"  (gl1500 / gl1800)
  motorcycle honda              "GL1500" <-> "GL500"  (gl1500 / gl500)
  motorcycle honda              "GL1500 Goldwing" <-> "GL1800 Gold Wing"  (gl1500-goldwing / gl1800-gold-wing)
  motorcycle honda              "GL1500 Goldwing" <-> "GL1800 Goldwing"  (gl1500-goldwing / gl1800-goldwing)
  motorcycle honda              "GL1500 Interstate" <-> "GL500 Interstate"  (gl1500-interstate / gl500-interstate)
  motorcycle honda              "GL1500A" <-> "GL1500C"  (gl1500a / gl1500c)
  motorcycle honda              "GL1500A" <-> "GL1500J"  (gl1500a / gl1500j)
  motorcycle honda              "GL1500A" <-> "GL1500K"  (gl1500a / gl1500k)
  motorcycle honda              "GL1500A" <-> "GL1500L"  (gl1500a / gl1500l)
  motorcycle honda              "GL1500A" <-> "GL1800A"  (gl1500a / gl1800a)
  motorcycle honda              "GL1500C" <-> "GL1500J"  (gl1500c / gl1500j)
  motorcycle honda              "GL1500C" <-> "GL1500K"  (gl1500c / gl1500k)
  motorcycle honda              "GL1500C" <-> "GL1500L"  (gl1500c / gl1500l)
  motorcycle honda              "GL1500C" <-> "GL1800C"  (gl1500c / gl1800c)
  motorcycle honda              "GL1500J" <-> "GL1500K"  (gl1500j / gl1500k)
  motorcycle honda              "GL1500J" <-> "GL1500L"  (gl1500j / gl1500l)
  motorcycle honda              "GL1500K" <-> "GL1500L"  (gl1500k / gl1500l)
  motorcycle honda              "GL1500SE" <-> "GL1500SEV"  (gl1500se / gl1500sev)
  motorcycle honda              "GL1500SE" <-> "GL1500SEX"  (gl1500se / gl1500sex)
  motorcycle honda              "GL1500SEV" <-> "GL1500SEX"  (gl1500sev / gl1500sex)
  motorcycle honda              "GL1800" <-> "GL1800A"  (gl1800 / gl1800a)
  motorcycle honda              "GL1800" <-> "GL1800B"  (gl1800 / gl1800b)
  motorcycle honda              "GL1800" <-> "GL1800C"  (gl1800 / gl1800c)
  motorcycle honda              "GL1800" <-> "GL1800D"  (gl1800 / gl1800d)
  motorcycle honda              "GL1800A" <-> "GL1800B"  (gl1800a / gl1800b)
  motorcycle honda              "GL1800A" <-> "GL1800C"  (gl1800a / gl1800c)
  motorcycle honda              "GL1800A" <-> "GL1800D"  (gl1800a / gl1800d)
  motorcycle honda              "GL1800A" <-> "GL1800DA"  (gl1800a / gl1800da)
  motorcycle honda              "GL1800B" <-> "GL1800BD"  (gl1800b / gl1800bd)
  motorcycle honda              "GL1800B" <-> "GL1800C"  (gl1800b / gl1800c)
  motorcycle honda              "GL1800B" <-> "GL1800D"  (gl1800b / gl1800d)
  motorcycle honda              "GL1800BD" <-> "GL1800D"  (gl1800bd / gl1800d)
  motorcycle honda              "GL1800C" <-> "GL1800D"  (gl1800c / gl1800d)
  motorcycle honda              "GL1800D" <-> "GL1800DA"  (gl1800d / gl1800da)
  motorcycle honda              "GL400" <-> "GL500"  (gl400 / gl500)
  motorcycle honda              "GL500" <-> "GL500D"  (gl500 / gl500d)
  motorcycle honda              "GL500" <-> "XL500"  (gl500 / xl500)
  motorcycle honda              "GL650" <-> "GL650D"  (gl650 / gl650d)
  motorcycle honda              "GLR125" <-> "XLR125"  (glr125 / xlr125)
  motorcycle honda              "Gold Wing 1500" <-> "Gold Wing 1800"  (gold-wing-1500 / gold-wing-1800)
  motorcycle honda              "Gold Wing GL1500" <-> "Gold Wing GL1800"  (gold-wing-gl1500 / gold-wing-gl1800)
  motorcycle honda              "Hornet 600" <-> "Hornet 900"  (hornet-600 / hornet-900)
  motorcycle honda              "JC32" <-> "PC32"  (jc32 / pc32)
  motorcycle honda              "JC32" <-> "SC32"  (jc32 / sc32)
  motorcycle honda              "MSX125" <-> "MSX125A"  (msx125 / msx125a)
  motorcycle honda              "MSX125" <-> "MTX125"  (msx125 / mtx125)
  motorcycle honda              "MT125" <-> "MTX125"  (mt125 / mtx125)
  motorcycle honda              "MT125" <-> "ST125"  (mt125 / st125)
  motorcycle honda              "MT125" <-> "VT125"  (mt125 / vt125)
  motorcycle honda              "MX650" <-> "NX650"  (mx650 / nx650)
  motorcycle honda              "NC700" <-> "NC700D"  (nc700 / nc700d)
  motorcycle honda              "NC700" <-> "NC700S"  (nc700 / nc700s)
  motorcycle honda              "NC700" <-> "NC700X"  (nc700 / nc700x)
  motorcycle honda              "NC700" <-> "NC750"  (nc700 / nc750)
  motorcycle honda              "NC700" <-> "NT700"  (nc700 / nt700)
  motorcycle honda              "NC700D" <-> "NC700S"  (nc700d / nc700s)
  motorcycle honda              "NC700D" <-> "NC700SD"  (nc700d / nc700sd)
  motorcycle honda              "NC700D" <-> "NC700X"  (nc700d / nc700x)
  motorcycle honda              "NC700D" <-> "NC700XD"  (nc700d / nc700xd)
  motorcycle honda              "NC700D" <-> "NC750D"  (nc700d / nc750d)
  motorcycle honda              "NC700S" <-> "NC700SA"  (nc700s / nc700sa)
  motorcycle honda              "NC700S" <-> "NC700SD"  (nc700s / nc700sd)
  motorcycle honda              "NC700S" <-> "NC700X"  (nc700s / nc700x)
  motorcycle honda              "NC700S" <-> "NC750S"  (nc700s / nc750s)
  motorcycle honda              "NC700SA" <-> "NC700SD"  (nc700sa / nc700sd)
  motorcycle honda              "NC700SA" <-> "NC700XA"  (nc700sa / nc700xa)
  motorcycle honda              "NC700SA" <-> "NC750SA"  (nc700sa / nc750sa)
  motorcycle honda              "NC700SD" <-> "NC700XD"  (nc700sd / nc700xd)
  motorcycle honda              "NC700SD" <-> "NC750SD"  (nc700sd / nc750sd)
  motorcycle honda              "NC700X" <-> "NC700XA"  (nc700x / nc700xa)
  motorcycle honda              "NC700X" <-> "NC700XD"  (nc700x / nc700xd)
  motorcycle honda              "NC700X" <-> "NC750X"  (nc700x / nc750x)
  motorcycle honda              "NC700XA" <-> "NC700XD"  (nc700xa / nc700xd)
  motorcycle honda              "NC700XA" <-> "NC750XA"  (nc700xa / nc750xa)
  motorcycle honda              "NC700XD" <-> "NC750XD"  (nc700xd / nc750xd)
  motorcycle honda              "NC750" <-> "NC750D"  (nc750 / nc750d)
  motorcycle honda              "NC750" <-> "NC750J"  (nc750 / nc750j)
  motorcycle honda              "NC750" <-> "NC750S"  (nc750 / nc750s)
  motorcycle honda              "NC750" <-> "NC750X"  (nc750 / nc750x)
  motorcycle honda              "NC750D" <-> "NC750J"  (nc750d / nc750j)
  motorcycle honda              "NC750D" <-> "NC750S"  (nc750d / nc750s)
  motorcycle honda              "NC750D" <-> "NC750SD"  (nc750d / nc750sd)
  motorcycle honda              "NC750D" <-> "NC750X"  (nc750d / nc750x)
  motorcycle honda              "NC750D" <-> "NC750XD"  (nc750d / nc750xd)
  motorcycle honda              "NC750J" <-> "NC750S"  (nc750j / nc750s)
  motorcycle honda              "NC750J" <-> "NC750X"  (nc750j / nc750x)
  motorcycle honda              "NC750S" <-> "NC750SA"  (nc750s / nc750sa)
  motorcycle honda              "NC750S" <-> "NC750SD"  (nc750s / nc750sd)
  motorcycle honda              "NC750S" <-> "NC750X"  (nc750s / nc750x)
  motorcycle honda              "NC750SA" <-> "NC750SD"  (nc750sa / nc750sd)
  motorcycle honda              "NC750SA" <-> "NC750XA"  (nc750sa / nc750xa)
  motorcycle honda              "NC750SD" <-> "NC750XD"  (nc750sd / nc750xd)
  motorcycle honda              "NC750X" <-> "NC750XA"  (nc750x / nc750xa)
  motorcycle honda              "NC750X" <-> "NC750XD"  (nc750x / nc750xd)
  motorcycle honda              "NC750XA" <-> "NC750XD"  (nc750xa / nc750xd)
  motorcycle honda              "NES125" <-> "NSS125"  (nes125 / nss125)
  motorcycle honda              "NES125" <-> "PES125"  (nes125 / pes125)
  motorcycle honda              "NES125" <-> "SES125"  (nes125 / ses125)
  motorcycle honda              "NS125R" <-> "NSR125R"  (ns125r / nsr125r)
  motorcycle honda              "NS250R" <-> "NS250RE"  (ns250r / ns250re)
  motorcycle honda              "NS250R" <-> "NSR250R"  (ns250r / nsr250r)
  motorcycle honda              "NS400R" <-> "NS400RF"  (ns400r / ns400rf)
  motorcycle honda              "NSR125" <-> "NSR125F"  (nsr125 / nsr125f)
  motorcycle honda              "NSR125" <-> "NSR125R"  (nsr125 / nsr125r)
  motorcycle honda              "NSR125" <-> "NSS125"  (nsr125 / nss125)
  motorcycle honda              "NSR125F" <-> "NSR125R"  (nsr125f / nsr125r)
  motorcycle honda              "NSR250" <-> "NSR250R"  (nsr250 / nsr250r)
  motorcycle honda              "NSS250A" <-> "NSS350A"  (nss250a / nss350a)
  motorcycle honda              "NSS300" <-> "NSS300A"  (nss300 / nss300a)
  motorcycle honda              "NSS300" <-> "NSS350"  (nss300 / nss350)
  motorcycle honda              "NSS300A" <-> "NSS350A"  (nss300a / nss350a)
  motorcycle honda              "NSS350" <-> "NSS350A"  (nss350 / nss350a)
  motorcycle honda              "NSS350" <-> "NSS750"  (nss350 / nss750)
  motorcycle honda              "NT1100" <-> "NT1100A"  (nt1100 / nt1100a)
  motorcycle honda              "NT1100" <-> "NT1100D"  (nt1100 / nt1100d)
  motorcycle honda              "NT1100" <-> "ST1100"  (nt1100 / st1100)
  motorcycle honda              "NT1100" <-> "VT1100"  (nt1100 / vt1100)
  motorcycle honda              "NT1100A" <-> "NT1100D"  (nt1100a / nt1100d)
  motorcycle honda              "NT1100A" <-> "ST1100A"  (nt1100a / st1100a)
  motorcycle honda              "NT1100D" <-> "NT1100DE"  (nt1100d / nt1100de)
  motorcycle honda              "NT650" <-> "NT650V"  (nt650 / nt650v)
  motorcycle honda              "NT650" <-> "NTV650"  (nt650 / ntv650)
  motorcycle honda              "NT650" <-> "NX650"  (nt650 / nx650)
  motorcycle honda              "NT700" <-> "NT700V"  (nt700 / nt700v)
  motorcycle honda              "NT700" <-> "VT700"  (nt700 / vt700)
  motorcycle honda              "NT700V" <-> "NT700VA"  (nt700v / nt700va)
  motorcycle honda              "NT700V/VA" <-> "NT700VA"  (nt700v-va / nt700va)
  motorcycle honda              "NTV600J" <-> "NTV600K"  (ntv600j / ntv600k)
  motorcycle honda              "NV400" <-> "NV400C"  (nv400 / nv400c)
  motorcycle honda              "NX250" <-> "NX250K"  (nx250 / nx250k)
  motorcycle honda              "NX250" <-> "NX650"  (nx250 / nx650)
  motorcycle honda              "NX250K" <-> "NX650K"  (nx250k / nx650k)
  motorcycle honda              "NX650" <-> "NX650K"  (nx650 / nx650k)
  motorcycle honda              "PC25" <-> "PC26"  (pc25 / pc26)
  motorcycle honda              "PC25" <-> "PC35"  (pc25 / pc35)
  motorcycle honda              "PC26" <-> "PC36"  (pc26 / pc36)
  motorcycle honda              "PC26" <-> "SC26"  (pc26 / sc26)
  motorcycle honda              "PC31" <-> "PC32"  (pc31 / pc32)
  motorcycle honda              "PC31" <-> "PC34"  (pc31 / pc34)
  motorcycle honda              "PC31" <-> "PC35"  (pc31 / pc35)
  motorcycle honda              "PC31" <-> "PC36"  (pc31 / pc36)
  motorcycle honda              "PC31" <-> "PC37"  (pc31 / pc37)
  motorcycle honda              "PC31" <-> "PC38"  (pc31 / pc38)
  motorcycle honda              "PC31" <-> "PC39"  (pc31 / pc39)
  motorcycle honda              "PC32" <-> "PC34"  (pc32 / pc34)
  motorcycle honda              "PC32" <-> "PC35"  (pc32 / pc35)
  motorcycle honda              "PC32" <-> "PC36"  (pc32 / pc36)
  motorcycle honda              "PC32" <-> "PC37"  (pc32 / pc37)
  motorcycle honda              "PC32" <-> "PC38"  (pc32 / pc38)
  motorcycle honda              "PC32" <-> "PC39"  (pc32 / pc39)
  motorcycle honda              "PC32" <-> "SC32"  (pc32 / sc32)
  motorcycle honda              "PC34" <-> "PC35"  (pc34 / pc35)
  motorcycle honda              "PC34" <-> "PC36"  (pc34 / pc36)
  motorcycle honda              "PC34" <-> "PC37"  (pc34 / pc37)
  motorcycle honda              "PC34" <-> "PC38"  (pc34 / pc38)
  motorcycle honda              "PC34" <-> "PC39"  (pc34 / pc39)
  motorcycle honda              "PC35" <-> "PC36"  (pc35 / pc36)
  motorcycle honda              "PC35" <-> "PC37"  (pc35 / pc37)
  motorcycle honda              "PC35" <-> "PC38"  (pc35 / pc38)
  motorcycle honda              "PC35" <-> "PC39"  (pc35 / pc39)
  motorcycle honda              "PC35" <-> "SC35"  (pc35 / sc35)
  motorcycle honda              "PC36" <-> "PC37"  (pc36 / pc37)
  motorcycle honda              "PC36" <-> "PC38"  (pc36 / pc38)
  motorcycle honda              "PC36" <-> "PC39"  (pc36 / pc39)
  motorcycle honda              "PC36" <-> "RC36"  (pc36 / rc36)
  motorcycle honda              "PC36" <-> "SC36"  (pc36 / sc36)
  motorcycle honda              "PC37" <-> "PC38"  (pc37 / pc38)
  motorcycle honda              "PC37" <-> "PC39"  (pc37 / pc39)
  motorcycle honda              "PC38" <-> "PC39"  (pc38 / pc39)
  motorcycle honda              "PC38" <-> "SC38"  (pc38 / sc38)
  motorcycle honda              "PCX150" <-> "PCX160"  (pcx150 / pcx160)
  motorcycle honda              "PD10" <-> "RD10"  (pd10 / rd10)
  motorcycle honda              "PES125" <-> "SES125"  (pes125 / ses125)
  motorcycle honda              "RC33" <-> "RC36"  (rc33 / rc36)
  motorcycle honda              "RC33" <-> "SC33"  (rc33 / sc33)
  motorcycle honda              "RC36" <-> "RC46"  (rc36 / rc46)
  motorcycle honda              "RC36" <-> "SC36"  (rc36 / sc36)
  motorcycle honda              "RC42" <-> "RC44"  (rc42 / rc44)
  motorcycle honda              "RC42" <-> "RC46"  (rc42 / rc46)
  motorcycle honda              "RC42" <-> "RC47"  (rc42 / rc47)
  motorcycle honda              "RC44" <-> "RC46"  (rc44 / rc46)
  motorcycle honda              "RC44" <-> "RC47"  (rc44 / rc47)
  motorcycle honda              "RC44" <-> "SC44"  (rc44 / sc44)
  motorcycle honda              "RC46" <-> "RC47"  (rc46 / rc47)
  motorcycle honda              "RC47" <-> "SC47"  (rc47 / sc47)
  motorcycle honda              "RD02" <-> "RD04"  (rd02 / rd04)
  motorcycle honda              "RD02" <-> "RD07"  (rd02 / rd07)
  motorcycle honda              "RD02" <-> "RD08"  (rd02 / rd08)
  motorcycle honda              "RD02" <-> "SD02"  (rd02 / sd02)
  motorcycle honda              "RD04" <-> "RD07"  (rd04 / rd07)
  motorcycle honda              "RD04" <-> "RD08"  (rd04 / rd08)
  motorcycle honda              "RD07" <-> "RD08"  (rd07 / rd08)
  motorcycle honda              "RD10" <-> "RD11"  (rd10 / rd11)
  motorcycle honda              "Rebel 300" <-> "Rebel 500"  (rebel-300 / rebel-500)
  motorcycle honda              "RVF750" <-> "VF750"  (rvf750 / vf750)
  motorcycle honda              "SA50J" <-> "ST50J"  (sa50j / st50j)
  motorcycle honda              "SC24" <-> "SC26"  (sc24 / sc26)
  motorcycle honda              "SC24" <-> "SC44"  (sc24 / sc44)
  motorcycle honda              "SC26" <-> "SC36"  (sc26 / sc36)
  motorcycle honda              "SC32" <-> "SC33"  (sc32 / sc33)
  motorcycle honda              "SC32" <-> "SC35"  (sc32 / sc35)
  motorcycle honda              "SC32" <-> "SC36"  (sc32 / sc36)
  motorcycle honda              "SC32" <-> "SC38"  (sc32 / sc38)
  motorcycle honda              "SC33" <-> "SC35"  (sc33 / sc35)
  motorcycle honda              "SC33" <-> "SC36"  (sc33 / sc36)
  motorcycle honda              "SC33" <-> "SC38"  (sc33 / sc38)
  motorcycle honda              "SC35" <-> "SC36"  (sc35 / sc36)
  motorcycle honda              "SC35" <-> "SC38"  (sc35 / sc38)
  motorcycle honda              "SC35" <-> "SC45"  (sc35 / sc45)
  motorcycle honda              "SC36" <-> "SC38"  (sc36 / sc38)
  motorcycle honda              "SC38" <-> "SC48"  (sc38 / sc48)
  motorcycle honda              "SC44" <-> "SC45"  (sc44 / sc45)
  motorcycle honda              "SC44" <-> "SC47"  (sc44 / sc47)
  motorcycle honda              "SC44" <-> "SC48"  (sc44 / sc48)
  motorcycle honda              "SC45" <-> "SC47"  (sc45 / sc47)
  motorcycle honda              "SC45" <-> "SC48"  (sc45 / sc48)
  motorcycle honda              "SC47" <-> "SC48"  (sc47 / sc48)
  motorcycle honda              "SC50" <-> "SC51"  (sc50 / sc51)
  motorcycle honda              "SC50" <-> "SH50"  (sc50 / sh50)
  motorcycle honda              "SCV100" <-> "SCV100F"  (scv100 / scv100f)
  motorcycle honda              "SD01" <-> "SD02"  (sd01 / sd02)
  motorcycle honda              "SFX50" <-> "SGX50"  (sfx50 / sgx50)
  motorcycle honda              "SH125" <-> "SL125"  (sh125 / sl125)
  motorcycle honda              "SH125" <-> "ST125"  (sh125 / st125)
  motorcycle honda              "SH150" <-> "SH350"  (sh150 / sh350)
  motorcycle honda              "SH150" <-> "SH50"  (sh150 / sh50)
  motorcycle honda              "SH300" <-> "SH300A"  (sh300 / sh300a)
  motorcycle honda              "SH300" <-> "SH350"  (sh300 / sh350)
  motorcycle honda              "SH300A" <-> "SH350A"  (sh300a / sh350a)
  motorcycle honda              "SH350" <-> "SH350A"  (sh350 / sh350a)
  motorcycle honda              "SH350" <-> "SH50"  (sh350 / sh50)
  motorcycle honda              "SL125" <-> "SL125S"  (sl125 / sl125s)
  motorcycle honda              "SL125" <-> "ST125"  (sl125 / st125)
  motorcycle honda              "SL125" <-> "TL125"  (sl125 / tl125)
  motorcycle honda              "SL125" <-> "XL125"  (sl125 / xl125)
  motorcycle honda              "SL125S" <-> "TL125S"  (sl125s / tl125s)
  motorcycle honda              "SL125S" <-> "XL125S"  (sl125s / xl125s)
  motorcycle honda              "ST1100" <-> "ST1100A"  (st1100 / st1100a)
  motorcycle honda              "ST1100" <-> "ST1300"  (st1100 / st1300)
  motorcycle honda              "ST1100" <-> "VT1100"  (st1100 / vt1100)
  motorcycle honda              "ST1100A" <-> "ST1300A"  (st1100a / st1300a)
  motorcycle honda              "ST1100PAN European" <-> "ST1300PAN European"  (st1100pan-european / st1300pan-european)
  motorcycle honda              "ST125" <-> "ST125A"  (st125 / st125a)
  motorcycle honda              "ST125" <-> "VT125"  (st125 / vt125)
  motorcycle honda              "ST1300" <-> "ST1300A"  (st1300 / st1300a)
  motorcycle honda              "ST1300" <-> "VT1300"  (st1300 / vt1300)
  motorcycle honda              "ST70" <-> "ST90"  (st70 / st90)
  motorcycle honda              "TL125" <-> "TL125S"  (tl125 / tl125s)
  motorcycle honda              "TL125" <-> "XL125"  (tl125 / xl125)
  motorcycle honda              "TL125S" <-> "XL125S"  (tl125s / xl125s)
  motorcycle honda              "TLR250F" <-> "TLR250R"  (tlr250f / tlr250r)
  motorcycle honda              "Transalp 600" <-> "Transalp 600V"  (transalp-600 / transalp-600v)
  motorcycle honda              "Transalp 600" <-> "Transalp 650"  (transalp-600 / transalp-650)
  motorcycle honda              "V45 Magna" <-> "V65 Magna"  (v45-magna / v65-magna)
  motorcycle honda              "V45 Sabre" <-> "V65 Sabre"  (v45-sabre / v65-sabre)
  motorcycle honda              "VF1000F" <-> "VF1000F2"  (vf1000f / vf1000f2)
  motorcycle honda              "VF1000F" <-> "VF1000FF"  (vf1000f / vf1000ff)
  motorcycle honda              "VF1000F" <-> "VF1000R"  (vf1000f / vf1000r)
  motorcycle honda              "VF1000F2" <-> "VF1000FF"  (vf1000f2 / vf1000ff)
  motorcycle honda              "VF1100C" <-> "VT1100C"  (vf1100c / vt1100c)
  motorcycle honda              "VF400F" <-> "VF500F"  (vf400f / vf500f)
  motorcycle honda              "VF400F" <-> "VF700F"  (vf400f / vf700f)
  motorcycle honda              "VF500C" <-> "VF500F"  (vf500c / vf500f)
  motorcycle honda              "VF500C" <-> "VF700C"  (vf500c / vf700c)
  motorcycle honda              "VF500C" <-> "VT500C"  (vf500c / vt500c)
  motorcycle honda              "VF500F" <-> "VF500FF"  (vf500f / vf500ff)
  motorcycle honda              "VF500F" <-> "VF700F"  (vf500f / vf700f)
  motorcycle honda              "VF700" <-> "VF700C"  (vf700 / vf700c)
  motorcycle honda              "VF700" <-> "VF700F"  (vf700 / vf700f)
  motorcycle honda              "VF700" <-> "VF750"  (vf700 / vf750)
  motorcycle honda              "VF700" <-> "VFR700"  (vf700 / vfr700)
  motorcycle honda              "VF700" <-> "VT700"  (vf700 / vt700)
  motorcycle honda              "VF700 Magna" <-> "VF700C Magna"  (vf700-magna / vf700c-magna)
  motorcycle honda              "VF700 Magna" <-> "VF750 Magna"  (vf700-magna / vf750-magna)
  motorcycle honda              "VF700C" <-> "VF700CH"  (vf700c / vf700ch)
  motorcycle honda              "VF700C" <-> "VF700F"  (vf700c / vf700f)
  motorcycle honda              "VF700C" <-> "VF750C"  (vf700c / vf750c)
  motorcycle honda              "VF700C" <-> "VT700C"  (vf700c / vt700c)
  motorcycle honda              "VF700F" <-> "VF750F"  (vf700f / vf750f)
  motorcycle honda              "VF700F" <-> "VFR700F"  (vf700f / vfr700f)
  motorcycle honda              "VF750" <-> "VF750C"  (vf750 / vf750c)
  motorcycle honda              "VF750" <-> "VF750F"  (vf750 / vf750f)
  motorcycle honda              "VF750" <-> "VF750R"  (vf750 / vf750r)
  motorcycle honda              "VF750" <-> "VF750S"  (vf750 / vf750s)
  motorcycle honda              "VF750" <-> "VFR750"  (vf750 / vfr750)
  motorcycle honda              "VF750" <-> "VT750"  (vf750 / vt750)
  motorcycle honda              "VF750C" <-> "VF750CJ"  (vf750c / vf750cj)
  motorcycle honda              "VF750C" <-> "VF750F"  (vf750c / vf750f)
  motorcycle honda              "VF750C" <-> "VF750R"  (vf750c / vf750r)
  motorcycle honda              "VF750C" <-> "VF750S"  (vf750c / vf750s)
  motorcycle honda              "VF750C" <-> "VT750C"  (vf750c / vt750c)
  motorcycle honda              "VF750F" <-> "VF750R"  (vf750f / vf750r)
  motorcycle honda              "VF750F" <-> "VF750S"  (vf750f / vf750s)
  motorcycle honda              "VF750F" <-> "VFR750F"  (vf750f / vfr750f)
  motorcycle honda              "VF750R" <-> "VF750S"  (vf750r / vf750s)
  motorcycle honda              "VF750R" <-> "VFR750R"  (vf750r / vfr750r)
  motorcycle honda              "VF750S" <-> "VT750S"  (vf750s / vt750s)
  motorcycle honda              "VFR1200" <-> "VFR1200F"  (vfr1200 / vfr1200f)
  motorcycle honda              "VFR1200" <-> "VFR1200X"  (vfr1200 / vfr1200x)
  motorcycle honda              "VFR1200F" <-> "VFR1200FD"  (vfr1200f / vfr1200fd)
  motorcycle honda              "VFR1200F" <-> "VFR1200X"  (vfr1200f / vfr1200x)
  motorcycle honda              "VFR1200FD" <-> "VFR1200XD"  (vfr1200fd / vfr1200xd)
  motorcycle honda              "VFR1200X" <-> "VFR1200XD"  (vfr1200x / vfr1200xd)
  motorcycle honda              "VFR400" <-> "VFR400R"  (vfr400 / vfr400r)
  motorcycle honda              "VFR400" <-> "VFR700"  (vfr400 / vfr700)
  motorcycle honda              "VFR400" <-> "VFR800"  (vfr400 / vfr800)
  motorcycle honda              "VFR700" <-> "VFR700F"  (vfr700 / vfr700f)
  motorcycle honda              "VFR700" <-> "VFR750"  (vfr700 / vfr750)
  motorcycle honda              "VFR700" <-> "VFR800"  (vfr700 / vfr800)
  motorcycle honda              "VFR700F" <-> "VFR750F"  (vfr700f / vfr750f)
  motorcycle honda              "VFR700F" <-> "VFR800F"  (vfr700f / vfr800f)
  motorcycle honda              "VFR750" <-> "VFR750F"  (vfr750 / vfr750f)
  motorcycle honda              "VFR750" <-> "VFR750R"  (vfr750 / vfr750r)
  motorcycle honda              "VFR750F" <-> "VFR750FG"  (vfr750f / vfr750fg)
  motorcycle honda              "VFR750F" <-> "VFR750R"  (vfr750f / vfr750r)
  motorcycle honda              "VFR800" <-> "VFR800A"  (vfr800 / vfr800a)
  motorcycle honda              "VFR800" <-> "VFR800F"  (vfr800 / vfr800f)
  motorcycle honda              "VFR800" <-> "VFR800X"  (vfr800 / vfr800x)
  motorcycle honda              "VFR800A" <-> "VFR800A5"  (vfr800a / vfr800a5)
  motorcycle honda              "VFR800A" <-> "VFR800F"  (vfr800a / vfr800f)
  motorcycle honda              "VFR800A" <-> "VFR800X"  (vfr800a / vfr800x)
  motorcycle honda              "VFR800F" <-> "VFR800F1"  (vfr800f / vfr800f1)
  motorcycle honda              "VFR800F" <-> "VFR800FI"  (vfr800f / vfr800fi)
  motorcycle honda              "VFR800F" <-> "VFR800X"  (vfr800f / vfr800x)
  motorcycle honda              "VFR800F1" <-> "VFR800FI"  (vfr800f1 / vfr800fi)
  motorcycle honda              "VT110" <-> "VT1100"  (vt110 / vt1100)
  motorcycle honda              "VT1100" <-> "VT1100C"  (vt1100 / vt1100c)
  motorcycle honda              "VT1100" <-> "VT1300"  (vt1100 / vt1300)
  motorcycle honda              "VT1100 Shadow" <-> "VT1100C Shadow"  (vt1100-shadow / vt1100c-shadow)
  motorcycle honda              "VT1100C" <-> "VT1100C2"  (vt1100c / vt1100c2)
  motorcycle honda              "VT1100C" <-> "VT1100C3"  (vt1100c / vt1100c3)
  motorcycle honda              "VT1100C" <-> "VT1100CG"  (vt1100c / vt1100cg)
  motorcycle honda              "VT1100C2" <-> "VT1100C3"  (vt1100c2 / vt1100c3)
  motorcycle honda              "VT1100C2" <-> "VT1100CG"  (vt1100c2 / vt1100cg)
  motorcycle honda              "VT1100C3" <-> "VT1100CG"  (vt1100c3 / vt1100cg)
  motorcycle honda              "VT125" <-> "VT125C"  (vt125 / vt125c)
  motorcycle honda              "VT1300" <-> "VTX1300"  (vt1300 / vtx1300)
  motorcycle honda              "VT1300CX" <-> "VT1300CXA"  (vt1300cx / vt1300cxa)
  motorcycle honda              "VT500" <-> "VT500C"  (vt500 / vt500c)
  motorcycle honda              "VT500" <-> "VT500E"  (vt500 / vt500e)
  motorcycle honda              "VT500" <-> "VT600"  (vt500 / vt600)
  motorcycle honda              "VT500" <-> "VT700"  (vt500 / vt700)
  motorcycle honda              "VT500" <-> "VT800"  (vt500 / vt800)
  motorcycle honda              "VT500C" <-> "VT500CD"  (vt500c / vt500cd)
  motorcycle honda              "VT500C" <-> "VT500E"  (vt500c / vt500e)
  motorcycle honda              "VT500C" <-> "VT600C"  (vt500c / vt600c)
  motorcycle honda              "VT500C" <-> "VT700C"  (vt500c / vt700c)
  motorcycle honda              "VT500C Shadow" <-> "VT600C Shadow"  (vt500c-shadow / vt600c-shadow)
  motorcycle honda              "VT500C Shadow" <-> "VT700C Shadow"  (vt500c-shadow / vt700c-shadow)
  motorcycle honda              "VT600" <-> "VT600C"  (vt600 / vt600c)
  motorcycle honda              "VT600" <-> "VT700"  (vt600 / vt700)
  motorcycle honda              "VT600" <-> "VT800"  (vt600 / vt800)
  motorcycle honda              "VT600C" <-> "VT600CP"  (vt600c / vt600cp)
  motorcycle honda              "VT600C" <-> "VT700C"  (vt600c / vt700c)
  motorcycle honda              "VT600C Shadow" <-> "VT700C Shadow"  (vt600c-shadow / vt700c-shadow)
  motorcycle honda              "VT700" <-> "VT700C"  (vt700 / vt700c)
  motorcycle honda              "VT700" <-> "VT750"  (vt700 / vt750)
  motorcycle honda              "VT700" <-> "VT800"  (vt700 / vt800)
  motorcycle honda              "VT700 Shadow" <-> "VT700C Shadow"  (vt700-shadow / vt700c-shadow)
  motorcycle honda              "VT700C" <-> "VT750C"  (vt700c / vt750c)
  motorcycle honda              "VT700C Shadow" <-> "VT750C Shadow"  (vt700c-shadow / vt750c-shadow)
  motorcycle honda              "VT750" <-> "VT750C"  (vt750 / vt750c)
  motorcycle honda              "VT750" <-> "VT750S"  (vt750 / vt750s)
  motorcycle honda              "VT750C" <-> "VT750C2"  (vt750c / vt750c2)
  motorcycle honda              "VT750C" <-> "VT750CA"  (vt750c / vt750ca)
  motorcycle honda              "VT750C" <-> "VT750CS"  (vt750c / vt750cs)
  motorcycle honda              "VT750C" <-> "VT750DC"  (vt750c / vt750dc)
  motorcycle honda              "VT750C" <-> "VT750S"  (vt750c / vt750s)
  motorcycle honda              "VT750C Shadow" <-> "VT750C2 Shadow"  (vt750c-shadow / vt750c2-shadow)
  motorcycle honda              "VT750C2" <-> "VT750C2B"  (vt750c2 / vt750c2b)
  motorcycle honda              "VT750C2" <-> "VT750C2S"  (vt750c2 / vt750c2s)
  motorcycle honda              "VT750C2" <-> "VT750CA"  (vt750c2 / vt750ca)
  motorcycle honda              "VT750C2" <-> "VT750CS"  (vt750c2 / vt750cs)
  motorcycle honda              "VT750C2B" <-> "VT750C2S"  (vt750c2b / vt750c2s)
  motorcycle honda              "VT750C2S" <-> "VT750CS"  (vt750c2s / vt750cs)
  motorcycle honda              "VT750CA" <-> "VT750CS"  (vt750ca / vt750cs)
  motorcycle honda              "VT750CS" <-> "VT750S"  (vt750cs / vt750s)
  motorcycle honda              "VTR1000" <-> "VTR1000F"  (vtr1000 / vtr1000f)
  motorcycle honda              "VTR1000" <-> "VTR1000S"  (vtr1000 / vtr1000s)
  motorcycle honda              "VTR1000F" <-> "VTR1000S"  (vtr1000f / vtr1000s)
  motorcycle honda              "VTR1000S" <-> "VTR1000SP"  (vtr1000s / vtr1000sp)
  motorcycle honda              "VTR1000SP" <-> "VTR1000SP-1"  (vtr1000sp / vtr1000sp-1)
  motorcycle honda              "VTR250" <-> "VTR250K"  (vtr250 / vtr250k)
  motorcycle honda              "VTX1300" <-> "VTX1300C"  (vtx1300 / vtx1300c)
  motorcycle honda              "VTX1300" <-> "VTX1300S"  (vtx1300 / vtx1300s)
  motorcycle honda              "VTX1300" <-> "VTX1800"  (vtx1300 / vtx1800)
  motorcycle honda              "VTX1300C" <-> "VTX1300S"  (vtx1300c / vtx1300s)
  motorcycle honda              "VTX1300C" <-> "VTX1800C"  (vtx1300c / vtx1800c)
  motorcycle honda              "VTX1300S" <-> "VTX1800S"  (vtx1300s / vtx1800s)
  motorcycle honda              "VTX1800" <-> "VTX1800C"  (vtx1800 / vtx1800c)
  motorcycle honda              "VTX1800" <-> "VTX1800R"  (vtx1800 / vtx1800r)
  motorcycle honda              "VTX1800" <-> "VTX1800S"  (vtx1800 / vtx1800s)
  motorcycle honda              "VTX1800C" <-> "VTX1800R"  (vtx1800c / vtx1800r)
  motorcycle honda              "VTX1800C" <-> "VTX1800S"  (vtx1800c / vtx1800s)
  motorcycle honda              "VTX1800R" <-> "VTX1800S"  (vtx1800r / vtx1800s)
  motorcycle honda              "Wave 125" <-> "Wave 125I"  (wave-125 / wave-125i)
  motorcycle honda              "WW125" <-> "WW125A"  (ww125 / ww125a)
  motorcycle honda              "WW125" <-> "WW125S"  (ww125 / ww125s)
  motorcycle honda              "WW125A" <-> "WW125S"  (ww125a / ww125s)
  motorcycle honda              "XBR500F" <-> "XBR500G"  (xbr500f / xbr500g)
  motorcycle honda              "XBR500F" <-> "XBR500H"  (xbr500f / xbr500h)
  motorcycle honda              "XBR500F" <-> "XBR500S"  (xbr500f / xbr500s)
  motorcycle honda              "XBR500G" <-> "XBR500H"  (xbr500g / xbr500h)
  motorcycle honda              "XBR500G" <-> "XBR500S"  (xbr500g / xbr500s)
  motorcycle honda              "XBR500H" <-> "XBR500S"  (xbr500h / xbr500s)
  motorcycle honda              "XL1000" <-> "XL1000V"  (xl1000 / xl1000v)
  motorcycle honda              "XL1000" <-> "XL100S"  (xl1000 / xl100s)
  motorcycle honda              "XL1000 Varadero" <-> "XL1000V-Varadero"  (xl1000-varadero / xl1000v-varadero)
  motorcycle honda              "XL1000V" <-> "XL1000VA"  (xl1000v / xl1000va)
  motorcycle honda              "XL1000V-Varadero" <-> "XL1000VA Varadero"  (xl1000v-varadero / xl1000va-varadero)
  motorcycle honda              "XL100S" <-> "XL500S"  (xl100s / xl500s)
  motorcycle honda              "XL125" <-> "XL125R"  (xl125 / xl125r)
  motorcycle honda              "XL125" <-> "XL125S"  (xl125 / xl125s)
  motorcycle honda              "XL125" <-> "XL125V"  (xl125 / xl125v)
  motorcycle honda              "XL125" <-> "XLR125"  (xl125 / xlr125)
  motorcycle honda              "XL125" <-> "XR125"  (xl125 / xr125)
  motorcycle honda              "XL125R" <-> "XL125S"  (xl125r / xl125s)
  motorcycle honda              "XL125R" <-> "XL125V"  (xl125r / xl125v)
  motorcycle honda              "XL125S" <-> "XL125V"  (xl125s / xl125v)
  motorcycle honda              "XL125S" <-> "XL185S"  (xl125s / xl185s)
  motorcycle honda              "XL200" <-> "XL250"  (xl200 / xl250)
  motorcycle honda              "XL200" <-> "XL500"  (xl200 / xl500)
  motorcycle honda              "XL200" <-> "XL600"  (xl200 / xl600)
  motorcycle honda              "XL250" <-> "XL250R"  (xl250 / xl250r)
  motorcycle honda              "XL250" <-> "XL250S"  (xl250 / xl250s)
  motorcycle honda              "XL250" <-> "XL350"  (xl250 / xl350)
  motorcycle honda              "XL250" <-> "XL750"  (xl250 / xl750)
  motorcycle honda              "XL250" <-> "XLR250"  (xl250 / xlr250)
  motorcycle honda              "XL250" <-> "XR250"  (xl250 / xr250)
  motorcycle honda              "XL250R" <-> "XL250S"  (xl250r / xl250s)
  motorcycle honda              "XL250R" <-> "XR250R"  (xl250r / xr250r)
  motorcycle honda              "XL350" <-> "XL750"  (xl350 / xl750)
  motorcycle honda              "XL500" <-> "XL500R"  (xl500 / xl500r)
  motorcycle honda              "XL500" <-> "XL500S"  (xl500 / xl500s)
  motorcycle honda              "XL500" <-> "XL600"  (xl500 / xl600)
  motorcycle honda              "XL500" <-> "XR500"  (xl500 / xr500)
  motorcycle honda              "XL500R" <-> "XL500S"  (xl500r / xl500s)
  motorcycle honda              "XL500R" <-> "XL600R"  (xl500r / xl600r)
  motorcycle honda              "XL600" <-> "XL600R"  (xl600 / xl600r)
  motorcycle honda              "XL600" <-> "XL600V"  (xl600 / xl600v)
  motorcycle honda              "XL600" <-> "XR600"  (xl600 / xr600)
  motorcycle honda              "XL600R" <-> "XL600V"  (xl600r / xl600v)
  motorcycle honda              "XL600R" <-> "XR600R"  (xl600r / xr600r)
  motorcycle honda              "XL600V" <-> "XL650V"  (xl600v / xl650v)
  motorcycle honda              "XL600V" <-> "XL700V"  (xl600v / xl700v)
  motorcycle honda              "XL600V Transalp" <-> "XL650V Transalp"  (xl600v-transalp / xl650v-transalp)
  motorcycle honda              "XL700V" <-> "XL700VA"  (xl700v / xl700va)
  motorcycle honda              "XL75" <-> "XL750"  (xl75 / xl750)
  motorcycle honda              "XL750" <-> "XL750C"  (xl750 / xl750c)
  motorcycle honda              "XL750" <-> "XLV750"  (xl750 / xlv750)
  motorcycle honda              "XLR125" <-> "XR125"  (xlr125 / xr125)
  motorcycle honda              "XLR250" <-> "XR250"  (xlr250 / xr250)
  motorcycle honda              "XLV750" <-> "XLV750R"  (xlv750 / xlv750r)
  motorcycle honda              "XLV750" <-> "XRV750"  (xlv750 / xrv750)
  motorcycle honda              "XR125" <-> "XR125L"  (xr125 / xr125l)
  motorcycle honda              "XR200R" <-> "XR250R"  (xr200r / xr250r)
  motorcycle honda              "XR200R" <-> "XR600R"  (xr200r / xr600r)
  motorcycle honda              "XR250" <-> "XR250R"  (xr250 / xr250r)
  motorcycle honda              "XR250" <-> "XR650"  (xr250 / xr650)
  motorcycle honda              "XR250R" <-> "XR350R"  (xr250r / xr350r)
  motorcycle honda              "XR250R" <-> "XR650R"  (xr250r / xr650r)
  motorcycle honda              "XR350R" <-> "XR350RE"  (xr350r / xr350re)
  motorcycle honda              "XR350R" <-> "XR650R"  (xr350r / xr650r)
  motorcycle honda              "XR400" <-> "XR500"  (xr400 / xr500)
  motorcycle honda              "XR400" <-> "XR600"  (xr400 / xr600)
  motorcycle honda              "XR500" <-> "XR500A"  (xr500 / xr500a)
  motorcycle honda              "XR500" <-> "XR600"  (xr500 / xr600)
  motorcycle honda              "XR600" <-> "XR600R"  (xr600 / xr600r)
  motorcycle honda              "XR600" <-> "XR650"  (xr600 / xr650)
  motorcycle honda              "XR600R" <-> "XR600RG"  (xr600r / xr600rg)
  motorcycle honda              "XR600R" <-> "XR650R"  (xr600r / xr650r)
  motorcycle honda              "XR650" <-> "XR650R"  (xr650 / xr650r)
  motorcycle honda              "XR650" <-> "XRV650"  (xr650 / xrv650)
  motorcycle honda              "XRV650" <-> "XRV750"  (xrv650 / xrv750)
  motorcycle honda              "XRV650 Africa Twin" <-> "XRV750 Africa Twin"  (xrv650-africa-twin / xrv750-africa-twin)
  motorcycle honda              "XRV750" <-> "XRV750Y"  (xrv750 / xrv750y)
  motorcycle husaberg           "450FE" <-> "550FE"  (450fe / 550fe)
  motorcycle husaberg           "450FE" <-> "650FE"  (450fe / 650fe)
  motorcycle husaberg           "550FE" <-> "570FE"  (550fe / 570fe)
  motorcycle husaberg           "550FE" <-> "650FE"  (550fe / 650fe)
  motorcycle husaberg           "FE250" <-> "FE350"  (fe250 / fe350)
  motorcycle husaberg           "FE250" <-> "FE450"  (fe250 / fe450)
  motorcycle husaberg           "FE250" <-> "FE550"  (fe250 / fe550)
  motorcycle husaberg           "FE250" <-> "FE650"  (fe250 / fe650)
  motorcycle husaberg           "FE250" <-> "TE250"  (fe250 / te250)
  motorcycle husaberg           "FE350" <-> "FE390"  (fe350 / fe390)
  motorcycle husaberg           "FE350" <-> "FE450"  (fe350 / fe450)
  motorcycle husaberg           "FE350" <-> "FE550"  (fe350 / fe550)
  motorcycle husaberg           "FE350" <-> "FE650"  (fe350 / fe650)
  motorcycle husaberg           "FE450" <-> "FE550"  (fe450 / fe550)
  motorcycle husaberg           "FE450" <-> "FE650"  (fe450 / fe650)
  motorcycle husaberg           "FE550" <-> "FE570"  (fe550 / fe570)
  motorcycle husaberg           "FE550" <-> "FE650"  (fe550 / fe650)
  motorcycle husaberg           "FE570" <-> "FS570"  (fe570 / fs570)
  motorcycle husqvarna          "410TE" <-> "510TE"  (410te / 510te)
  motorcycle husqvarna          "410TE" <-> "610TE"  (410te / 610te)
  motorcycle husqvarna          "510TE" <-> "610TE"  (510te / 610te)
  motorcycle husqvarna          "FE250" <-> "FE350"  (fe250 / fe350)
  motorcycle husqvarna          "FE250" <-> "FE450"  (fe250 / fe450)
  motorcycle husqvarna          "FE250" <-> "TE250"  (fe250 / te250)
  motorcycle husqvarna          "FE350" <-> "FE450"  (fe350 / fe450)
  motorcycle husqvarna          "FE450" <-> "FR450"  (fe450 / fr450)
  motorcycle husqvarna          "FE450" <-> "TE450"  (fe450 / te450)
  motorcycle husqvarna          "Nuda 900" <-> "Nuda 900R"  (nuda-900 / nuda-900r)
  motorcycle husqvarna          "SM125" <-> "SMR125"  (sm125 / smr125)
  motorcycle husqvarna          "SM125" <-> "SMS125"  (sm125 / sms125)
  motorcycle husqvarna          "SM510" <-> "SM510R"  (sm510 / sm510r)
  motorcycle husqvarna          "SM510" <-> "SM570"  (sm510 / sm570)
  motorcycle husqvarna          "SM510" <-> "SM610"  (sm510 / sm610)
  motorcycle husqvarna          "SM510" <-> "SMR510"  (sm510 / smr510)
  motorcycle husqvarna          "SM610" <-> "SM630"  (sm610 / sm630)
  motorcycle husqvarna          "SM630" <-> "SMS630"  (sm630 / sms630)
  motorcycle husqvarna          "SMR125" <-> "SMS125"  (smr125 / sms125)
  motorcycle husqvarna          "SMR510" <-> "SMR511"  (smr510 / smr511)
  motorcycle husqvarna          "Svartpilen 401" <-> "Svartpilen 701"  (svartpilen-401 / svartpilen-701)
  motorcycle husqvarna          "Svartpilen 401" <-> "Svartpilen 801"  (svartpilen-401 / svartpilen-801)
  motorcycle husqvarna          "Svartpilen 701" <-> "Svartpilen 801"  (svartpilen-701 / svartpilen-801)
  motorcycle husqvarna          "TE E610" <-> "TE610"  (te-e610 / te610)
  motorcycle husqvarna          "TE150" <-> "TE150I"  (te150 / te150i)
  motorcycle husqvarna          "TE150" <-> "TE250"  (te150 / te250)
  motorcycle husqvarna          "TE150" <-> "TE450"  (te150 / te450)
  motorcycle husqvarna          "TE150I" <-> "TE250I"  (te150i / te250i)
  motorcycle husqvarna          "TE250" <-> "TE250I"  (te250 / te250i)
  motorcycle husqvarna          "TE250" <-> "TE450"  (te250 / te450)
  motorcycle husqvarna          "TE300" <-> "TE300I"  (te300 / te300i)
  motorcycle husqvarna          "TE300" <-> "TE310"  (te300 / te310)
  motorcycle husqvarna          "TE300" <-> "TE400"  (te300 / te400)
  motorcycle husqvarna          "TE310" <-> "TE510"  (te310 / te510)
  motorcycle husqvarna          "TE310" <-> "TE610"  (te310 / te610)
  motorcycle husqvarna          "TE400" <-> "TE450"  (te400 / te450)
  motorcycle husqvarna          "TE510" <-> "TE511"  (te510 / te511)
  motorcycle husqvarna          "TE510" <-> "TE570"  (te510 / te570)
  motorcycle husqvarna          "TE510" <-> "TE610"  (te510 / te610)
  motorcycle husqvarna          "TE610" <-> "TE630"  (te610 / te630)
  motorcycle husqvarna          "Vitpilen 401" <-> "Vitpilen 701"  (vitpilen-401 / vitpilen-701)
  motorcycle husqvarna          "Vitpilen 401" <-> "Vitpilen 801"  (vitpilen-401 / vitpilen-801)
  motorcycle husqvarna          "Vitpilen 701" <-> "Vitpilen 801"  (vitpilen-701 / vitpilen-801)
  motorcycle husqvarna          "WR125" <-> "WRE125"  (wr125 / wre125)
  motorcycle husqvarna          "WR300" <-> "WR360"  (wr300 / wr360)
  motorcycle hyosung            "GT125" <-> "GV125"  (gt125 / gv125)
  motorcycle hyosung            "GT125" <-> "RT125"  (gt125 / rt125)
  motorcycle hyosung            "GT250" <-> "GT650"  (gt250 / gt650)
  motorcycle hyosung            "GT250" <-> "GV250"  (gt250 / gv250)
  motorcycle hyosung            "GT650" <-> "GV650"  (gt650 / gv650)
  motorcycle hyosung            "GV250" <-> "GV650"  (gv250 / gv650)
  motorcycle ifa                "RT125" <-> "RT125-1"  (rt125 / rt125-1)
  motorcycle indian             "FTR1200" <-> "FTR1200S"  (ftr1200 / ftr1200s)
  motorcycle italjet            "Dragster 125" <-> "Dragster D125"  (dragster-125 / dragster-d125)
  motorcycle italjet            "Dragster 200" <-> "Dragster 300"  (dragster-200 / dragster-300)
  motorcycle kawasaki           "1000" <-> "Z1000"  (1000 / z1000)
  motorcycle kawasaki           "1000GTR" <-> "1400GTR"  (1000gtr / 1400gtr)
  motorcycle kawasaki           "450LTD" <-> "750LTD"  (450ltd / 750ltd)
  motorcycle kawasaki           "750LTD" <-> "Z750LTD"  (750ltd / z750ltd)
  motorcycle kawasaki           "AR125" <-> "BR125"  (ar125 / br125)
  motorcycle kawasaki           "BN125" <-> "BR125"  (bn125 / br125)
  motorcycle kawasaki           "BN125" <-> "BX125"  (bn125 / bx125)
  motorcycle kawasaki           "BR125" <-> "BX125"  (br125 / bx125)
  motorcycle kawasaki           "BR250" <-> "KR250"  (br250 / kr250)
  motorcycle kawasaki           "BX125" <-> "KX125"  (bx125 / kx125)
  motorcycle kawasaki           "EJ650" <-> "ER650"  (ej650 / er650)
  motorcycle kawasaki           "EJ650" <-> "EX650"  (ej650 / ex650)
  motorcycle kawasaki           "EL250" <-> "EL250B"  (el250 / el250b)
  motorcycle kawasaki           "EL250" <-> "EL252"  (el250 / el252)
  motorcycle kawasaki           "EL250" <-> "EL450"  (el250 / el450)
  motorcycle kawasaki           "EL250" <-> "EX250"  (el250 / ex250)
  motorcycle kawasaki           "EL250" <-> "KL250"  (el250 / kl250)
  motorcycle kawasaki           "EL450" <-> "EN450"  (el450 / en450)
  motorcycle kawasaki           "EN500" <-> "EN500A"  (en500 / en500a)
  motorcycle kawasaki           "EN500" <-> "ER500"  (en500 / er500)
  motorcycle kawasaki           "EN500" <-> "EX500"  (en500 / ex500)
  motorcycle kawasaki           "EN500A" <-> "EX500A"  (en500a / ex500a)
  motorcycle kawasaki           "ER-6F" <-> "ER-6n"  (er-6f / er-6n)
  motorcycle kawasaki           "ER400" <-> "ER500"  (er400 / er500)
  motorcycle kawasaki           "ER400" <-> "ZR400"  (er400 / zr400)
  motorcycle kawasaki           "ER500" <-> "EX500"  (er500 / ex500)
  motorcycle kawasaki           "ER650" <-> "EX650"  (er650 / ex650)
  motorcycle kawasaki           "ER650" <-> "SR650"  (er650 / sr650)
  motorcycle kawasaki           "EX250" <-> "EX650"  (ex250 / ex650)
  motorcycle kawasaki           "EX250" <-> "KX250"  (ex250 / kx250)
  motorcycle kawasaki           "EX300" <-> "EX305"  (ex300 / ex305)
  motorcycle kawasaki           "EX300" <-> "EX500"  (ex300 / ex500)
  motorcycle kawasaki           "EX500" <-> "EX500A"  (ex500 / ex500a)
  motorcycle kawasaki           "EX500" <-> "EX500D"  (ex500 / ex500d)
  motorcycle kawasaki           "EX500A" <-> "EX500D"  (ex500a / ex500d)
  motorcycle kawasaki           "EX650" <-> "EX650C"  (ex650 / ex650c)
  motorcycle kawasaki           "EX650C" <-> "LX650C"  (ex650c / lx650c)
  motorcycle kawasaki           "GP2900R" <-> "GPZ900R"  (gp2900r / gpz900r)
  motorcycle kawasaki           "GPX600" <-> "GPX600R"  (gpx600 / gpx600r)
  motorcycle kawasaki           "GPX600" <-> "GPZ600"  (gpx600 / gpz600)
  motorcycle kawasaki           "GPX600R" <-> "GPZ600R"  (gpx600r / gpz600r)
  motorcycle kawasaki           "GPX750R" <-> "GPZ750R"  (gpx750r / gpz750r)
  motorcycle kawasaki           "GPZ1000" <-> "GPZ1000R"  (gpz1000 / gpz1000r)
  motorcycle kawasaki           "GPZ1000" <-> "GPZ1100"  (gpz1000 / gpz1100)
  motorcycle kawasaki           "GPZ1000R" <-> "GPZ1000RX"  (gpz1000r / gpz1000rx)
  motorcycle kawasaki           "GPZ250R" <-> "GPZ750R"  (gpz250r / gpz750r)
  motorcycle kawasaki           "GPZ400" <-> "GPZ500"  (gpz400 / gpz500)
  motorcycle kawasaki           "GPZ400" <-> "GPZ600"  (gpz400 / gpz600)
  motorcycle kawasaki           "GPZ400" <-> "GPZ900"  (gpz400 / gpz900)
  motorcycle kawasaki           "GPZ500" <-> "GPZ5005"  (gpz500 / gpz5005)
  motorcycle kawasaki           "GPZ500" <-> "GPZ500S"  (gpz500 / gpz500s)
  motorcycle kawasaki           "GPZ500" <-> "GPZ550"  (gpz500 / gpz550)
  motorcycle kawasaki           "GPZ500" <-> "GPZ600"  (gpz500 / gpz600)
  motorcycle kawasaki           "GPZ500" <-> "GPZ900"  (gpz500 / gpz900)
  motorcycle kawasaki           "GPZ5005" <-> "GPZ500S"  (gpz5005 / gpz500s)
  motorcycle kawasaki           "GPZ550" <-> "GPZ750"  (gpz550 / gpz750)
  motorcycle kawasaki           "GPZ600" <-> "GPZ600R"  (gpz600 / gpz600r)
  motorcycle kawasaki           "GPZ600" <-> "GPZ900"  (gpz600 / gpz900)
  motorcycle kawasaki           "GPZ600R" <-> "GPZ900R"  (gpz600r / gpz900r)
  motorcycle kawasaki           "GPZ750" <-> "GPZ750R"  (gpz750 / gpz750r)
  motorcycle kawasaki           "GPZ900" <-> "GPZ900R"  (gpz900 / gpz900r)
  motorcycle kawasaki           "GTR1000" <-> "GTR1400"  (gtr1000 / gtr1400)
  motorcycle kawasaki           "J300" <-> "Z300"  (j300 / z300)
  motorcycle kawasaki           "KC100" <-> "KE100"  (kc100 / ke100)
  motorcycle kawasaki           "KC100" <-> "KM100"  (kc100 / km100)
  motorcycle kawasaki           "KDX200" <-> "KDX250"  (kdx200 / kdx250)
  motorcycle kawasaki           "KDX200" <-> "KMX200"  (kdx200 / kmx200)
  motorcycle kawasaki           "KDX250" <-> "KLX250"  (kdx250 / klx250)
  motorcycle kawasaki           "KDX250" <-> "KX250"  (kdx250 / kx250)
  motorcycle kawasaki           "KE100" <-> "KM100"  (ke100 / km100)
  motorcycle kawasaki           "KE125" <-> "KH125"  (ke125 / kh125)
  motorcycle kawasaki           "KE125" <-> "KX125"  (ke125 / kx125)
  motorcycle kawasaki           "KH125" <-> "KX125"  (kh125 / kx125)
  motorcycle kawasaki           "KH250" <-> "KL250"  (kh250 / kl250)
  motorcycle kawasaki           "KH250" <-> "KR250"  (kh250 / kr250)
  motorcycle kawasaki           "KH250" <-> "KX250"  (kh250 / kx250)
  motorcycle kawasaki           "KH400" <-> "KZ400"  (kh400 / kz400)
  motorcycle kawasaki           "KL250" <-> "KL650"  (kl250 / kl650)
  motorcycle kawasaki           "KL250" <-> "KLR250"  (kl250 / klr250)
  motorcycle kawasaki           "KL250" <-> "KLX250"  (kl250 / klx250)
  motorcycle kawasaki           "KL250" <-> "KR250"  (kl250 / kr250)
  motorcycle kawasaki           "KL250" <-> "KX250"  (kl250 / kx250)
  motorcycle kawasaki           "KL600" <-> "KL650"  (kl600 / kl650)
  motorcycle kawasaki           "KL600" <-> "KLR600"  (kl600 / klr600)
  motorcycle kawasaki           "KL600" <-> "ZL600"  (kl600 / zl600)
  motorcycle kawasaki           "KL650" <-> "KL650C"  (kl650 / kl650c)
  motorcycle kawasaki           "KL650" <-> "KLR650"  (kl650 / klr650)
  motorcycle kawasaki           "KL650" <-> "KLX650"  (kl650 / klx650)
  motorcycle kawasaki           "KL650" <-> "KZ650"  (kl650 / kz650)
  motorcycle kawasaki           "KLR250" <-> "KLR650"  (klr250 / klr650)
  motorcycle kawasaki           "KLR250" <-> "KLX250"  (klr250 / klx250)
  motorcycle kawasaki           "KLR250" <-> "KR250"  (klr250 / kr250)
  motorcycle kawasaki           "KLR600" <-> "KLR650"  (klr600 / klr650)
  motorcycle kawasaki           "KLR650" <-> "KLX650"  (klr650 / klx650)
  motorcycle kawasaki           "KLX125" <-> "KMX125"  (klx125 / kmx125)
  motorcycle kawasaki           "KLX125" <-> "KX125"  (klx125 / kx125)
  motorcycle kawasaki           "KLX230" <-> "KLX250"  (klx230 / klx250)
  motorcycle kawasaki           "KLX250" <-> "KLX650"  (klx250 / klx650)
  motorcycle kawasaki           "KLX250" <-> "KX250"  (klx250 / kx250)
  motorcycle kawasaki           "KMX125" <-> "KX125"  (kmx125 / kx125)
  motorcycle kawasaki           "KR250" <-> "KX250"  (kr250 / kx250)
  motorcycle kawasaki           "KZ1000" <-> "KZ1000J"  (kz1000 / kz1000j)
  motorcycle kawasaki           "KZ1000" <-> "KZ1100"  (kz1000 / kz1100)
  motorcycle kawasaki           "KZ1000" <-> "KZ1300"  (kz1000 / kz1300)
  motorcycle kawasaki           "KZ1000" <-> "Z1000"  (kz1000 / z1000)
  motorcycle kawasaki           "KZ1000J" <-> "Z1000J"  (kz1000j / z1000j)
  motorcycle kawasaki           "KZ1000ST" <-> "Z1000ST"  (kz1000st / z1000st)
  motorcycle kawasaki           "KZ1100" <-> "KZ1300"  (kz1100 / kz1300)
  motorcycle kawasaki           "KZ1100" <-> "Z1100"  (kz1100 / z1100)
  motorcycle kawasaki           "KZ1300" <-> "Z1300"  (kz1300 / z1300)
  motorcycle kawasaki           "KZ200" <-> "KZ400"  (kz200 / kz400)
  motorcycle kawasaki           "KZ200" <-> "KZ900"  (kz200 / kz900)
  motorcycle kawasaki           "KZ200" <-> "Z200"  (kz200 / z200)
  motorcycle kawasaki           "KZ400" <-> "KZ440"  (kz400 / kz440)
  motorcycle kawasaki           "KZ400" <-> "KZ900"  (kz400 / kz900)
  motorcycle kawasaki           "KZ400" <-> "Z400"  (kz400 / z400)
  motorcycle kawasaki           "KZ440" <-> "KZ440A"  (kz440 / kz440a)
  motorcycle kawasaki           "KZ440" <-> "Z440"  (kz440 / z440)
  motorcycle kawasaki           "KZ550" <-> "KZ550F"  (kz550 / kz550f)
  motorcycle kawasaki           "KZ550" <-> "KZ650"  (kz550 / kz650)
  motorcycle kawasaki           "KZ550" <-> "KZ750"  (kz550 / kz750)
  motorcycle kawasaki           "KZ550" <-> "Z550"  (kz550 / z550)
  motorcycle kawasaki           "KZ650" <-> "KZ750"  (kz650 / kz750)
  motorcycle kawasaki           "KZ650" <-> "Z650"  (kz650 / z650)
  motorcycle kawasaki           "KZ750" <-> "Z750"  (kz750 / z750)
  motorcycle kawasaki           "KZ900" <-> "Z900"  (kz900 / z900)
  motorcycle kawasaki           "LTD450" <-> "LTD550"  (ltd450 / ltd550)
  motorcycle kawasaki           "LTD450" <-> "LTD750"  (ltd450 / ltd750)
  motorcycle kawasaki           "LTD550" <-> "LTD750"  (ltd550 / ltd750)
  motorcycle kawasaki           "Ninja 1000SX" <-> "Ninja 1100SX"  (ninja-1000sx / ninja-1100sx)
  motorcycle kawasaki           "Ninja 250" <-> "Ninja 250R"  (ninja-250 / ninja-250r)
  motorcycle kawasaki           "Ninja 250" <-> "Ninja 650"  (ninja-250 / ninja-650)
  motorcycle kawasaki           "Ninja 300" <-> "Ninja 400"  (ninja-300 / ninja-400)
  motorcycle kawasaki           "Ninja 300" <-> "Ninja 500"  (ninja-300 / ninja-500)
  motorcycle kawasaki           "Ninja 400" <-> "Ninja 500"  (ninja-400 / ninja-500)
  motorcycle kawasaki           "Ninja ZX-10R" <-> "Ninja ZX-10RR"  (ninja-zx-10r / ninja-zx-10rr)
  motorcycle kawasaki           "Ninja ZX-10R" <-> "Ninja ZX-12R"  (ninja-zx-10r / ninja-zx-12r)
  motorcycle kawasaki           "Ninja ZX-4R" <-> "Ninja ZX-4RR"  (ninja-zx-4r / ninja-zx-4rr)
  motorcycle kawasaki           "Ninja ZX-4R" <-> "Ninja ZX-6R"  (ninja-zx-4r / ninja-zx-6r)
  motorcycle kawasaki           "Ninja ZX-4R" <-> "Ninja ZX-7R"  (ninja-zx-4r / ninja-zx-7r)
  motorcycle kawasaki           "Ninja ZX-4R" <-> "Ninja ZX-9R"  (ninja-zx-4r / ninja-zx-9r)
  motorcycle kawasaki           "Ninja ZX-4RR" <-> "Ninja ZX-6RR"  (ninja-zx-4rr / ninja-zx-6rr)
  motorcycle kawasaki           "Ninja ZX-6R" <-> "Ninja ZX-6RR"  (ninja-zx-6r / ninja-zx-6rr)
  motorcycle kawasaki           "Ninja ZX-6R" <-> "Ninja ZX-7R"  (ninja-zx-6r / ninja-zx-7r)
  motorcycle kawasaki           "Ninja ZX-6R" <-> "Ninja ZX-9R"  (ninja-zx-6r / ninja-zx-9r)
  motorcycle kawasaki           "Ninja ZX-7R" <-> "Ninja ZX-9R"  (ninja-zx-7r / ninja-zx-9r)
  motorcycle kawasaki           "Versys 1000" <-> "Versys 1100"  (versys-1000 / versys-1100)
  motorcycle kawasaki           "VN1500" <-> "VN1500A"  (vn1500 / vn1500a)
  motorcycle kawasaki           "VN1500" <-> "VN1600"  (vn1500 / vn1600)
  motorcycle kawasaki           "VN1500" <-> "VN1700"  (vn1500 / vn1700)
  motorcycle kawasaki           "VN1500 Classic" <-> "VN1600 Classic"  (vn1500-classic / vn1600-classic)
  motorcycle kawasaki           "VN1500 Classic" <-> "VN1700 Classic"  (vn1500-classic / vn1700-classic)
  motorcycle kawasaki           "VN1500 Classic Tourer" <-> "VN1600 Classic Tourer"  (vn1500-classic-tourer / vn1600-classic-tourer)
  motorcycle kawasaki           "VN1500 Classic Tourer" <-> "VN1700 Classic Tourer"  (vn1500-classic-tourer / vn1700-classic-tourer)
  motorcycle kawasaki           "VN1500 Mean Streak" <-> "VN1600 Mean Streak"  (vn1500-mean-streak / vn1600-mean-streak)
  motorcycle kawasaki           "VN1600" <-> "VN1700"  (vn1600 / vn1700)
  motorcycle kawasaki           "VN1600 Classic" <-> "VN1700 Classic"  (vn1600-classic / vn1700-classic)
  motorcycle kawasaki           "VN1600 Classic Tourer" <-> "VN1700 Classic Tourer"  (vn1600-classic-tourer / vn1700-classic-tourer)
  motorcycle kawasaki           "VN700 Vulcan" <-> "VN750 Vulcan"  (vn700-vulcan / vn750-vulcan)
  motorcycle kawasaki           "VN700 Vulcan" <-> "VN900 Vulcan"  (vn700-vulcan / vn900-vulcan)
  motorcycle kawasaki           "VN750" <-> "VN750A"  (vn750 / vn750a)
  motorcycle kawasaki           "VN750A" <-> "VNT50A"  (vn750a / vnt50a)
  motorcycle kawasaki           "VN800" <-> "VN800A"  (vn800 / vn800a)
  motorcycle kawasaki           "VN800" <-> "VN900"  (vn800 / vn900)
  motorcycle kawasaki           "VN800 Classic" <-> "VN900 Classic"  (vn800-classic / vn900-classic)
  motorcycle kawasaki           "VN800A" <-> "VN800A1"  (vn800a / vn800a1)
  motorcycle kawasaki           "VN900" <-> "VN900B"  (vn900 / vn900b)
  motorcycle kawasaki           "VN900" <-> "VN900C"  (vn900 / vn900c)
  motorcycle kawasaki           "VN900" <-> "VN900D"  (vn900 / vn900d)
  motorcycle kawasaki           "VN900B" <-> "VN900C"  (vn900b / vn900c)
  motorcycle kawasaki           "VN900B" <-> "VN900D"  (vn900b / vn900d)
  motorcycle kawasaki           "VN900C" <-> "VN900D"  (vn900c / vn900d)
  motorcycle kawasaki           "VNT50A" <-> "VNT50D"  (vnt50a / vnt50d)
  motorcycle kawasaki           "Vulcan" <-> "Vulcan S"  (vulcan / vulcan-s)
  motorcycle kawasaki           "W650" <-> "Z650"  (w650 / z650)
  motorcycle kawasaki           "W800" <-> "Z800"  (w800 / z800)
  motorcycle kawasaki           "Z1 900" <-> "Z1000"  (z1-900 / z1000)
  motorcycle kawasaki           "Z1 900" <-> "Z1100"  (z1-900 / z1100)
  motorcycle kawasaki           "Z1 900" <-> "Z1300"  (z1-900 / z1300)
  motorcycle kawasaki           "Z1 900" <-> "Z900"  (z1-900 / z900)
  motorcycle kawasaki           "Z1 900" <-> "ZR900"  (z1-900 / zr900)
  motorcycle kawasaki           "Z1 900" <-> "ZX900"  (z1-900 / zx900)
  motorcycle kawasaki           "Z1000" <-> "Z1000J"  (z1000 / z1000j)
  motorcycle kawasaki           "Z1000" <-> "Z1000K"  (z1000 / z1000k)
  motorcycle kawasaki           "Z1000" <-> "Z1000R"  (z1000 / z1000r)
  motorcycle kawasaki           "Z1000" <-> "Z1100"  (z1000 / z1100)
  motorcycle kawasaki           "Z1000" <-> "Z1300"  (z1000 / z1300)
  motorcycle kawasaki           "Z1000" <-> "ZG1000"  (z1000 / zg1000)
  motorcycle kawasaki           "Z1000" <-> "ZL1000"  (z1000 / zl1000)
  motorcycle kawasaki           "Z1000" <-> "ZR1000"  (z1000 / zr1000)
  motorcycle kawasaki           "Z1000" <-> "ZX1000"  (z1000 / zx1000)
  motorcycle kawasaki           "Z1000J" <-> "Z1000K"  (z1000j / z1000k)
  motorcycle kawasaki           "Z1000J" <-> "Z1000R"  (z1000j / z1000r)
  motorcycle kawasaki           "Z1000K" <-> "Z1000R"  (z1000k / z1000r)
  motorcycle kawasaki           "Z1000ST" <-> "Z1000SX"  (z1000st / z1000sx)
  motorcycle kawasaki           "Z1100" <-> "Z1300"  (z1100 / z1300)
  motorcycle kawasaki           "Z1100" <-> "ZR1100"  (z1100 / zr1100)
  motorcycle kawasaki           "Z1100" <-> "ZX1100"  (z1100 / zx1100)
  motorcycle kawasaki           "Z1300" <-> "Z1300-6"  (z1300 / z1300-6)
  motorcycle kawasaki           "Z1300" <-> "Z300"  (z1300 / z300)
  motorcycle kawasaki           "Z1300" <-> "ZG1300"  (z1300 / zg1300)
  motorcycle kawasaki           "Z200" <-> "Z250"  (z200 / z250)
  motorcycle kawasaki           "Z200" <-> "Z300"  (z200 / z300)
  motorcycle kawasaki           "Z200" <-> "Z400"  (z200 / z400)
  motorcycle kawasaki           "Z200" <-> "Z500"  (z200 / z500)
  motorcycle kawasaki           "Z200" <-> "Z800"  (z200 / z800)
  motorcycle kawasaki           "Z200" <-> "Z900"  (z200 / z900)
  motorcycle kawasaki           "Z250" <-> "Z550"  (z250 / z550)
  motorcycle kawasaki           "Z250" <-> "Z650"  (z250 / z650)
  motorcycle kawasaki           "Z250" <-> "Z750"  (z250 / z750)
  motorcycle kawasaki           "Z300" <-> "Z400"  (z300 / z400)
  motorcycle kawasaki           "Z300" <-> "Z500"  (z300 / z500)
  motorcycle kawasaki           "Z300" <-> "Z800"  (z300 / z800)
  motorcycle kawasaki           "Z300" <-> "Z900"  (z300 / z900)
  motorcycle kawasaki           "Z400" <-> "Z400B"  (z400 / z400b)
  motorcycle kawasaki           "Z400" <-> "Z440"  (z400 / z440)
  motorcycle kawasaki           "Z400" <-> "Z500"  (z400 / z500)
  motorcycle kawasaki           "Z400" <-> "Z800"  (z400 / z800)
  motorcycle kawasaki           "Z400" <-> "Z900"  (z400 / z900)
  motorcycle kawasaki           "Z400" <-> "ZR400"  (z400 / zr400)
  motorcycle kawasaki           "Z400" <-> "ZX400"  (z400 / zx400)
  motorcycle kawasaki           "Z440" <-> "Z440C"  (z440 / z440c)
  motorcycle kawasaki           "Z500" <-> "Z550"  (z500 / z550)
  motorcycle kawasaki           "Z500" <-> "Z800"  (z500 / z800)
  motorcycle kawasaki           "Z500" <-> "Z900"  (z500 / z900)
  motorcycle kawasaki           "Z550" <-> "Z650"  (z550 / z650)
  motorcycle kawasaki           "Z550" <-> "Z750"  (z550 / z750)
  motorcycle kawasaki           "Z550" <-> "ZX550"  (z550 / zx550)
  motorcycle kawasaki           "Z650" <-> "Z650B"  (z650 / z650b)
  motorcycle kawasaki           "Z650" <-> "Z750"  (z650 / z750)
  motorcycle kawasaki           "Z750" <-> "Z750E"  (z750 / z750e)
  motorcycle kawasaki           "Z750" <-> "Z750L"  (z750 / z750l)
  motorcycle kawasaki           "Z750" <-> "Z750R"  (z750 / z750r)
  motorcycle kawasaki           "Z750" <-> "Z750S"  (z750 / z750s)
  motorcycle kawasaki           "Z750" <-> "ZR750"  (z750 / zr750)
  motorcycle kawasaki           "Z750" <-> "ZX750"  (z750 / zx750)
  motorcycle kawasaki           "Z750E" <-> "Z750L"  (z750e / z750l)
  motorcycle kawasaki           "Z750E" <-> "Z750R"  (z750e / z750r)
  motorcycle kawasaki           "Z750E" <-> "Z750S"  (z750e / z750s)
  motorcycle kawasaki           "Z750E" <-> "ZX750E"  (z750e / zx750e)
  motorcycle kawasaki           "Z750L" <-> "Z750R"  (z750l / z750r)
  motorcycle kawasaki           "Z750L" <-> "Z750S"  (z750l / z750s)
  motorcycle kawasaki           "Z750L" <-> "ZX750L"  (z750l / zx750l)
  motorcycle kawasaki           "Z750R" <-> "Z750S"  (z750r / z750s)
  motorcycle kawasaki           "Z800" <-> "Z900"  (z800 / z900)
  motorcycle kawasaki           "Z800" <-> "ZR800"  (z800 / zr800)
  motorcycle kawasaki           "Z900" <-> "ZR900"  (z900 / zr900)
  motorcycle kawasaki           "Z900" <-> "ZX900"  (z900 / zx900)
  motorcycle kawasaki           "Zephyr 550" <-> "Zephyr 750"  (zephyr-550 / zephyr-750)
  motorcycle kawasaki           "ZG1000" <-> "ZG1300"  (zg1000 / zg1300)
  motorcycle kawasaki           "ZG1000" <-> "ZG1400"  (zg1000 / zg1400)
  motorcycle kawasaki           "ZG1000" <-> "ZL1000"  (zg1000 / zl1000)
  motorcycle kawasaki           "ZG1000" <-> "ZR1000"  (zg1000 / zr1000)
  motorcycle kawasaki           "ZG1000" <-> "ZX1000"  (zg1000 / zx1000)
  motorcycle kawasaki           "ZG1300" <-> "ZG1400"  (zg1300 / zg1400)
  motorcycle kawasaki           "ZG1400" <-> "ZX1400"  (zg1400 / zx1400)
  motorcycle kawasaki           "ZGT00A" <-> "ZRT00A"  (zgt00a / zrt00a)
  motorcycle kawasaki           "ZL1000" <-> "ZR1000"  (zl1000 / zr1000)
  motorcycle kawasaki           "ZL1000" <-> "ZX1000"  (zl1000 / zx1000)
  motorcycle kawasaki           "ZL600" <-> "ZX600"  (zl600 / zx600)
  motorcycle kawasaki           "ZR1000" <-> "ZR1100"  (zr1000 / zr1100)
  motorcycle kawasaki           "ZR1000" <-> "ZR1200"  (zr1000 / zr1200)
  motorcycle kawasaki           "ZR1000" <-> "ZX1000"  (zr1000 / zx1000)
  motorcycle kawasaki           "ZR1100" <-> "ZR1200"  (zr1100 / zr1200)
  motorcycle kawasaki           "ZR1100" <-> "ZRX1100"  (zr1100 / zrx1100)
  motorcycle kawasaki           "ZR1100" <-> "ZX1100"  (zr1100 / zx1100)
  motorcycle kawasaki           "ZR1100" <-> "ZZ-R1100"  (zr1100 / zz-r1100)
  motorcycle kawasaki           "ZR1200" <-> "ZRX1200"  (zr1200 / zrx1200)
  motorcycle kawasaki           "ZR1200" <-> "ZX1200"  (zr1200 / zx1200)
  motorcycle kawasaki           "ZR1200" <-> "ZZ R1200"  (zr1200 / zz-r1200)
  motorcycle kawasaki           "ZR1200" <-> "ZZR1200"  (zr1200 / zzr1200)
  motorcycle kawasaki           "ZR400" <-> "ZR800"  (zr400 / zr800)
  motorcycle kawasaki           "ZR400" <-> "ZR900"  (zr400 / zr900)
  motorcycle kawasaki           "ZR400" <-> "ZX400"  (zr400 / zx400)
  motorcycle kawasaki           "ZR400" <-> "ZXR400"  (zr400 / zxr400)
  motorcycle kawasaki           "ZR750" <-> "ZR750C"  (zr750 / zr750c)
  motorcycle kawasaki           "ZR750" <-> "ZR750J"  (zr750 / zr750j)
  motorcycle kawasaki           "ZR750" <-> "ZX750"  (zr750 / zx750)
  motorcycle kawasaki           "ZR750" <-> "ZXR750"  (zr750 / zxr750)
  motorcycle kawasaki           "ZR750C" <-> "ZR750J"  (zr750c / zr750j)
  motorcycle kawasaki           "ZR800" <-> "ZR800A"  (zr800 / zr800a)
  motorcycle kawasaki           "ZR800" <-> "ZR900"  (zr800 / zr900)
  motorcycle kawasaki           "ZR800A" <-> "ZRT00A"  (zr800a / zrt00a)
  motorcycle kawasaki           "ZR900" <-> "ZR900F"  (zr900 / zr900f)
  motorcycle kawasaki           "ZR900" <-> "ZX900"  (zr900 / zx900)
  motorcycle kawasaki           "ZRX1100" <-> "ZRX1200"  (zrx1100 / zrx1200)
  motorcycle kawasaki           "ZRX1100" <-> "ZX1100"  (zrx1100 / zx1100)
  motorcycle kawasaki           "ZRX1200" <-> "ZRX1200R"  (zrx1200 / zrx1200r)
  motorcycle kawasaki           "ZRX1200" <-> "ZRX1200S"  (zrx1200 / zrx1200s)
  motorcycle kawasaki           "ZRX1200" <-> "ZX1200"  (zrx1200 / zx1200)
  motorcycle kawasaki           "ZRX1200R" <-> "ZRX1200S"  (zrx1200r / zrx1200s)
  motorcycle kawasaki           "ZX1000" <-> "ZX1002"  (zx1000 / zx1002)
  motorcycle kawasaki           "ZX1000" <-> "ZX1100"  (zx1000 / zx1100)
  motorcycle kawasaki           "ZX1000" <-> "ZX1200"  (zx1000 / zx1200)
  motorcycle kawasaki           "ZX1000" <-> "ZX1400"  (zx1000 / zx1400)
  motorcycle kawasaki           "ZX1100" <-> "ZX1200"  (zx1100 / zx1200)
  motorcycle kawasaki           "ZX1100" <-> "ZX1400"  (zx1100 / zx1400)
  motorcycle kawasaki           "ZX1200" <-> "ZX1400"  (zx1200 / zx1400)
  motorcycle kawasaki           "ZX1400" <-> "ZX400"  (zx1400 / zx400)
  motorcycle kawasaki           "ZX1400" <-> "ZXR400"  (zx1400 / zxr400)
  motorcycle kawasaki           "ZX400" <-> "ZX600"  (zx400 / zx600)
  motorcycle kawasaki           "ZX400" <-> "ZX900"  (zx400 / zx900)
  motorcycle kawasaki           "ZX400" <-> "ZXR400"  (zx400 / zxr400)
  motorcycle kawasaki           "ZX550" <-> "ZX750"  (zx550 / zx750)
  motorcycle kawasaki           "ZX600" <-> "ZX600A"  (zx600 / zx600a)
  motorcycle kawasaki           "ZX600" <-> "ZX600C"  (zx600 / zx600c)
  motorcycle kawasaki           "ZX600" <-> "ZX600E"  (zx600 / zx600e)
  motorcycle kawasaki           "ZX600" <-> "ZX600G"  (zx600 / zx600g)
  motorcycle kawasaki           "ZX600" <-> "ZX600J"  (zx600 / zx600j)
  motorcycle kawasaki           "ZX600" <-> "ZX600P"  (zx600 / zx600p)
  motorcycle kawasaki           "ZX600" <-> "ZX600R"  (zx600 / zx600r)
  motorcycle kawasaki           "ZX600" <-> "ZX900"  (zx600 / zx900)
  motorcycle kawasaki           "ZX600-J2" <-> "ZX600J"  (zx600-j2 / zx600j)
  motorcycle kawasaki           "ZX600A" <-> "ZX600C"  (zx600a / zx600c)
  motorcycle kawasaki           "ZX600A" <-> "ZX600E"  (zx600a / zx600e)
  motorcycle kawasaki           "ZX600A" <-> "ZX600G"  (zx600a / zx600g)
  motorcycle kawasaki           "ZX600A" <-> "ZX600J"  (zx600a / zx600j)
  motorcycle kawasaki           "ZX600A" <-> "ZX600P"  (zx600a / zx600p)
  motorcycle kawasaki           "ZX600A" <-> "ZX600R"  (zx600a / zx600r)
  motorcycle kawasaki           "ZX600A" <-> "ZX900A"  (zx600a / zx900a)
  motorcycle kawasaki           "ZX600C" <-> "ZX600E"  (zx600c / zx600e)
  motorcycle kawasaki           "ZX600C" <-> "ZX600G"  (zx600c / zx600g)
  motorcycle kawasaki           "ZX600C" <-> "ZX600J"  (zx600c / zx600j)
  motorcycle kawasaki           "ZX600C" <-> "ZX600P"  (zx600c / zx600p)
  motorcycle kawasaki           "ZX600C" <-> "ZX600R"  (zx600c / zx600r)
  motorcycle kawasaki           "ZX600C" <-> "ZXT00C"  (zx600c / zxt00c)
  motorcycle kawasaki           "ZX600E" <-> "ZX600G"  (zx600e / zx600g)
  motorcycle kawasaki           "ZX600E" <-> "ZX600J"  (zx600e / zx600j)
  motorcycle kawasaki           "ZX600E" <-> "ZX600P"  (zx600e / zx600p)
  motorcycle kawasaki           "ZX600E" <-> "ZX600R"  (zx600e / zx600r)
  motorcycle kawasaki           "ZX600E" <-> "ZX900E"  (zx600e / zx900e)
  motorcycle kawasaki           "ZX600G" <-> "ZX600J"  (zx600g / zx600j)
  motorcycle kawasaki           "ZX600G" <-> "ZX600P"  (zx600g / zx600p)
  motorcycle kawasaki           "ZX600G" <-> "ZX600R"  (zx600g / zx600r)
  motorcycle kawasaki           "ZX600J" <-> "ZX600P"  (zx600j / zx600p)
  motorcycle kawasaki           "ZX600J" <-> "ZX600R"  (zx600j / zx600r)
  motorcycle kawasaki           "ZX600P" <-> "ZX600R"  (zx600p / zx600r)
  motorcycle kawasaki           "ZX750" <-> "ZX750A"  (zx750 / zx750a)
  motorcycle kawasaki           "ZX750" <-> "ZX750E"  (zx750 / zx750e)
  motorcycle kawasaki           "ZX750" <-> "ZX750L"  (zx750 / zx750l)
  motorcycle kawasaki           "ZX750" <-> "ZXR750"  (zx750 / zxr750)
  motorcycle kawasaki           "ZX750A" <-> "ZX750E"  (zx750a / zx750e)
  motorcycle kawasaki           "ZX750A" <-> "ZX750L"  (zx750a / zx750l)
  motorcycle kawasaki           "ZX750E" <-> "ZX750L"  (zx750e / zx750l)
  motorcycle kawasaki           "ZX900" <-> "ZX900A"  (zx900 / zx900a)
  motorcycle kawasaki           "ZX900" <-> "ZX900B"  (zx900 / zx900b)
  motorcycle kawasaki           "ZX900" <-> "ZX900E"  (zx900 / zx900e)
  motorcycle kawasaki           "ZX900A" <-> "ZX900A2"  (zx900a / zx900a2)
  motorcycle kawasaki           "ZX900A" <-> "ZX900B"  (zx900a / zx900b)
  motorcycle kawasaki           "ZX900A" <-> "ZX900E"  (zx900a / zx900e)
  motorcycle kawasaki           "ZX900B" <-> "ZX900B1"  (zx900b / zx900b1)
  motorcycle kawasaki           "ZX900B" <-> "ZX900E"  (zx900b / zx900e)
  motorcycle kawasaki           "ZX900CE" <-> "ZX900E"  (zx900ce / zx900e)
  motorcycle kawasaki           "ZXR250" <-> "ZXR750"  (zxr250 / zxr750)
  motorcycle kawasaki           "ZXR250" <-> "ZZR250"  (zxr250 / zzr250)
  motorcycle kawasaki           "ZZ-R1100" <-> "ZZ R1200"  (zz-r1100 / zz-r1200)
  motorcycle kawasaki           "ZZ-R1100" <-> "ZZR1200"  (zz-r1100 / zzr1200)
  motorcycle kawasaki           "ZZ-R1100" <-> "ZZR1400"  (zz-r1100 / zzr1400)
  motorcycle kawasaki           "ZZ R1200" <-> "ZZR1400"  (zz-r1200 / zzr1400)
  motorcycle kawasaki           "ZZR1200" <-> "ZZR1400"  (zzr1200 / zzr1400)
  motorcycle keeway             "K-Light 125" <-> "X-Light 125"  (k-light-125 / x-light-125)
  motorcycle keeway             "RKF125" <-> "RKS125"  (rkf125 / rks125)
  motorcycle keeway             "RKF125" <-> "RKV125"  (rkf125 / rkv125)
  motorcycle keeway             "RKS125" <-> "RKV125"  (rks125 / rkv125)
  motorcycle kl                 "KXE250" <-> "KXE450"  (kxe250 / kxe450)
  motorcycle kl-service         "KXE250" <-> "KXE450"  (kxe250 / kxe450)
  motorcycle kove               "800 Rally" <-> "800X Rally"  (800-rally / 800x-rally)
  motorcycle kovi               "300 Lite" <-> "300 Lite R"  (300-lite / 300-lite-r)
  motorcycle ktm                "1050 Adventure" <-> "1090 Adventure"  (1050-adventure / 1090-adventure)
  motorcycle ktm                "1090 Adventure" <-> "1090 Adventure R"  (1090-adventure / 1090-adventure-r)
  motorcycle ktm                "1090 Adventure" <-> "1190 Adventure"  (1090-adventure / 1190-adventure)
  motorcycle ktm                "1090 Adventure R" <-> "1190 Adventure R"  (1090-adventure-r / 1190-adventure-r)
  motorcycle ktm                "1190" <-> "1290"  (1190 / 1290)
  motorcycle ktm                "1190" <-> "1390"  (1190 / 1390)
  motorcycle ktm                "1190 Adventure" <-> "1190 Adventure R"  (1190-adventure / 1190-adventure-r)
  motorcycle ktm                "1190RC8" <-> "1190RC8R"  (1190rc8 / 1190rc8r)
  motorcycle ktm                "125EXC" <-> "525EXC"  (125exc / 525exc)
  motorcycle ktm                "1290" <-> "1390"  (1290 / 1390)
  motorcycle ktm                "1290 Super Adventure" <-> "1290 Super Adventure R"  (1290-super-adventure / 1290-super-adventure-r)
  motorcycle ktm                "1290 Super Adventure" <-> "1290 Super Adventure S"  (1290-super-adventure / 1290-super-adventure-s)
  motorcycle ktm                "1290 Super Adventure" <-> "1290 Super Adventure T"  (1290-super-adventure / 1290-super-adventure-t)
  motorcycle ktm                "1290 Super Adventure R" <-> "1290 Super Adventure S"  (1290-super-adventure-r / 1290-super-adventure-s)
  motorcycle ktm                "1290 Super Adventure R" <-> "1290 Super Adventure T"  (1290-super-adventure-r / 1290-super-adventure-t)
  motorcycle ktm                "1290 Super Adventure R" <-> "1390 Super Adventure R"  (1290-super-adventure-r / 1390-super-adventure-r)
  motorcycle ktm                "1290 Super Adventure S" <-> "1290 Super Adventure T"  (1290-super-adventure-s / 1290-super-adventure-t)
  motorcycle ktm                "1290 Super Adventure S" <-> "1390 Super Adventure S"  (1290-super-adventure-s / 1390-super-adventure-s)
  motorcycle ktm                "1290 Super Duke R" <-> "1290 Super Duke RR"  (1290-super-duke-r / 1290-super-duke-rr)
  motorcycle ktm                "1290 Super Duke R" <-> "1290 Superduke"  (1290-super-duke-r / 1290-superduke)
  motorcycle ktm                "1290 Super Duke R" <-> "1390 Super Duke R"  (1290-super-duke-r / 1390-super-duke-r)
  motorcycle ktm                "1290 Super Duke RR" <-> "1390 Super Duke RR"  (1290-super-duke-rr / 1390-super-duke-rr)
  motorcycle ktm                "1390" <-> "390"  (1390 / 390)
  motorcycle ktm                "1390 Super Adventure R" <-> "1390 Super Adventure S"  (1390-super-adventure-r / 1390-super-adventure-s)
  motorcycle ktm                "1390 Super Duke R" <-> "1390 Super Duke RR"  (1390-super-duke-r / 1390-super-duke-rr)
  motorcycle ktm                "150EXC" <-> "250EXC"  (150exc / 250exc)
  motorcycle ktm                "150EXC" <-> "350EXC"  (150exc / 350exc)
  motorcycle ktm                "150EXC" <-> "450EXC"  (150exc / 450exc)
  motorcycle ktm                "150EXC Tpi" <-> "250EXC Tpi"  (150exc-tpi / 250exc-tpi)
  motorcycle ktm                "200 Duke" <-> "250 Duke"  (200-duke / 250-duke)
  motorcycle ktm                "200EXC" <-> "250EXC"  (200exc / 250exc)
  motorcycle ktm                "200EXC" <-> "300EXC"  (200exc / 300exc)
  motorcycle ktm                "200EXC" <-> "400EXC"  (200exc / 400exc)
  motorcycle ktm                "200EXC" <-> "500EXC"  (200exc / 500exc)
  motorcycle ktm                "250EXC" <-> "250EXC-F"  (250exc / 250exc-f)
  motorcycle ktm                "250EXC" <-> "350EXC"  (250exc / 350exc)
  motorcycle ktm                "250EXC" <-> "450EXC"  (250exc / 450exc)
  motorcycle ktm                "250EXC-F" <-> "350EXC-F"  (250exc-f / 350exc-f)
  motorcycle ktm                "250EXC-F" <-> "450EXC-F"  (250exc-f / 450exc-f)
  motorcycle ktm                "250SX" <-> "450SX"  (250sx / 450sx)
  motorcycle ktm                "300EXC" <-> "350EXC"  (300exc / 350exc)
  motorcycle ktm                "300EXC" <-> "400EXC"  (300exc / 400exc)
  motorcycle ktm                "300EXC" <-> "500EXC"  (300exc / 500exc)
  motorcycle ktm                "350EXC" <-> "350EXC-F"  (350exc / 350exc-f)
  motorcycle ktm                "350EXC" <-> "450EXC"  (350exc / 450exc)
  motorcycle ktm                "350EXC-F" <-> "450EXC-F"  (350exc-f / 450exc-f)
  motorcycle ktm                "390 Adventure" <-> "390 Adventure R"  (390-adventure / 390-adventure-r)
  motorcycle ktm                "390 Adventure" <-> "390 Adventure X"  (390-adventure / 390-adventure-x)
  motorcycle ktm                "390 Adventure" <-> "790 Adventure"  (390-adventure / 790-adventure)
  motorcycle ktm                "390 Adventure" <-> "890 Adventure"  (390-adventure / 890-adventure)
  motorcycle ktm                "390 Adventure" <-> "990 Adventure"  (390-adventure / 990-adventure)
  motorcycle ktm                "390 Adventure R" <-> "390 Adventure X"  (390-adventure-r / 390-adventure-x)
  motorcycle ktm                "390 Adventure R" <-> "790 Adventure R"  (390-adventure-r / 790-adventure-r)
  motorcycle ktm                "390 Adventure R" <-> "890 Adventure R"  (390-adventure-r / 890-adventure-r)
  motorcycle ktm                "390 Duke" <-> "690 Duke"  (390-duke / 690-duke)
  motorcycle ktm                "390 Duke" <-> "790 Duke"  (390-duke / 790-duke)
  motorcycle ktm                "390 Duke" <-> "890 Duke"  (390-duke / 890-duke)
  motorcycle ktm                "390 Duke" <-> "990 Duke"  (390-duke / 990-duke)
  motorcycle ktm                "390 Enduro" <-> "390 Enduro R"  (390-enduro / 390-enduro-r)
  motorcycle ktm                "390 Enduro" <-> "690 Enduro"  (390-enduro / 690-enduro)
  motorcycle ktm                "390 Enduro R" <-> "690 Enduro R"  (390-enduro-r / 690-enduro-r)
  motorcycle ktm                "390SMC R" <-> "690SMC R"  (390smc-r / 690smc-r)
  motorcycle ktm                "400EXC" <-> "450EXC"  (400exc / 450exc)
  motorcycle ktm                "400EXC" <-> "500EXC"  (400exc / 500exc)
  motorcycle ktm                "450EXC" <-> "450EXC-F"  (450exc / 450exc-f)
  motorcycle ktm                "450EXC" <-> "450EXC-R"  (450exc / 450exc-r)
  motorcycle ktm                "450EXC-F" <-> "450EXC-R"  (450exc-f / 450exc-r)
  motorcycle ktm                "500EXC" <-> "500EXC-F"  (500exc / 500exc-f)
  motorcycle ktm                "500EXC" <-> "520EXC"  (500exc / 520exc)
  motorcycle ktm                "500EXC" <-> "530EXC"  (500exc / 530exc)
  motorcycle ktm                "520EXC" <-> "525EXC"  (520exc / 525exc)
  motorcycle ktm                "520EXC" <-> "530EXC"  (520exc / 530exc)
  motorcycle ktm                "520SX" <-> "525SX"  (520sx / 525sx)
  motorcycle ktm                "530EXC" <-> "530EXC-R"  (530exc / 530exc-r)
  motorcycle ktm                "620 Duke" <-> "690 Duke"  (620-duke / 690-duke)
  motorcycle ktm                "625SMC" <-> "625SXC"  (625smc / 625sxc)
  motorcycle ktm                "640 Supermoto" <-> "660 Supermoto"  (640-supermoto / 660-supermoto)
  motorcycle ktm                "640LC4" <-> "690LC4"  (640lc4 / 690lc4)
  motorcycle ktm                "640SM" <-> "690SM"  (640sm / 690sm)
  motorcycle ktm                "660SMC" <-> "690SMC"  (660smc / 690smc)
  motorcycle ktm                "690 Duke" <-> "690 Duke R"  (690-duke / 690-duke-r)
  motorcycle ktm                "690 Duke" <-> "790 Duke"  (690-duke / 790-duke)
  motorcycle ktm                "690 Duke" <-> "890 Duke"  (690-duke / 890-duke)
  motorcycle ktm                "690 Duke" <-> "990 Duke"  (690-duke / 990-duke)
  motorcycle ktm                "690 Duke R" <-> "890 Duke R"  (690-duke-r / 890-duke-r)
  motorcycle ktm                "690 Duke R" <-> "990 Duke R"  (690-duke-r / 990-duke-r)
  motorcycle ktm                "690 Enduro" <-> "690 Enduro R"  (690-enduro / 690-enduro-r)
  motorcycle ktm                "690SM" <-> "690SMC"  (690sm / 690smc)
  motorcycle ktm                "690SMC" <-> "690SMC R"  (690smc / 690smc-r)
  motorcycle ktm                "790 Adventure" <-> "790 Adventure R"  (790-adventure / 790-adventure-r)
  motorcycle ktm                "790 Adventure" <-> "890 Adventure"  (790-adventure / 890-adventure)
  motorcycle ktm                "790 Adventure" <-> "990 Adventure"  (790-adventure / 990-adventure)
  motorcycle ktm                "790 Adventure R" <-> "890 Adventure R"  (790-adventure-r / 890-adventure-r)
  motorcycle ktm                "790 Adventure R Rally" <-> "890 Adventure R Rally"  (790-adventure-r-rally / 890-adventure-r-rally)
  motorcycle ktm                "790 Duke" <-> "790 Duke L"  (790-duke / 790-duke-l)
  motorcycle ktm                "790 Duke" <-> "890 Duke"  (790-duke / 890-duke)
  motorcycle ktm                "790 Duke" <-> "990 Duke"  (790-duke / 990-duke)
  motorcycle ktm                "790 Duke L" <-> "890 Duke L"  (790-duke-l / 890-duke-l)
  motorcycle ktm                "890 Adventure" <-> "890 Adventure R"  (890-adventure / 890-adventure-r)
  motorcycle ktm                "890 Adventure" <-> "990 Adventure"  (890-adventure / 990-adventure)
  motorcycle ktm                "890 Duke" <-> "890 Duke L"  (890-duke / 890-duke-l)
  motorcycle ktm                "890 Duke" <-> "890 Duke R"  (890-duke / 890-duke-r)
  motorcycle ktm                "890 Duke" <-> "990 Duke"  (890-duke / 990-duke)
  motorcycle ktm                "890 Duke L" <-> "890 Duke R"  (890-duke-l / 890-duke-r)
  motorcycle ktm                "890 Duke R" <-> "990 Duke R"  (890-duke-r / 990-duke-r)
  motorcycle ktm                "890SM T" <-> "990SMT"  (890sm-t / 990smt)
  motorcycle ktm                "950 Adventure" <-> "950 Adventure S"  (950-adventure / 950-adventure-s)
  motorcycle ktm                "950 Adventure" <-> "990 Adventure"  (950-adventure / 990-adventure)
  motorcycle ktm                "950 Super Enduro R" <-> "950 Superenduro"  (950-super-enduro-r / 950-superenduro)
  motorcycle ktm                "950 Supermoto" <-> "990 Supermoto"  (950-supermoto / 990-supermoto)
  motorcycle ktm                "990 Duke" <-> "990 Duke R"  (990-duke / 990-duke-r)
  motorcycle ktm                "990 Superduke" <-> "990 Superduke R"  (990-superduke / 990-superduke-r)
  motorcycle ktm                "990 Supermoto" <-> "990 Supermoto T"  (990-supermoto / 990-supermoto-t)
  motorcycle ktm                "Freeride 250" <-> "Freeride 250F"  (freeride-250 / freeride-250f)
  motorcycle ktm                "Freeride 250" <-> "Freeride 350"  (freeride-250 / freeride-350)
  motorcycle ktm                "Super Duke R" <-> "Superduke"  (super-duke-r / superduke)
  motorcycle kymco              "Agility" <-> "Agility S"  (agility / agility-s)
  motorcycle kymco              "Agility 125" <-> "Agility S125"  (agility-125 / agility-s125)
  motorcycle kymco              "AGILITY+200" <-> "Agility +300"  (agility-200 / agility-300)
  motorcycle kymco              "X-Town 125" <-> "X-Town 125I"  (x-town-125 / x-town-125i)
  motorcycle kymco              "Xciting S400" <-> "Xciting VS400"  (xciting-s400 / xciting-vs400)
  motorcycle lambretta          "SX200" <-> "X200"  (sx200 / x200)
  motorcycle lambretta          "V-125" <-> "X125"  (v-125 / x125)
  motorcycle lambretta          "X200" <-> "X300"  (x200 / x300)
  motorcycle laverda            "1000" <-> "1200"  (1000 / 1200)
  motorcycle laverda            "750S" <-> "750SF"  (750s / 750sf)
  motorcycle laverda            "750SF" <-> "750SF2"  (750sf / 750sf2)
  motorcycle lexmoto            "FMR125" <-> "FMS125"  (fmr125 / fms125)
  motorcycle lexmoto            "FMR125" <-> "FMX125"  (fmr125 / fmx125)
  motorcycle lexmoto            "FMS125" <-> "FMX125"  (fms125 / fmx125)
  motorcycle lexmoto            "LXR125" <-> "LXS125"  (lxr125 / lxs125)
  motorcycle lexmoto            "TR125" <-> "XTR125"  (tr125 / xtr125)
  motorcycle lexmoto            "ZSB125" <-> "ZSF125"  (zsb125 / zsf125)
  motorcycle lexmoto            "ZSB125" <-> "ZSX125"  (zsb125 / zsx125)
  motorcycle lexmoto            "ZSF125" <-> "Zsx-F125"  (zsf125 / zsx-f125)
  motorcycle lexmoto            "ZSF125" <-> "ZSX125"  (zsf125 / zsx125)
  motorcycle lexmoto            "Zsx-F125" <-> "Zsx-R125"  (zsx-f125 / zsx-r125)
  motorcycle lexmoto            "Zsx-F125" <-> "ZSX125"  (zsx-f125 / zsx125)
  motorcycle lexmoto            "Zsx-R125" <-> "ZSX125"  (zsx-r125 / zsx125)
  motorcycle lifan              "LF200" <-> "LF250"  (lf200 / lf250)
  motorcycle lifan              "LF200" <-> "LF400"  (lf200 / lf400)
  motorcycle lifan              "LF200-10B" <-> "LF200-10L"  (lf200-10b / lf200-10l)
  motorcycle lifan              "LF250" <-> "LF250-B"  (lf250 / lf250-b)
  motorcycle lifan              "LF250" <-> "LF50"  (lf250 / lf50)
  motorcycle malaguti           "Madison" <-> "Madison 3"  (madison / madison-3)
  motorcycle matchless          "G12CSR" <-> "G15CSR"  (g12csr / g15csr)
  motorcycle matchless          "G15CS" <-> "G15CSR"  (g15cs / g15csr)
  motorcycle matchless          "G3L5" <-> "G3LS"  (g3l5 / g3ls)
  motorcycle moto-guzzi         "1000S" <-> "1000SP"  (1000s / 1000sp)
  motorcycle moto-guzzi         "1100 Sport" <-> "1200 Sport"  (1100-sport / 1200-sport)
  motorcycle moto-guzzi         "1200 Sport 4V" <-> "1200 Sport 8V"  (1200-sport-4v / 1200-sport-8v)
  motorcycle moto-guzzi         "850GT" <-> "850T"  (850gt / 850t)
  motorcycle moto-guzzi         "850T" <-> "850T3"  (850t / 850t3)
  motorcycle moto-guzzi         "850T" <-> "850T5"  (850t / 850t5)
  motorcycle moto-guzzi         "850T3" <-> "850T5"  (850t3 / 850t5)
  motorcycle moto-guzzi         "Breva 1100" <-> "Breva 1200"  (breva-1100 / breva-1200)
  motorcycle moto-guzzi         "California 1100" <-> "California 1400"  (california-1100 / california-1400)
  motorcycle moto-guzzi         "California II" <-> "California III"  (california-ii / california-iii)
  motorcycle moto-guzzi         "Grismo" <-> "Griso"  (grismo / griso)
  motorcycle moto-guzzi         "Griso 1100" <-> "Griso 1200"  (griso-1100 / griso-1200)
  motorcycle moto-guzzi         "Le Mans" <-> "Le Mans 1"  (le-mans / le-mans-1)
  motorcycle moto-guzzi         "V100" <-> "V1000"  (v100 / v1000)
  motorcycle moto-guzzi         "V100 Mandello" <-> "V100 Mandello S"  (v100-mandello / v100-mandello-s)
  motorcycle moto-guzzi         "V11 Sport" <-> "V12 Sport"  (v11-sport / v12-sport)
  motorcycle moto-guzzi         "V50II" <-> "V50III"  (v50ii / v50iii)
  motorcycle moto-guzzi         "V65GT" <-> "V65TT"  (v65gt / v65tt)
  motorcycle moto-guzzi         "V65TT" <-> "V85TT"  (v65tt / v85tt)
  motorcycle moto-guzzi         "V7II Stone" <-> "V7III Stone"  (v7ii-stone / v7iii-stone)
  motorcycle musstang           "MT125-2" <-> "MT125-8"  (mt125-2 / mt125-8)
  motorcycle mv-agusta          "350B" <-> "350S"  (350b / 350s)
  motorcycle mv-agusta          "350S" <-> "750S"  (350s / 750s)
  motorcycle mv-agusta          "Brutale" <-> "Brutale R"  (brutale / brutale-r)
  motorcycle mv-agusta          "Brutale 1000" <-> "Brutale 1090"  (brutale-1000 / brutale-1090)
  motorcycle mv-agusta          "Brutale 1000RR" <-> "Brutale 1000RS"  (brutale-1000rr / brutale-1000rs)
  motorcycle mv-agusta          "Brutale 1000RR" <-> "Brutale 1090RR"  (brutale-1000rr / brutale-1090rr)
  motorcycle mv-agusta          "Brutale R" <-> "Brutale RR"  (brutale-r / brutale-rr)
  motorcycle mv-agusta          "Dragster" <-> "Dragster R"  (dragster / dragster-r)
  motorcycle mv-agusta          "Dragster R" <-> "Dragster RR"  (dragster-r / dragster-rr)
  motorcycle mv-agusta          "F3RR" <-> "F4RR"  (f3rr / f4rr)
  motorcycle mv-agusta          "F4 1000" <-> "F4 1000R"  (f4-1000 / f4-1000r)
  motorcycle mv-agusta          "F4 1000R" <-> "F4 1000RR"  (f4-1000r / f4-1000rr)
  motorcycle mv-agusta          "F4RC" <-> "F4RR"  (f4rc / f4rr)
  motorcycle mv-agusta          "Turismo Veloce" <-> "Turismo Veloce R"  (turismo-veloce / turismo-veloce-r)
  motorcycle mz                 "125SM" <-> "125SX"  (125sm / 125sx)
  motorcycle mz                 "ES150" <-> "ETS150"  (es150 / ets150)
  motorcycle mz                 "RT125" <-> "RT125/2"  (rt125 / rt125-2)
  motorcycle mz                 "RT125" <-> "RT125-3"  (rt125 / rt125-3)
  motorcycle mz                 "RT125/2" <-> "RT125-3"  (rt125-2 / rt125-3)
  motorcycle naxeon             "NX6500S-N0" <-> "NX7500S-N0"  (nx6500s-n0 / nx7500s-n0)
  motorcycle norton             "7 Dominator" <-> "Dominator"  (7-dominator / dominator)
  motorcycle norton             "Comando" <-> "Commando"  (comando / commando)
  motorcycle norton             "Commando 750" <-> "Commando 850"  (commando-750 / commando-850)
  motorcycle norton             "Dominator" <-> "Dominator 7"  (dominator / dominator-7)
  motorcycle nsu                "Prima" <-> "Prima 3"  (prima / prima-3)
  motorcycle panther            "M100" <-> "M120"  (m100 / m120)
  motorcycle piaggio            "Beverly 250" <-> "Beverly 350"  (beverly-250 / beverly-350)
  motorcycle piaggio            "Beverly 300" <-> "Beverly 350"  (beverly-300 / beverly-350)
  motorcycle piaggio            "Beverly 300" <-> "Beverly 500"  (beverly-300 / beverly-500)
  motorcycle piaggio            "Beverly 300HPE" <-> "Beverly 310HPE"  (beverly-300hpe / beverly-310hpe)
  motorcycle piaggio            "Beverly 300HPE" <-> "Beverly 400HPE"  (beverly-300hpe / beverly-400hpe)
  motorcycle piaggio            "MP3 300HPE" <-> "MP3 310HPE"  (mp3-300hpe / mp3-310hpe)
  motorcycle piaggio            "MP3 300HPE" <-> "MP3 400HPE"  (mp3-300hpe / mp3-400hpe)
  motorcycle piaggio            "MP3 300HPE" <-> "MP3 500HPE"  (mp3-300hpe / mp3-500hpe)
  motorcycle piaggio            "MP3 300LT" <-> "MP3 500LT"  (mp3-300lt / mp3-500lt)
  motorcycle piaggio            "MP3 400HPE" <-> "MP3 500HPE"  (mp3-400hpe / mp3-500hpe)
  motorcycle piaggio            "MP3 500HPE" <-> "MP3 530HPE"  (mp3-500hpe / mp3-530hpe)
  motorcycle piaggio            "P200E" <-> "PX200E"  (p200e / px200e)
  motorcycle piaggio            "PX125" <-> "PX125E"  (px125 / px125e)
  motorcycle piaggio            "PX200" <-> "PX200E"  (px200 / px200e)
  motorcycle puch               "250SG" <-> "250SGS"  (250sg / 250sgs)
  motorcycle qjmotor            "ATR125" <-> "LTR125"  (atr125 / ltr125)
  motorcycle qjmotor            "SRK125R" <-> "SRK125S"  (srk125r / srk125s)
  motorcycle qjmotor            "SRK421RR" <-> "SRK921RR"  (srk421rr / srk921rr)
  motorcycle qjmotor            "SRK600" <-> "SRK700"  (srk600 / srk700)
  motorcycle qjmotor            "SRK600" <-> "SRK800"  (srk600 / srk800)
  motorcycle qjmotor            "SRK700" <-> "SRK800"  (srk700 / srk800)
  motorcycle qjmotor            "SRT600SX" <-> "SRT800SX"  (srt600sx / srt800sx)
  motorcycle qjmotor            "SRT600SX" <-> "SRT900SX"  (srt600sx / srt900sx)
  motorcycle qjmotor            "SRT800SX" <-> "SRT900SX"  (srt800sx / srt900sx)
  motorcycle qjmotor            "SRV600V" <-> "SRV600V2"  (srv600v / srv600v2)
  motorcycle rieju              "Xplora 557" <-> "Xplora 557X"  (xplora-557 / xplora-557x)
  motorcycle royal-alloy        "GP125" <-> "GT125"  (gp125 / gt125)
  motorcycle royal-alloy        "TG300" <-> "TG300S"  (tg300 / tg300s)
  motorcycle royal-enfield      "Bullet" <-> "Bullett"  (bullet / bullett)
  motorcycle royal-enfield      "Bullet 350" <-> "Bullet 650"  (bullet-350 / bullet-650)
  motorcycle royal-enfield      "Classic 350" <-> "Classic 650"  (classic-350 / classic-650)
  motorcycle royal-enfield      "Model A" <-> "Model C"  (model-a / model-c)
  motorcycle royal-enfield      "Model A" <-> "Model D"  (model-a / model-d)
  motorcycle royal-enfield      "Model A" <-> "Model G"  (model-a / model-g)
  motorcycle royal-enfield      "Model C" <-> "Model D"  (model-c / model-d)
  motorcycle royal-enfield      "Model C" <-> "Model G"  (model-c / model-g)
  motorcycle royal-enfield      "Model D" <-> "Model G"  (model-d / model-g)
  motorcycle sherco             "250 SE" <-> "250 SEF"  (250-se / 250-sef)
  motorcycle sherco             "250 SEF" <-> "450 SEF"  (250-sef / 450-sef)
  motorcycle sherco             "300 SE" <-> "300 SEF"  (300-se / 300-sef)
  motorcycle sinnis             "JS125" <-> "ZS125"  (js125 / zs125)
  motorcycle skyteam            "ST125" <-> "ST125-6"  (st125 / st125-6)
  motorcycle skyteam            "ST50" <-> "ST90"  (st50 / st90)
  motorcycle suzuki             "AE50" <-> "AP50"  (ae50 / ap50)
  motorcycle suzuki             "AE50" <-> "AY50"  (ae50 / ay50)
  motorcycle suzuki             "AN125" <-> "EN125"  (an125 / en125)
  motorcycle suzuki             "AN125" <-> "GN125"  (an125 / gn125)
  motorcycle suzuki             "AN125" <-> "UN125"  (an125 / un125)
  motorcycle suzuki             "AN250" <-> "AN650"  (an250 / an650)
  motorcycle suzuki             "AN250" <-> "GN250"  (an250 / gn250)
  motorcycle suzuki             "AN400" <-> "AN400A"  (an400 / an400a)
  motorcycle suzuki             "AN400" <-> "AN400Z"  (an400 / an400z)
  motorcycle suzuki             "AN400" <-> "GN400"  (an400 / gn400)
  motorcycle suzuki             "AN400A" <-> "AN400Z"  (an400a / an400z)
  motorcycle suzuki             "AN400A" <-> "AN400ZA"  (an400a / an400za)
  motorcycle suzuki             "AN400Z" <-> "AN400ZA"  (an400z / an400za)
  motorcycle suzuki             "AN650" <-> "AN650A"  (an650 / an650a)
  motorcycle suzuki             "AN650" <-> "AN650Z"  (an650 / an650z)
  motorcycle suzuki             "AN650A" <-> "AN650Z"  (an650a / an650z)
  motorcycle suzuki             "AP50" <-> "AY50"  (ap50 / ay50)
  motorcycle suzuki             "CS125" <-> "TS125"  (cs125 / ts125)
  motorcycle suzuki             "Djebel 200" <-> "Djebel 250"  (djebel-200 / djebel-250)
  motorcycle suzuki             "DL100" <-> "DL1000"  (dl100 / dl1000)
  motorcycle suzuki             "DL100" <-> "DL1050"  (dl100 / dl1050)
  motorcycle suzuki             "DL100" <-> "DL800"  (dl100 / dl800)
  motorcycle suzuki             "DL1000" <-> "DL1000A"  (dl1000 / dl1000a)
  motorcycle suzuki             "DL1000" <-> "DL1050"  (dl1000 / dl1050)
  motorcycle suzuki             "DL1000" <-> "TL1000"  (dl1000 / tl1000)
  motorcycle suzuki             "DL250" <-> "DL650"  (dl250 / dl650)
  motorcycle suzuki             "DL250" <-> "DS250"  (dl250 / ds250)
  motorcycle suzuki             "DL250" <-> "VL250"  (dl250 / vl250)
  motorcycle suzuki             "DL650" <-> "DL650A"  (dl650 / dl650a)
  motorcycle suzuki             "DL650" <-> "DL650U"  (dl650 / dl650u)
  motorcycle suzuki             "DL650" <-> "DR650"  (dl650 / dr650)
  motorcycle suzuki             "DL650A" <-> "DL650U"  (dl650a / dl650u)
  motorcycle suzuki             "DL650A" <-> "DL650XA"  (dl650a / dl650xa)
  motorcycle suzuki             "DL800" <-> "DL800U"  (dl800 / dl800u)
  motorcycle suzuki             "DL800" <-> "VL800"  (dl800 / vl800)
  motorcycle suzuki             "DR-Z400" <-> "DR-Z400S"  (dr-z400 / dr-z400s)
  motorcycle suzuki             "DR-Z400" <-> "DR400"  (dr-z400 / dr400)
  motorcycle suzuki             "DR-Z400S" <-> "DR-Z400SM"  (dr-z400s / dr-z400sm)
  motorcycle suzuki             "DR-Z400S" <-> "DR400S"  (dr-z400s / dr400s)
  motorcycle suzuki             "DR-Z400SM" <-> "DR-Z400SMU"  (dr-z400sm / dr-z400smu)
  motorcycle suzuki             "DR125" <-> "DR125S"  (dr125 / dr125s)
  motorcycle suzuki             "DR125S" <-> "DR125SE"  (dr125s / dr125se)
  motorcycle suzuki             "DR125S" <-> "DR125SM"  (dr125s / dr125sm)
  motorcycle suzuki             "DR125SE" <-> "DR125SM"  (dr125se / dr125sm)
  motorcycle suzuki             "DR200" <-> "DR400"  (dr200 / dr400)
  motorcycle suzuki             "DR200" <-> "DR500"  (dr200 / dr500)
  motorcycle suzuki             "DR200" <-> "DR600"  (dr200 / dr600)
  motorcycle suzuki             "DR250R" <-> "DR250S"  (dr250r / dr250s)
  motorcycle suzuki             "DR250S" <-> "DR350S"  (dr250s / dr350s)
  motorcycle suzuki             "DR250S" <-> "DR650S"  (dr250s / dr650s)
  motorcycle suzuki             "DR250S" <-> "DR750S"  (dr250s / dr750s)
  motorcycle suzuki             "DR350" <-> "DR350S"  (dr350 / dr350s)
  motorcycle suzuki             "DR350" <-> "DR650"  (dr350 / dr650)
  motorcycle suzuki             "DR350" <-> "DR750"  (dr350 / dr750)
  motorcycle suzuki             "DR350S" <-> "DR350SE"  (dr350s / dr350se)
  motorcycle suzuki             "DR350S" <-> "DR650S"  (dr350s / dr650s)
  motorcycle suzuki             "DR350S" <-> "DR750S"  (dr350s / dr750s)
  motorcycle suzuki             "DR350SE" <-> "DR650SE"  (dr350se / dr650se)
  motorcycle suzuki             "DR400" <-> "DR400S"  (dr400 / dr400s)
  motorcycle suzuki             "DR400" <-> "DR500"  (dr400 / dr500)
  motorcycle suzuki             "DR400" <-> "DR600"  (dr400 / dr600)
  motorcycle suzuki             "DR400S" <-> "DR500S"  (dr400s / dr500s)
  motorcycle suzuki             "DR400S" <-> "DR600S"  (dr400s / dr600s)
  motorcycle suzuki             "DR400S" <-> "DR800S"  (dr400s / dr800s)
  motorcycle suzuki             "DR500" <-> "DR500S"  (dr500 / dr500s)
  motorcycle suzuki             "DR500" <-> "DR600"  (dr500 / dr600)
  motorcycle suzuki             "DR500S" <-> "DR600S"  (dr500s / dr600s)
  motorcycle suzuki             "DR500S" <-> "DR800S"  (dr500s / dr800s)
  motorcycle suzuki             "DR600" <-> "DR600S"  (dr600 / dr600s)
  motorcycle suzuki             "DR600" <-> "DR650"  (dr600 / dr650)
  motorcycle suzuki             "DR600S" <-> "DR650S"  (dr600s / dr650s)
  motorcycle suzuki             "DR600S" <-> "DR800S"  (dr600s / dr800s)
  motorcycle suzuki             "DR650" <-> "DR650S"  (dr650 / dr650s)
  motorcycle suzuki             "DR650" <-> "DR750"  (dr650 / dr750)
  motorcycle suzuki             "DR650" <-> "GR650"  (dr650 / gr650)
  motorcycle suzuki             "DR650RE" <-> "DR650RS"  (dr650re / dr650rs)
  motorcycle suzuki             "DR650RE" <-> "DR650RSE"  (dr650re / dr650rse)
  motorcycle suzuki             "DR650RE" <-> "DR650RU"  (dr650re / dr650ru)
  motorcycle suzuki             "DR650RE" <-> "DR650SE"  (dr650re / dr650se)
  motorcycle suzuki             "DR650RS" <-> "DR650RSE"  (dr650rs / dr650rse)
  motorcycle suzuki             "DR650RS" <-> "DR650RU"  (dr650rs / dr650ru)
  motorcycle suzuki             "DR650RS" <-> "DR650S"  (dr650rs / dr650s)
  motorcycle suzuki             "DR650RSE" <-> "DR650SE"  (dr650rse / dr650se)
  motorcycle suzuki             "DR650S" <-> "DR650SE"  (dr650s / dr650se)
  motorcycle suzuki             "DR650S" <-> "DR750S"  (dr650s / dr750s)
  motorcycle suzuki             "DR750" <-> "DR750S"  (dr750 / dr750s)
  motorcycle suzuki             "DS250" <-> "GS250"  (ds250 / gs250)
  motorcycle suzuki             "DS250" <-> "TS250"  (ds250 / ts250)
  motorcycle suzuki             "EN125" <-> "GN125"  (en125 / gn125)
  motorcycle suzuki             "EN125" <-> "UN125"  (en125 / un125)
  motorcycle suzuki             "FL125" <-> "VL125"  (fl125 / vl125)
  motorcycle suzuki             "FV115LA" <-> "FV115LB"  (fv115la / fv115lb)
  motorcycle suzuki             "FV115LA" <-> "FV115LE"  (fv115la / fv115le)
  motorcycle suzuki             "FV115LB" <-> "FV115LE"  (fv115lb / fv115le)
  motorcycle suzuki             "GN125" <-> "GN125H"  (gn125 / gn125h)
  motorcycle suzuki             "GN125" <-> "GP125"  (gn125 / gp125)
  motorcycle suzuki             "GN125" <-> "GT125"  (gn125 / gt125)
  motorcycle suzuki             "GN125" <-> "GX125"  (gn125 / gx125)
  motorcycle suzuki             "GN125" <-> "GZ125"  (gn125 / gz125)
  motorcycle suzuki             "GN125" <-> "UN125"  (gn125 / un125)
  motorcycle suzuki             "GN250" <-> "GN250F"  (gn250 / gn250f)
  motorcycle suzuki             "GN250" <-> "GS250"  (gn250 / gs250)
  motorcycle suzuki             "GN250" <-> "GT250"  (gn250 / gt250)
  motorcycle suzuki             "GN250" <-> "GW250"  (gn250 / gw250)
  motorcycle suzuki             "GN250" <-> "GZ250"  (gn250 / gz250)
  motorcycle suzuki             "GN72B" <-> "GN76B"  (gn72b / gn76b)
  motorcycle suzuki             "GN72B" <-> "GN77B"  (gn72b / gn77b)
  motorcycle suzuki             "GN76B" <-> "GN77B"  (gn76b / gn77b)
  motorcycle suzuki             "GP125" <-> "GT125"  (gp125 / gt125)
  motorcycle suzuki             "GP125" <-> "GX125"  (gp125 / gx125)
  motorcycle suzuki             "GP125" <-> "GZ125"  (gp125 / gz125)
  motorcycle suzuki             "GR650" <-> "GS650"  (gr650 / gs650)
  motorcycle suzuki             "GS1000" <-> "GS1000G"  (gs1000 / gs1000g)
  motorcycle suzuki             "GS1000" <-> "GS1100"  (gs1000 / gs1100)
  motorcycle suzuki             "GS1100" <-> "GSX1100"  (gs1100 / gsx1100)
  motorcycle suzuki             "GS250" <-> "GS550"  (gs250 / gs550)
  motorcycle suzuki             "GS250" <-> "GS650"  (gs250 / gs650)
  motorcycle suzuki             "GS250" <-> "GS750"  (gs250 / gs750)
  motorcycle suzuki             "GS250" <-> "GS850"  (gs250 / gs850)
  motorcycle suzuki             "GS250" <-> "GSX250"  (gs250 / gsx250)
  motorcycle suzuki             "GS250" <-> "GT250"  (gs250 / gt250)
  motorcycle suzuki             "GS250" <-> "GW250"  (gs250 / gw250)
  motorcycle suzuki             "GS250" <-> "GZ250"  (gs250 / gz250)
  motorcycle suzuki             "GS250" <-> "TS250"  (gs250 / ts250)
  motorcycle suzuki             "GS500" <-> "GS500E"  (gs500 / gs500e)
  motorcycle suzuki             "GS500" <-> "GS500F"  (gs500 / gs500f)
  motorcycle suzuki             "GS500" <-> "GS500U"  (gs500 / gs500u)
  motorcycle suzuki             "GS500" <-> "GS550"  (gs500 / gs550)
  motorcycle suzuki             "GS500" <-> "GT500"  (gs500 / gt500)
  motorcycle suzuki             "GS500E" <-> "GS500EU"  (gs500e / gs500eu)
  motorcycle suzuki             "GS500E" <-> "GS500F"  (gs500e / gs500f)
  motorcycle suzuki             "GS500E" <-> "GS500U"  (gs500e / gs500u)
  motorcycle suzuki             "GS500E" <-> "GS550E"  (gs500e / gs550e)
  motorcycle suzuki             "GS500EU" <-> "GS500FU"  (gs500eu / gs500fu)
  motorcycle suzuki             "GS500EU" <-> "GS500U"  (gs500eu / gs500u)
  motorcycle suzuki             "GS500F" <-> "GS500FU"  (gs500f / gs500fu)
  motorcycle suzuki             "GS500F" <-> "GS500U"  (gs500f / gs500u)
  motorcycle suzuki             "GS500FU" <-> "GS500U"  (gs500fu / gs500u)
  motorcycle suzuki             "GS550" <-> "GS550E"  (gs550 / gs550e)
  motorcycle suzuki             "GS550" <-> "GS650"  (gs550 / gs650)
  motorcycle suzuki             "GS550" <-> "GS750"  (gs550 / gs750)
  motorcycle suzuki             "GS550" <-> "GS850"  (gs550 / gs850)
  motorcycle suzuki             "GS550" <-> "GT550"  (gs550 / gt550)
  motorcycle suzuki             "GS550E" <-> "GSX550E"  (gs550e / gsx550e)
  motorcycle suzuki             "GS650" <-> "GS750"  (gs650 / gs750)
  motorcycle suzuki             "GS650" <-> "GS850"  (gs650 / gs850)
  motorcycle suzuki             "GS650" <-> "GSF650"  (gs650 / gsf650)
  motorcycle suzuki             "GS650" <-> "LS650"  (gs650 / ls650)
  motorcycle suzuki             "GS750" <-> "GS850"  (gs750 / gs850)
  motorcycle suzuki             "GS750" <-> "GSR750"  (gs750 / gsr750)
  motorcycle suzuki             "GS750" <-> "GSX750"  (gs750 / gsx750)
  motorcycle suzuki             "GS750" <-> "GT750"  (gs750 / gt750)
  motorcycle suzuki             "GS750" <-> "VS750"  (gs750 / vs750)
  motorcycle suzuki             "GSF1200" <-> "GSF1200A"  (gsf1200 / gsf1200a)
  motorcycle suzuki             "GSF1200" <-> "GSF1200N"  (gsf1200 / gsf1200n)
  motorcycle suzuki             "GSF1200" <-> "GSF1200S"  (gsf1200 / gsf1200s)
  motorcycle suzuki             "GSF1200" <-> "GSF1250"  (gsf1200 / gsf1250)
  motorcycle suzuki             "GSF1200" <-> "GSX1200"  (gsf1200 / gsx1200)
  motorcycle suzuki             "GSF1200 Bandit" <-> "GSF1200 Bandit S"  (gsf1200-bandit / gsf1200-bandit-s)
  motorcycle suzuki             "GSF1200 Bandit" <-> "GSF1250 Bandit"  (gsf1200-bandit / gsf1250-bandit)
  motorcycle suzuki             "GSF1200A" <-> "GSF1200N"  (gsf1200a / gsf1200n)
  motorcycle suzuki             "GSF1200A" <-> "GSF1200S"  (gsf1200a / gsf1200s)
  motorcycle suzuki             "GSF1200A" <-> "GSF1200SA"  (gsf1200a / gsf1200sa)
  motorcycle suzuki             "GSF1200A" <-> "GSF1250A"  (gsf1200a / gsf1250a)
  motorcycle suzuki             "GSF1200N" <-> "GSF1200S"  (gsf1200n / gsf1200s)
  motorcycle suzuki             "GSF1200S" <-> "GSF1200SA"  (gsf1200s / gsf1200sa)
  motorcycle suzuki             "GSF1200S" <-> "GSF1250S"  (gsf1200s / gsf1250s)
  motorcycle suzuki             "GSF1200SA" <-> "GSF1250SA"  (gsf1200sa / gsf1250sa)
  motorcycle suzuki             "GSF1250" <-> "GSF1250A"  (gsf1250 / gsf1250a)
  motorcycle suzuki             "GSF1250" <-> "GSF1250S"  (gsf1250 / gsf1250s)
  motorcycle suzuki             "GSF1250" <-> "GSX1250"  (gsf1250 / gsx1250)
  motorcycle suzuki             "GSF1250A" <-> "GSF1250S"  (gsf1250a / gsf1250s)
  motorcycle suzuki             "GSF1250A" <-> "GSF1250SA"  (gsf1250a / gsf1250sa)
  motorcycle suzuki             "GSF1250S" <-> "GSF1250SA"  (gsf1250s / gsf1250sa)
  motorcycle suzuki             "GSF400" <-> "GSF600"  (gsf400 / gsf600)
  motorcycle suzuki             "GSF400" <-> "GSR400"  (gsf400 / gsr400)
  motorcycle suzuki             "GSF400" <-> "GSX400"  (gsf400 / gsx400)
  motorcycle suzuki             "GSF600" <-> "GSF600S"  (gsf600 / gsf600s)
  motorcycle suzuki             "GSF600" <-> "GSF600U"  (gsf600 / gsf600u)
  motorcycle suzuki             "GSF600" <-> "GSF650"  (gsf600 / gsf650)
  motorcycle suzuki             "GSF600" <-> "GSR600"  (gsf600 / gsr600)
  motorcycle suzuki             "GSF600" <-> "GSX600"  (gsf600 / gsx600)
  motorcycle suzuki             "GSF600 Bandit" <-> "GSF600 Bandit S"  (gsf600-bandit / gsf600-bandit-s)
  motorcycle suzuki             "GSF600 Bandit" <-> "GSF650 Bandit"  (gsf600-bandit / gsf650-bandit)
  motorcycle suzuki             "GSF600S" <-> "GSF600SU"  (gsf600s / gsf600su)
  motorcycle suzuki             "GSF600S" <-> "GSF600U"  (gsf600s / gsf600u)
  motorcycle suzuki             "GSF600S" <-> "GSF650S"  (gsf600s / gsf650s)
  motorcycle suzuki             "GSF600SU" <-> "GSF600U"  (gsf600su / gsf600u)
  motorcycle suzuki             "GSF600SU" <-> "GSF650SU"  (gsf600su / gsf650su)
  motorcycle suzuki             "GSF600U" <-> "GSF650U"  (gsf600u / gsf650u)
  motorcycle suzuki             "GSF600U" <-> "GSR600U"  (gsf600u / gsr600u)
  motorcycle suzuki             "GSF650" <-> "GSF650A"  (gsf650 / gsf650a)
  motorcycle suzuki             "GSF650" <-> "GSF650S"  (gsf650 / gsf650s)
  motorcycle suzuki             "GSF650" <-> "GSF650U"  (gsf650 / gsf650u)
  motorcycle suzuki             "GSF650A" <-> "GSF650S"  (gsf650a / gsf650s)
  motorcycle suzuki             "GSF650A" <-> "GSF650SA"  (gsf650a / gsf650sa)
  motorcycle suzuki             "GSF650A" <-> "GSF650U"  (gsf650a / gsf650u)
  motorcycle suzuki             "GSF650S" <-> "GSF650SA"  (gsf650s / gsf650sa)
  motorcycle suzuki             "GSF650S" <-> "GSF650SU"  (gsf650s / gsf650su)
  motorcycle suzuki             "GSF650S" <-> "GSF650U"  (gsf650s / gsf650u)
  motorcycle suzuki             "GSF650SA" <-> "GSF650SU"  (gsf650sa / gsf650su)
  motorcycle suzuki             "GSF650SA" <-> "GSF650SUA"  (gsf650sa / gsf650sua)
  motorcycle suzuki             "GSF650SU" <-> "GSF650SUA"  (gsf650su / gsf650sua)
  motorcycle suzuki             "GSF650SU" <-> "GSF650U"  (gsf650su / gsf650u)
  motorcycle suzuki             "GSR400" <-> "GSR600"  (gsr400 / gsr600)
  motorcycle suzuki             "GSR400" <-> "GSX400"  (gsr400 / gsx400)
  motorcycle suzuki             "GSR600" <-> "GSR600A"  (gsr600 / gsr600a)
  motorcycle suzuki             "GSR600" <-> "GSR600U"  (gsr600 / gsr600u)
  motorcycle suzuki             "GSR600" <-> "GSX-R600"  (gsr600 / gsx-r600)
  motorcycle suzuki             "GSR600" <-> "GSX600"  (gsr600 / gsx600)
  motorcycle suzuki             "GSR600A" <-> "GSR600U"  (gsr600a / gsr600u)
  motorcycle suzuki             "GSR600A" <-> "GSR600UA"  (gsr600a / gsr600ua)
  motorcycle suzuki             "GSR600U" <-> "GSR600UA"  (gsr600u / gsr600ua)
  motorcycle suzuki             "GSR750" <-> "GSR750A"  (gsr750 / gsr750a)
  motorcycle suzuki             "GSR750" <-> "GSX-R750"  (gsr750 / gsx-r750)
  motorcycle suzuki             "GSR750" <-> "GSX750"  (gsr750 / gsx750)
  motorcycle suzuki             "GSX-R1000" <-> "GSX-R1000R"  (gsx-r1000 / gsx-r1000r)
  motorcycle suzuki             "GSX-R1000" <-> "GSX-R1100"  (gsx-r1000 / gsx-r1100)
  motorcycle suzuki             "GSX-R1000" <-> "GSX-S1000"  (gsx-r1000 / gsx-s1000)
  motorcycle suzuki             "GSX-R1000" <-> "Gsxr 1100"  (gsx-r1000 / gsxr-1100)
  motorcycle suzuki             "GSX-R1000" <-> "Gsxr 1300"  (gsx-r1000 / gsxr-1300)
  motorcycle suzuki             "GSX-R1000K2" <-> "GSX-R1000K7"  (gsx-r1000k2 / gsx-r1000k7)
  motorcycle suzuki             "GSX-R1000K2" <-> "GSX-R1000U2"  (gsx-r1000k2 / gsx-r1000u2)
  motorcycle suzuki             "GSX-R1100" <-> "GSX R1100W"  (gsx-r1100 / gsx-r1100w)
  motorcycle suzuki             "GSX-R1100" <-> "GSX1100"  (gsx-r1100 / gsx1100)
  motorcycle suzuki             "GSX-R1100" <-> "Gsxr 1300"  (gsx-r1100 / gsxr-1300)
  motorcycle suzuki             "GSX R1100W" <-> "Gsxr 1100"  (gsx-r1100w / gsxr-1100)
  motorcycle suzuki             "GSX-R125" <-> "GSX-S125"  (gsx-r125 / gsx-s125)
  motorcycle suzuki             "GSX-R600" <-> "GSX-R600X"  (gsx-r600 / gsx-r600x)
  motorcycle suzuki             "GSX-R600" <-> "GSX600"  (gsx-r600 / gsx600)
  motorcycle suzuki             "GSX-R600U3" <-> "GSX-R600U6"  (gsx-r600u3 / gsx-r600u6)
  motorcycle suzuki             "GSX-R750" <-> "GSX R750W"  (gsx-r750 / gsx-r750w)
  motorcycle suzuki             "GSX-R750" <-> "GSX-R750X"  (gsx-r750 / gsx-r750x)
  motorcycle suzuki             "GSX-R750" <-> "GSX-S750"  (gsx-r750 / gsx-s750)
  motorcycle suzuki             "GSX-R750" <-> "GSX750"  (gsx-r750 / gsx750)
  motorcycle suzuki             "GSX-R750U1" <-> "GSX-R750U2"  (gsx-r750u1 / gsx-r750u2)
  motorcycle suzuki             "GSX R750W" <-> "GSX-R750X"  (gsx-r750w / gsx-r750x)
  motorcycle suzuki             "GSX-S1000" <-> "GSX-S1000F"  (gsx-s1000 / gsx-s1000f)
  motorcycle suzuki             "GSX-S1000" <-> "GSX-S1000S"  (gsx-s1000 / gsx-s1000s)
  motorcycle suzuki             "GSX-S1000" <-> "GSX-S1000T"  (gsx-s1000 / gsx-s1000t)
  motorcycle suzuki             "GSX-S1000" <-> "GSX-S1000X"  (gsx-s1000 / gsx-s1000x)
  motorcycle suzuki             "GSX-S1000F" <-> "GSX-S1000S"  (gsx-s1000f / gsx-s1000s)
  motorcycle suzuki             "GSX-S1000F" <-> "GSX-S1000T"  (gsx-s1000f / gsx-s1000t)
  motorcycle suzuki             "GSX-S1000F" <-> "GSX-S1000X"  (gsx-s1000f / gsx-s1000x)
  motorcycle suzuki             "GSX-S1000GT" <-> "GSX-S1000T"  (gsx-s1000gt / gsx-s1000t)
  motorcycle suzuki             "GSX-S1000S" <-> "GSX-S1000T"  (gsx-s1000s / gsx-s1000t)
  motorcycle suzuki             "GSX-S1000S" <-> "GSX-S1000X"  (gsx-s1000s / gsx-s1000x)
  motorcycle suzuki             "GSX-S1000T" <-> "GSX-S1000X"  (gsx-s1000t / gsx-s1000x)
  motorcycle suzuki             "GSX-S750" <-> "GSX-S750U"  (gsx-s750 / gsx-s750u)
  motorcycle suzuki             "GSX-S750" <-> "GSX750"  (gsx-s750 / gsx750)
  motorcycle suzuki             "GSX1100" <-> "GSX1100F"  (gsx1100 / gsx1100f)
  motorcycle suzuki             "GSX1100" <-> "GSX1100G"  (gsx1100 / gsx1100g)
  motorcycle suzuki             "GSX1100" <-> "GSX1100S"  (gsx1100 / gsx1100s)
  motorcycle suzuki             "GSX1100" <-> "GSX1200"  (gsx1100 / gsx1200)
  motorcycle suzuki             "GSX1100" <-> "GSX1300"  (gsx1100 / gsx1300)
  motorcycle suzuki             "GSX1100" <-> "GSX1400"  (gsx1100 / gsx1400)
  motorcycle suzuki             "GSX1100" <-> "Gsxr 1100"  (gsx1100 / gsxr-1100)
  motorcycle suzuki             "GSX1100EF" <-> "GSX1100F"  (gsx1100ef / gsx1100f)
  motorcycle suzuki             "GSX1100F" <-> "GSX1100G"  (gsx1100f / gsx1100g)
  motorcycle suzuki             "GSX1100F" <-> "GSX1100S"  (gsx1100f / gsx1100s)
  motorcycle suzuki             "GSX1100G" <-> "GSX1100S"  (gsx1100g / gsx1100s)
  motorcycle suzuki             "GSX1200" <-> "GSX1250"  (gsx1200 / gsx1250)
  motorcycle suzuki             "GSX1200" <-> "GSX1300"  (gsx1200 / gsx1300)
  motorcycle suzuki             "GSX1200" <-> "GSX1400"  (gsx1200 / gsx1400)
  motorcycle suzuki             "GSX1250" <-> "GSX250"  (gsx1250 / gsx250)
  motorcycle suzuki             "GSX1300" <-> "GSX1300R"  (gsx1300 / gsx1300r)
  motorcycle suzuki             "GSX1300" <-> "GSX1400"  (gsx1300 / gsx1400)
  motorcycle suzuki             "GSX1300" <-> "Gsxr 1300"  (gsx1300 / gsxr-1300)
  motorcycle suzuki             "GSX1300BK" <-> "GSX1300BKA"  (gsx1300bk / gsx1300bka)
  motorcycle suzuki             "GSX1300R" <-> "GSX1300RA"  (gsx1300r / gsx1300ra)
  motorcycle suzuki             "GSX1400" <-> "GSX400"  (gsx1400 / gsx400)
  motorcycle suzuki             "GSX250" <-> "GSX250R"  (gsx250 / gsx250r)
  motorcycle suzuki             "GSX250" <-> "GSX750"  (gsx250 / gsx750)
  motorcycle suzuki             "GSX250R" <-> "GSX750R"  (gsx250r / gsx750r)
  motorcycle suzuki             "GSX400" <-> "GSX400E"  (gsx400 / gsx400e)
  motorcycle suzuki             "GSX400" <-> "GSX400F"  (gsx400 / gsx400f)
  motorcycle suzuki             "GSX400" <-> "GSX600"  (gsx400 / gsx600)
  motorcycle suzuki             "GSX400" <-> "GSX800"  (gsx400 / gsx800)
  motorcycle suzuki             "GSX400E" <-> "GSX400F"  (gsx400e / gsx400f)
  motorcycle suzuki             "GSX400F" <-> "GSX600F"  (gsx400f / gsx600f)
  motorcycle suzuki             "GSX600" <-> "GSX600F"  (gsx600 / gsx600f)
  motorcycle suzuki             "GSX600" <-> "GSX800"  (gsx600 / gsx800)
  motorcycle suzuki             "GSX600F" <-> "GSX600FU"  (gsx600f / gsx600fu)
  motorcycle suzuki             "GSX600F" <-> "GSX650F"  (gsx600f / gsx650f)
  motorcycle suzuki             "GSX600FU" <-> "GSX650FU"  (gsx600fu / gsx650fu)
  motorcycle suzuki             "GSX650F" <-> "GSX650FA"  (gsx650f / gsx650fa)
  motorcycle suzuki             "GSX650F" <-> "GSX650FU"  (gsx650f / gsx650fu)
  motorcycle suzuki             "GSX650F" <-> "GSX750F"  (gsx650f / gsx750f)
  motorcycle suzuki             "GSX650FA" <-> "GSX650FU"  (gsx650fa / gsx650fu)
  motorcycle suzuki             "GSX750" <-> "GSX750F"  (gsx750 / gsx750f)
  motorcycle suzuki             "GSX750" <-> "GSX750R"  (gsx750 / gsx750r)
  motorcycle suzuki             "GSX750F" <-> "GSX750R"  (gsx750f / gsx750r)
  motorcycle suzuki             "GSX800" <-> "GSX800T"  (gsx800 / gsx800t)
  motorcycle suzuki             "GSX800" <-> "GSX800U"  (gsx800 / gsx800u)
  motorcycle suzuki             "GSX800T" <-> "GSX800TU"  (gsx800t / gsx800tu)
  motorcycle suzuki             "GSX800T" <-> "GSX800U"  (gsx800t / gsx800u)
  motorcycle suzuki             "GSX800TU" <-> "GSX800U"  (gsx800tu / gsx800u)
  motorcycle suzuki             "Gsxr 1100" <-> "Gsxr 1300"  (gsxr-1100 / gsxr-1300)
  motorcycle suzuki             "GT125" <-> "GT185"  (gt125 / gt185)
  motorcycle suzuki             "GT125" <-> "GX125"  (gt125 / gx125)
  motorcycle suzuki             "GT125" <-> "GZ125"  (gt125 / gz125)
  motorcycle suzuki             "GT125" <-> "T125"  (gt125 / t125)
  motorcycle suzuki             "GT185" <-> "GT185L"  (gt185 / gt185l)
  motorcycle suzuki             "GT200" <-> "GT250"  (gt200 / gt250)
  motorcycle suzuki             "GT200" <-> "GT500"  (gt200 / gt500)
  motorcycle suzuki             "GT250" <-> "GT250K"  (gt250 / gt250k)
  motorcycle suzuki             "GT250" <-> "GT550"  (gt250 / gt550)
  motorcycle suzuki             "GT250" <-> "GT750"  (gt250 / gt750)
  motorcycle suzuki             "GT250" <-> "GW250"  (gt250 / gw250)
  motorcycle suzuki             "GT250" <-> "GZ250"  (gt250 / gz250)
  motorcycle suzuki             "GT250" <-> "T250"  (gt250 / t250)
  motorcycle suzuki             "GT380" <-> "GT380J"  (gt380 / gt380j)
  motorcycle suzuki             "GT500" <-> "GT550"  (gt500 / gt550)
  motorcycle suzuki             "GT500" <-> "T500"  (gt500 / t500)
  motorcycle suzuki             "GT550" <-> "GT750"  (gt550 / gt750)
  motorcycle suzuki             "GT750" <-> "GT750J"  (gt750 / gt750j)
  motorcycle suzuki             "GW250" <-> "GZ250"  (gw250 / gz250)
  motorcycle suzuki             "GX125" <-> "GZ125"  (gx125 / gz125)
  motorcycle suzuki             "GX125" <-> "UX125"  (gx125 / ux125)
  motorcycle suzuki             "GZ125" <-> "UZ125"  (gz125 / uz125)
  motorcycle suzuki             "Intruder 800" <-> "Intruder M800"  (intruder-800 / intruder-m800)
  motorcycle suzuki             "LS400" <-> "TS400"  (ls400 / ts400)
  motorcycle suzuki             "LS650" <-> "LS650P"  (ls650 / ls650p)
  motorcycle suzuki             "RF600R" <-> "RF900R"  (rf600r / rf900r)
  motorcycle suzuki             "RF900" <-> "RF900R"  (rf900 / rf900r)
  motorcycle suzuki             "RG125" <-> "RM125"  (rg125 / rm125)
  motorcycle suzuki             "RG125" <-> "RV125"  (rg125 / rv125)
  motorcycle suzuki             "RG250" <-> "RG250W"  (rg250 / rg250w)
  motorcycle suzuki             "RG250" <-> "RGV250"  (rg250 / rgv250)
  motorcycle suzuki             "RG250" <-> "RM250"  (rg250 / rm250)
  motorcycle suzuki             "RG400" <-> "RG500"  (rg400 / rg500)
  motorcycle suzuki             "RGV250" <-> "RGV250K"  (rgv250 / rgv250k)
  motorcycle suzuki             "RGV250" <-> "RGV250R"  (rgv250 / rgv250r)
  motorcycle suzuki             "RGV250K" <-> "RGV250R"  (rgv250k / rgv250r)
  motorcycle suzuki             "RM-Z450" <-> "RMZ250"  (rm-z450 / rmz250)
  motorcycle suzuki             "RM125" <-> "RV125"  (rm125 / rv125)
  motorcycle suzuki             "RM250" <-> "RMX250"  (rm250 / rmx250)
  motorcycle suzuki             "RM250" <-> "RMZ250"  (rm250 / rmz250)
  motorcycle suzuki             "RMX250" <-> "RMZ250"  (rmx250 / rmz250)
  motorcycle suzuki             "SFV650" <-> "SFV650A"  (sfv650 / sfv650a)
  motorcycle suzuki             "SFV650" <-> "SFV650U"  (sfv650 / sfv650u)
  motorcycle suzuki             "SFV650" <-> "SV650"  (sfv650 / sv650)
  motorcycle suzuki             "SFV650A" <-> "SFV650U"  (sfv650a / sfv650u)
  motorcycle suzuki             "SFV650A" <-> "SFV650UA"  (sfv650a / sfv650ua)
  motorcycle suzuki             "SFV650A" <-> "SV650A"  (sfv650a / sv650a)
  motorcycle suzuki             "SFV650U" <-> "SFV650UA"  (sfv650u / sfv650ua)
  motorcycle suzuki             "SFV650U" <-> "SV650U"  (sfv650u / sv650u)
  motorcycle suzuki             "SFV650UA" <-> "SV650UA"  (sfv650ua / sv650ua)
  motorcycle suzuki             "SP400" <-> "SV400"  (sp400 / sv400)
  motorcycle suzuki             "SV1000" <-> "SV1000S"  (sv1000 / sv1000s)
  motorcycle suzuki             "SV650" <-> "SV650A"  (sv650 / sv650a)
  motorcycle suzuki             "SV650" <-> "SV650S"  (sv650 / sv650s)
  motorcycle suzuki             "SV650" <-> "SV650U"  (sv650 / sv650u)
  motorcycle suzuki             "SV650A" <-> "SV650S"  (sv650a / sv650s)
  motorcycle suzuki             "SV650A" <-> "SV650SA"  (sv650a / sv650sa)
  motorcycle suzuki             "SV650A" <-> "SV650U"  (sv650a / sv650u)
  motorcycle suzuki             "SV650A" <-> "SV650UA"  (sv650a / sv650ua)
  motorcycle suzuki             "SV650A" <-> "SV650XA"  (sv650a / sv650xa)
  motorcycle suzuki             "SV650S" <-> "SV650SA"  (sv650s / sv650sa)
  motorcycle suzuki             "SV650S" <-> "SV650SU"  (sv650s / sv650su)
  motorcycle suzuki             "SV650S" <-> "SV650U"  (sv650s / sv650u)
  motorcycle suzuki             "SV650SA" <-> "SV650SU"  (sv650sa / sv650su)
  motorcycle suzuki             "SV650SA" <-> "SV650UA"  (sv650sa / sv650ua)
  motorcycle suzuki             "SV650SA" <-> "SV650XA"  (sv650sa / sv650xa)
  motorcycle suzuki             "SV650SU" <-> "SV650U"  (sv650su / sv650u)
  motorcycle suzuki             "SV650U" <-> "SV650UA"  (sv650u / sv650ua)
  motorcycle suzuki             "SV650UA" <-> "SV650XA"  (sv650ua / sv650xa)
  motorcycle suzuki             "T125" <-> "TS125"  (t125 / ts125)
  motorcycle suzuki             "T250" <-> "T250J"  (t250 / t250j)
  motorcycle suzuki             "T250" <-> "T350"  (t250 / t350)
  motorcycle suzuki             "T250" <-> "TS250"  (t250 / ts250)
  motorcycle suzuki             "T250" <-> "TS50"  (t250 / ts50)
  motorcycle suzuki             "T250" <-> "TU250"  (t250 / tu250)
  motorcycle suzuki             "T350" <-> "TS50"  (t350 / ts50)
  motorcycle suzuki             "T500" <-> "T500J"  (t500 / t500j)
  motorcycle suzuki             "TC100" <-> "TS100"  (tc100 / ts100)
  motorcycle suzuki             "TL1000" <-> "TL1000R"  (tl1000 / tl1000r)
  motorcycle suzuki             "TL1000" <-> "TL1000S"  (tl1000 / tl1000s)
  motorcycle suzuki             "TL1000R" <-> "TL1000RW"  (tl1000r / tl1000rw)
  motorcycle suzuki             "TL1000R" <-> "TL1000S"  (tl1000r / tl1000s)
  motorcycle suzuki             "TS100" <-> "TS400"  (ts100 / ts400)
  motorcycle suzuki             "TS125" <-> "TS185"  (ts125 / ts185)
  motorcycle suzuki             "TS125ER" <-> "TS185ER"  (ts125er / ts185er)
  motorcycle suzuki             "TS250" <-> "TS50"  (ts250 / ts50)
  motorcycle suzuki             "TS250" <-> "TU250"  (ts250 / tu250)
  motorcycle suzuki             "TU250" <-> "TU250X"  (tu250 / tu250x)
  motorcycle suzuki             "UB125" <-> "UC125"  (ub125 / uc125)
  motorcycle suzuki             "UB125" <-> "UH125"  (ub125 / uh125)
  motorcycle suzuki             "UB125" <-> "UN125"  (ub125 / un125)
  motorcycle suzuki             "UB125" <-> "UX125"  (ub125 / ux125)
  motorcycle suzuki             "UB125" <-> "UZ125"  (ub125 / uz125)
  motorcycle suzuki             "UC125" <-> "UH125"  (uc125 / uh125)
  motorcycle suzuki             "UC125" <-> "UN125"  (uc125 / un125)
  motorcycle suzuki             "UC125" <-> "UX125"  (uc125 / ux125)
  motorcycle suzuki             "UC125" <-> "UZ125"  (uc125 / uz125)
  motorcycle suzuki             "UG110" <-> "UK110"  (ug110 / uk110)
  motorcycle suzuki             "UH125" <-> "UH125G"  (uh125 / uh125g)
  motorcycle suzuki             "UH125" <-> "UN125"  (uh125 / un125)
  motorcycle suzuki             "UH125" <-> "UX125"  (uh125 / ux125)
  motorcycle suzuki             "UH125" <-> "UZ125"  (uh125 / uz125)
  motorcycle suzuki             "UN125" <-> "UX125"  (un125 / ux125)
  motorcycle suzuki             "UN125" <-> "UZ125"  (un125 / uz125)
  motorcycle suzuki             "UX125" <-> "UZ125"  (ux125 / uz125)
  motorcycle suzuki             "VL1500" <-> "VZ1500"  (vl1500 / vz1500)
  motorcycle suzuki             "VL800" <-> "VL800C"  (vl800 / vl800c)
  motorcycle suzuki             "VL800" <-> "VS800"  (vl800 / vs800)
  motorcycle suzuki             "VL800" <-> "VX800"  (vl800 / vx800)
  motorcycle suzuki             "VL800" <-> "VZ800"  (vl800 / vz800)
  motorcycle suzuki             "VLR1800" <-> "VLR1800T"  (vlr1800 / vlr1800t)
  motorcycle suzuki             "VLR1800" <-> "VZR1800"  (vlr1800 / vzr1800)
  motorcycle suzuki             "VS1400GL" <-> "VS1400GLP"  (vs1400gl / vs1400glp)
  motorcycle suzuki             "VS600" <-> "VS700"  (vs600 / vs700)
  motorcycle suzuki             "VS600" <-> "VS800"  (vs600 / vs800)
  motorcycle suzuki             "VS700" <-> "VS750"  (vs700 / vs750)
  motorcycle suzuki             "VS700" <-> "VS800"  (vs700 / vs800)
  motorcycle suzuki             "VS750" <-> "VS750G"  (vs750 / vs750g)
  motorcycle suzuki             "VS750G" <-> "VS750GL"  (vs750g / vs750gl)
  motorcycle suzuki             "VS800" <-> "VX800"  (vs800 / vx800)
  motorcycle suzuki             "VS800" <-> "VZ800"  (vs800 / vz800)
  motorcycle suzuki             "VS800GL" <-> "VS800GLP"  (vs800gl / vs800glp)
  motorcycle suzuki             "VX800" <-> "VZ800"  (vx800 / vz800)
  motorcycle suzuki             "VZ1500" <-> "VZ1600"  (vz1500 / vz1600)
  motorcycle suzuki             "VZR1800" <-> "VZR1800N"  (vzr1800 / vzr1800n)
  motorcycle swm                "Superdual" <-> "Superdual T"  (superdual / superdual-t)
  motorcycle swm                "Superdual" <-> "Superdual X"  (superdual / superdual-x)
  motorcycle swm                "Superdual T" <-> "Superdual X"  (superdual-t / superdual-x)
  motorcycle sym                "GTS125" <-> "GTS125I"  (gts125 / gts125i)
  motorcycle sym                "Jet X" <-> "JET4"  (jet-x / jet4)
  motorcycle sym                "JET14" <-> "JET4"  (jet14 / jet4)
  motorcycle sym                "Maxsym 400I" <-> "Maxsym 600I"  (maxsym-400i / maxsym-600i)
  motorcycle sym                "Symnh T" <-> "Symnh X"  (symnh-t / symnh-x)
  motorcycle sym                "VS125" <-> "XS125"  (vs125 / xs125)
  motorcycle triumph            "Bonnerville" <-> "Bonneville"  (bonnerville / bonneville)
  motorcycle triumph            "Bonnevile" <-> "Bonneville"  (bonnevile / bonneville)
  motorcycle triumph            "Bonneville 120" <-> "Bonneville T120"  (bonneville-120 / bonneville-t120)
  motorcycle triumph            "Bonneville 650" <-> "Bonneville 750"  (bonneville-650 / bonneville-750)
  motorcycle triumph            "Bonneville T100" <-> "Bonneville T120"  (bonneville-t100 / bonneville-t120)
  motorcycle triumph            "Bonneville T100" <-> "Bonneville T140"  (bonneville-t100 / bonneville-t140)
  motorcycle triumph            "Bonneville T100 Black" <-> "Bonneville T120 Black"  (bonneville-t100-black / bonneville-t120-black)
  motorcycle triumph            "Bonneville T120" <-> "Bonneville T120R"  (bonneville-t120 / bonneville-t120r)
  motorcycle triumph            "Bonneville T120" <-> "Bonneville T120V"  (bonneville-t120 / bonneville-t120v)
  motorcycle triumph            "Bonneville T120" <-> "Bonneville T140"  (bonneville-t120 / bonneville-t140)
  motorcycle triumph            "Bonneville T120R" <-> "Bonneville T120V"  (bonneville-t120r / bonneville-t120v)
  motorcycle triumph            "Bonneville T120V" <-> "Bonneville T140V"  (bonneville-t120v / bonneville-t140v)
  motorcycle triumph            "Bonneville T140" <-> "Bonneville T140V"  (bonneville-t140 / bonneville-t140v)
  motorcycle triumph            "Daytona 500" <-> "Daytona 600"  (daytona-500 / daytona-600)
  motorcycle triumph            "Daytona 500" <-> "Daytona 900"  (daytona-500 / daytona-900)
  motorcycle triumph            "Daytona 600" <-> "Daytona 650"  (daytona-600 / daytona-650)
  motorcycle triumph            "Daytona 600" <-> "Daytona 660"  (daytona-600 / daytona-660)
  motorcycle triumph            "Daytona 600" <-> "Daytona 900"  (daytona-600 / daytona-900)
  motorcycle triumph            "Daytona 650" <-> "Daytona 660"  (daytona-650 / daytona-660)
  motorcycle triumph            "Daytona 675" <-> "Daytona 675R"  (daytona-675 / daytona-675r)
  motorcycle triumph            "Daytona 955" <-> "Daytona 955I"  (daytona-955 / daytona-955i)
  motorcycle triumph            "Explorer Xcx" <-> "Explorer Xrx"  (explorer-xcx / explorer-xrx)
  motorcycle triumph            "Explorer Xrt" <-> "Explorer Xrx"  (explorer-xrt / explorer-xrx)
  motorcycle triumph            "Rocket" <-> "Rocket 3"  (rocket / rocket-3)
  motorcycle triumph            "Rocket 3" <-> "Rocket 3R"  (rocket-3 / rocket-3r)
  motorcycle triumph            "Scrambler 1200" <-> "Scrambler 1200X"  (scrambler-1200 / scrambler-1200x)
  motorcycle triumph            "Scrambler 1200X" <-> "Scrambler 1200XC"  (scrambler-1200x / scrambler-1200xc)
  motorcycle triumph            "Scrambler 1200X" <-> "Scrambler 1200XE"  (scrambler-1200x / scrambler-1200xe)
  motorcycle triumph            "Scrambler 1200XC" <-> "Scrambler 1200XE"  (scrambler-1200xc / scrambler-1200xe)
  motorcycle triumph            "Scrambler 400" <-> "Scrambler 400X"  (scrambler-400 / scrambler-400x)
  motorcycle triumph            "Scrambler 400" <-> "Scrambler 900"  (scrambler-400 / scrambler-900)
  motorcycle triumph            "Scrambler 400X" <-> "Scrambler 400XC"  (scrambler-400x / scrambler-400xc)
  motorcycle triumph            "Speed Triple" <-> "Speed Triple R"  (speed-triple / speed-triple-r)
  motorcycle triumph            "Speed Triple" <-> "Speed Triple S"  (speed-triple / speed-triple-s)
  motorcycle triumph            "Speed Triple 1200RR" <-> "Speed Triple 1200RS"  (speed-triple-1200rr / speed-triple-1200rs)
  motorcycle triumph            "Speed Triple 1200RR" <-> "Speed Triple 1200RX"  (speed-triple-1200rr / speed-triple-1200rx)
  motorcycle triumph            "Speed Triple 1200RS" <-> "Speed Triple 1200RX"  (speed-triple-1200rs / speed-triple-1200rx)
  motorcycle triumph            "Speed Triple R" <-> "Speed Triple RS"  (speed-triple-r / speed-triple-rs)
  motorcycle triumph            "Speed Triple R" <-> "Speed Triple S"  (speed-triple-r / speed-triple-s)
  motorcycle triumph            "Speed Triple RS" <-> "Speed Triple S"  (speed-triple-rs / speed-triple-s)
  motorcycle triumph            "Sprint GT" <-> "Sprint ST"  (sprint-gt / sprint-st)
  motorcycle triumph            "Street Triple" <-> "Street Triple R"  (street-triple / street-triple-r)
  motorcycle triumph            "Street Triple" <-> "Street Triple S"  (street-triple / street-triple-s)
  motorcycle triumph            "Street Triple R" <-> "Street Triple RS"  (street-triple-r / street-triple-rs)
  motorcycle triumph            "Street Triple R" <-> "Street Triple RX"  (street-triple-r / street-triple-rx)
  motorcycle triumph            "Street Triple R" <-> "Street Triple S"  (street-triple-r / street-triple-s)
  motorcycle triumph            "Street Triple RS" <-> "Street Triple RX"  (street-triple-rs / street-triple-rx)
  motorcycle triumph            "Street Triple RS" <-> "Street Triple S"  (street-triple-rs / street-triple-s)
  motorcycle triumph            "T100" <-> "T100C"  (t100 / t100c)
  motorcycle triumph            "T100" <-> "T100R"  (t100 / t100r)
  motorcycle triumph            "T100" <-> "T110"  (t100 / t110)
  motorcycle triumph            "T100" <-> "T120"  (t100 / t120)
  motorcycle triumph            "T100" <-> "T140"  (t100 / t140)
  motorcycle triumph            "T100" <-> "T150"  (t100 / t150)
  motorcycle triumph            "T100" <-> "T160"  (t100 / t160)
  motorcycle triumph            "T100C" <-> "T100R"  (t100c / t100r)
  motorcycle triumph            "T100R" <-> "T120R"  (t100r / t120r)
  motorcycle triumph            "T110" <-> "T120"  (t110 / t120)
  motorcycle triumph            "T110" <-> "T140"  (t110 / t140)
  motorcycle triumph            "T110" <-> "T150"  (t110 / t150)
  motorcycle triumph            "T110" <-> "T160"  (t110 / t160)
  motorcycle triumph            "T120" <-> "T120R"  (t120 / t120r)
  motorcycle triumph            "T120" <-> "T140"  (t120 / t140)
  motorcycle triumph            "T120" <-> "T150"  (t120 / t150)
  motorcycle triumph            "T120" <-> "T160"  (t120 / t160)
  motorcycle triumph            "T120" <-> "T20"  (t120 / t20)
  motorcycle triumph            "T120R" <-> "T120RV"  (t120r / t120rv)
  motorcycle triumph            "T140" <-> "T140E"  (t140 / t140e)
  motorcycle triumph            "T140" <-> "T140V"  (t140 / t140v)
  motorcycle triumph            "T140" <-> "T150"  (t140 / t150)
  motorcycle triumph            "T140" <-> "T160"  (t140 / t160)
  motorcycle triumph            "T140E" <-> "T140V"  (t140e / t140v)
  motorcycle triumph            "T140V" <-> "T150V"  (t140v / t150v)
  motorcycle triumph            "T140V" <-> "T160V"  (t140v / t160v)
  motorcycle triumph            "T150" <-> "T150T"  (t150 / t150t)
  motorcycle triumph            "T150" <-> "T150V"  (t150 / t150v)
  motorcycle triumph            "T150" <-> "T160"  (t150 / t160)
  motorcycle triumph            "T150T" <-> "T150V"  (t150t / t150v)
  motorcycle triumph            "T150V" <-> "T160V"  (t150v / t160v)
  motorcycle triumph            "T160" <-> "T160V"  (t160 / t160v)
  motorcycle triumph            "TF 250-E" <-> "TF 450-E"  (tf-250-e / tf-450-e)
  motorcycle triumph            "Thruxton" <-> "Thruxton-R"  (thruxton / thruxton-r)
  motorcycle triumph            "Thruxton 1200" <-> "Thruxton 1200R"  (thruxton-1200 / thruxton-1200r)
  motorcycle triumph            "Thruxton 400" <-> "Thruxton 900"  (thruxton-400 / thruxton-900)
  motorcycle triumph            "Thruxton-R" <-> "Thruxton RS"  (thruxton-r / thruxton-rs)
  motorcycle triumph            "Thunderbird 6T" <-> "Thunderbird Lt"  (thunderbird-6t / thunderbird-lt)
  motorcycle triumph            "Tiger 100" <-> "Tiger 1050"  (tiger-100 / tiger-1050)
  motorcycle triumph            "Tiger 100" <-> "Tiger 110"  (tiger-100 / tiger-110)
  motorcycle triumph            "Tiger 100" <-> "Tiger 1200"  (tiger-100 / tiger-1200)
  motorcycle triumph            "Tiger 100" <-> "Tiger 800"  (tiger-100 / tiger-800)
  motorcycle triumph            "Tiger 100" <-> "Tiger 900"  (tiger-100 / tiger-900)
  motorcycle triumph            "Tiger 100" <-> "Tiger T100"  (tiger-100 / tiger-t100)
  motorcycle triumph            "Tiger 1200XCA" <-> "Tiger 1200XCX"  (tiger-1200xca / tiger-1200xcx)
  motorcycle triumph            "Tiger 1200XCX" <-> "Tiger 1200XRX"  (tiger-1200xcx / tiger-1200xrx)
  motorcycle triumph            "Tiger 1200XRT" <-> "Tiger 1200XRX"  (tiger-1200xrt / tiger-1200xrx)
  motorcycle triumph            "Tiger 650" <-> "Tiger 660"  (tiger-650 / tiger-660)
  motorcycle triumph            "Tiger 650" <-> "Tiger 750"  (tiger-650 / tiger-750)
  motorcycle triumph            "Tiger 650" <-> "Tiger 850"  (tiger-650 / tiger-850)
  motorcycle triumph            "Tiger 750" <-> "Tiger 850"  (tiger-750 / tiger-850)
  motorcycle triumph            "Tiger 80" <-> "Tiger 800"  (tiger-80 / tiger-800)
  motorcycle triumph            "Tiger 80" <-> "Tiger 850"  (tiger-80 / tiger-850)
  motorcycle triumph            "Tiger 80" <-> "Tiger 90"  (tiger-80 / tiger-90)
  motorcycle triumph            "Tiger 800" <-> "Tiger 850"  (tiger-800 / tiger-850)
  motorcycle triumph            "Tiger 800" <-> "Tiger 900"  (tiger-800 / tiger-900)
  motorcycle triumph            "Tiger 800XC" <-> "Tiger 800XCA"  (tiger-800xc / tiger-800xca)
  motorcycle triumph            "Tiger 800XC" <-> "Tiger 800XR"  (tiger-800xc / tiger-800xr)
  motorcycle triumph            "Tiger 800XR" <-> "Tiger 800XRT"  (tiger-800xr / tiger-800xrt)
  motorcycle triumph            "Tiger 90" <-> "Tiger 900"  (tiger-90 / tiger-900)
  motorcycle triumph            "Tiger 955" <-> "Tiger 955I"  (tiger-955 / tiger-955i)
  motorcycle triumph            "Tiger Club" <-> "Tiger Cub"  (tiger-club / tiger-cub)
  motorcycle triumph            "Tiger Xca" <-> "Tiger Xcx"  (tiger-xca / tiger-xcx)
  motorcycle triumph            "Tiger Xcx" <-> "Tiger Xrx"  (tiger-xcx / tiger-xrx)
  motorcycle triumph            "Tiger Xr" <-> "Tiger Xrt"  (tiger-xr / tiger-xrt)
  motorcycle triumph            "Tiger Xr" <-> "Tiger Xrx"  (tiger-xr / tiger-xrx)
  motorcycle triumph            "Tiger Xrt" <-> "Tiger Xrx"  (tiger-xrt / tiger-xrx)
  motorcycle triumph            "TR6C" <-> "TR6P"  (tr6c / tr6p)
  motorcycle triumph            "TR6C" <-> "TR6R"  (tr6c / tr6r)
  motorcycle triumph            "TR6P" <-> "TR6R"  (tr6p / tr6r)
  motorcycle triumph            "Trident 800" <-> "Trident 900"  (trident-800 / trident-900)
  motorcycle triumph            "Trident T150" <-> "Trident T150V"  (trident-t150 / trident-t150v)
  motorcycle triumph            "Trident T150" <-> "Trident T160"  (trident-t150 / trident-t160)
  motorcycle triumph            "Trophy 1200" <-> "Trophy 1200/4"  (trophy-1200 / trophy-1200-4)
  motorcycle triumph            "Trophy 500" <-> "Trophy 900"  (trophy-500 / trophy-900)
  motorcycle triumph            "Trophy TR6C" <-> "Trophy TR6R"  (trophy-tr6c / trophy-tr6r)
  motorcycle vespa              "GT125" <-> "GTS125"  (gt125 / gts125)
  motorcycle vespa              "GT125" <-> "GTV125"  (gt125 / gtv125)
  motorcycle vespa              "GTS125" <-> "GTV125"  (gts125 / gtv125)
  motorcycle vespa              "LX125" <-> "LXV125"  (lx125 / lxv125)
  motorcycle vespa              "LX125" <-> "PX125"  (lx125 / px125)
  motorcycle vespa              "LX150" <-> "PX150"  (lx150 / px150)
  motorcycle vespa              "P200E" <-> "PX200E"  (p200e / px200e)
  motorcycle vespa              "PK125" <-> "PX125"  (pk125 / px125)
  motorcycle vespa              "Primavera 150 Iget" <-> "Primavera 150 Iget S"  (primavera-150-iget / primavera-150-iget-s)
  motorcycle vespa              "PX125" <-> "PX125E"  (px125 / px125e)
  motorcycle vespa              "PX150" <-> "PX150E"  (px150 / px150e)
  motorcycle vespa              "PX200" <-> "PX200E"  (px200 / px200e)
  motorcycle vespa              "Sprint 150 Iget" <-> "Sprint 150 Iget S"  (sprint-150-iget / sprint-150-iget-s)
  motorcycle voge               "300AC" <-> "300ACX"  (300ac / 300acx)
  motorcycle voge               "300AC" <-> "500AC"  (300ac / 500ac)
  motorcycle voge               "300DS" <-> "500DS"  (300ds / 500ds)
  motorcycle voge               "300R" <-> "500R"  (300r / 500r)
  motorcycle voge               "650DS" <-> "650DSX"  (650ds / 650dsx)
  motorcycle voge               "DS525X" <-> "DS625X"  (ds525x / ds625x)
  motorcycle voge               "DS800X" <-> "DS900X"  (ds800x / ds900x)
  motorcycle voge               "R125" <-> "R125S"  (r125 / r125s)
  motorcycle voge               "R125" <-> "R625"  (r125 / r625)
  motorcycle yamaha             "Cygnus" <-> "Cygnus X"  (cygnus / cygnus-x)
  motorcycle yamaha             "DT125" <-> "DT125E"  (dt125 / dt125e)
  motorcycle yamaha             "DT125" <-> "DT125F"  (dt125 / dt125f)
  motorcycle yamaha             "DT125" <-> "DT125R"  (dt125 / dt125r)
  motorcycle yamaha             "DT125" <-> "DT175"  (dt125 / dt175)
  motorcycle yamaha             "DT125" <-> "MT-125"  (dt125 / mt-125)
  motorcycle yamaha             "DT125" <-> "XT125"  (dt125 / xt125)
  motorcycle yamaha             "DT125E" <-> "DT125F"  (dt125e / dt125f)
  motorcycle yamaha             "DT125E" <-> "DT125R"  (dt125e / dt125r)
  motorcycle yamaha             "DT125E" <-> "DT125RE"  (dt125e / dt125re)
  motorcycle yamaha             "DT125F" <-> "DT125R"  (dt125f / dt125r)
  motorcycle yamaha             "DT125R" <-> "DT125RE"  (dt125r / dt125re)
  motorcycle yamaha             "DT125R" <-> "XT125R"  (dt125r / xt125r)
  motorcycle yamaha             "DT200" <-> "DT200R"  (dt200 / dt200r)
  motorcycle yamaha             "DT200" <-> "DT250"  (dt200 / dt250)
  motorcycle yamaha             "DT200" <-> "DT400"  (dt200 / dt400)
  motorcycle yamaha             "DT250" <-> "TT250"  (dt250 / tt250)
  motorcycle yamaha             "DT250" <-> "XT250"  (dt250 / xt250)
  motorcycle yamaha             "DT400" <-> "XT400"  (dt400 / xt400)
  motorcycle yamaha             "DT80" <-> "T80"  (dt80 / t80)
  motorcycle yamaha             "FJ09" <-> "FZ09"  (fj09 / fz09)
  motorcycle yamaha             "FJ1100" <-> "FJ1200"  (fj1100 / fj1200)
  motorcycle yamaha             "FJ1200" <-> "FJ1200A"  (fj1200 / fj1200a)
  motorcycle yamaha             "FJR1300" <-> "FJR1300A"  (fjr1300 / fjr1300a)
  motorcycle yamaha             "FJR1300" <-> "XJR1300"  (fjr1300 / xjr1300)
  motorcycle yamaha             "FJR1300A" <-> "FJR1300AE"  (fjr1300a / fjr1300ae)
  motorcycle yamaha             "FJR1300A" <-> "FJR1300AS"  (fjr1300a / fjr1300as)
  motorcycle yamaha             "FJR1300ABS" <-> "FJR1300AS"  (fjr1300abs / fjr1300as)
  motorcycle yamaha             "FJR1300AE" <-> "FJR1300AS"  (fjr1300ae / fjr1300as)
  motorcycle yamaha             "Fz-07" <-> "FZ09"  (fz-07 / fz09)
  motorcycle yamaha             "FZ1 Fazer" <-> "FZ6 Fazer"  (fz1-fazer / fz6-fazer)
  motorcycle yamaha             "FZ1-N" <-> "FZ1-S"  (fz1-n / fz1-s)
  motorcycle yamaha             "FZ1-N" <-> "FZ6-N"  (fz1-n / fz6-n)
  motorcycle yamaha             "FZ1-S" <-> "FZ1-SA"  (fz1-s / fz1-sa)
  motorcycle yamaha             "FZ1-S" <-> "FZ6-S"  (fz1-s / fz6-s)
  motorcycle yamaha             "FZ1-S" <-> "Fzs"  (fz1-s / fzs)
  motorcycle yamaha             "FZ400" <-> "FZ400R"  (fz400 / fz400r)
  motorcycle yamaha             "FZ400" <-> "FZ600"  (fz400 / fz600)
  motorcycle yamaha             "FZ400" <-> "FZR400"  (fz400 / fzr400)
  motorcycle yamaha             "FZ400" <-> "YZ400"  (fz400 / yz400)
  motorcycle yamaha             "FZ6 Fazer" <-> "FZ6-S Fazer"  (fz6-fazer / fz6-s-fazer)
  motorcycle yamaha             "FZ6-N" <-> "FZ6-S"  (fz6-n / fz6-s)
  motorcycle yamaha             "FZ6-N" <-> "FZ6R"  (fz6-n / fz6r)
  motorcycle yamaha             "FZ6-S" <-> "FZ6R"  (fz6-s / fz6r)
  motorcycle yamaha             "FZ6-S" <-> "Fzs"  (fz6-s / fzs)
  motorcycle yamaha             "FZ600" <-> "FZR600"  (fz600 / fzr600)
  motorcycle yamaha             "FZ600" <-> "FZS600"  (fz600 / fzs600)
  motorcycle yamaha             "FZ6R" <-> "Fzr"  (fz6r / fzr)
  motorcycle yamaha             "FZ750" <-> "FZR750"  (fz750 / fzr750)
  motorcycle yamaha             "FZ750" <-> "FZX750"  (fz750 / fzx750)
  motorcycle yamaha             "FZR1000" <-> "FZR1000W"  (fzr1000 / fzr1000w)
  motorcycle yamaha             "FZR1000" <-> "FZS1000"  (fzr1000 / fzs1000)
  motorcycle yamaha             "FZR250" <-> "FZR750"  (fzr250 / fzr750)
  motorcycle yamaha             "FZR250" <-> "TZR250"  (fzr250 / tzr250)
  motorcycle yamaha             "FZR400" <-> "FZR400W"  (fzr400 / fzr400w)
  motorcycle yamaha             "FZR400" <-> "FZR600"  (fzr400 / fzr600)
  motorcycle yamaha             "FZR600" <-> "FZR600R"  (fzr600 / fzr600r)
  motorcycle yamaha             "FZR600" <-> "FZS600"  (fzr600 / fzs600)
  motorcycle yamaha             "FZR750" <-> "FZX750"  (fzr750 / fzx750)
  motorcycle yamaha             "FZS600" <-> "FZS600N"  (fzs600 / fzs600n)
  motorcycle yamaha             "GTS1000" <-> "GTS1000A"  (gts1000 / gts1000a)
  motorcycle yamaha             "HW125" <-> "MW125"  (hw125 / mw125)
  motorcycle yamaha             "HW125" <-> "TW125"  (hw125 / tw125)
  motorcycle yamaha             "Maxam" <-> "Maxim"  (maxam / maxim)
  motorcycle yamaha             "MT-01" <-> "MT-03"  (mt-01 / mt-03)
  motorcycle yamaha             "MT-01" <-> "MT-07"  (mt-01 / mt-07)
  motorcycle yamaha             "MT-01" <-> "MT-09"  (mt-01 / mt-09)
  motorcycle yamaha             "MT-03" <-> "MT-07"  (mt-03 / mt-07)
  motorcycle yamaha             "MT-03" <-> "MT-09"  (mt-03 / mt-09)
  motorcycle yamaha             "MT-07" <-> "MT-09"  (mt-07 / mt-09)
  motorcycle yamaha             "MT-07 Tracer" <-> "MT-09 Tracer"  (mt-07-tracer / mt-09-tracer)
  motorcycle yamaha             "MT-09" <-> "MT-09A"  (mt-09 / mt-09a)
  motorcycle yamaha             "MT-10" <-> "MT-15"  (mt-10 / mt-15)
  motorcycle yamaha             "MT-125" <-> "MT-15"  (mt-125 / mt-15)
  motorcycle yamaha             "MT-125" <-> "MW125"  (mt-125 / mw125)
  motorcycle yamaha             "MT-125" <-> "XT125"  (mt-125 / xt125)
  motorcycle yamaha             "MT03LA" <-> "MT07LA"  (mt03la / mt07la)
  motorcycle yamaha             "MTT850" <-> "MXT850"  (mtt850 / mxt850)
  motorcycle yamaha             "MW125" <-> "TW125"  (mw125 / tw125)
  motorcycle yamaha             "MXT850" <-> "MXT850D"  (mxt850 / mxt850d)
  motorcycle yamaha             "NMAX" <-> "TMAX"  (nmax / tmax)
  motorcycle yamaha             "NMAX" <-> "VMAX"  (nmax / vmax)
  motorcycle yamaha             "NMAX" <-> "XMAX"  (nmax / xmax)
  motorcycle yamaha             "NMAX 125" <-> "Nmax 155"  (nmax-125 / nmax-155)
  motorcycle yamaha             "NMAX 125" <-> "XMAX 125"  (nmax-125 / xmax-125)
  motorcycle yamaha             "NMAX 150" <-> "Nmax 155"  (nmax-150 / nmax-155)
  motorcycle yamaha             "NXC125" <-> "XC125"  (nxc125 / xc125)
  motorcycle yamaha             "R125" <-> "RD125"  (r125 / rd125)
  motorcycle yamaha             "R125" <-> "RS125"  (r125 / rs125)
  motorcycle yamaha             "R125" <-> "SR125"  (r125 / sr125)
  motorcycle yamaha             "R125" <-> "WR125"  (r125 / wr125)
  motorcycle yamaha             "RD125" <-> "RS125"  (rd125 / rs125)
  motorcycle yamaha             "RD250" <-> "RD350"  (rd250 / rd350)
  motorcycle yamaha             "RD250LC" <-> "RD350LC"  (rd250lc / rd350lc)
  motorcycle yamaha             "RD350" <-> "RZ350"  (rd350 / rz350)
  motorcycle yamaha             "RD350LC" <-> "RD350LCF"  (rd350lc / rd350lcf)
  motorcycle yamaha             "RD400" <-> "RD400C"  (rd400 / rd400c)
  motorcycle yamaha             "RJ01" <-> "RJ02"  (rj01 / rj02)
  motorcycle yamaha             "RJ01" <-> "RJ03"  (rj01 / rj03)
  motorcycle yamaha             "RJ01" <-> "RJ05"  (rj01 / rj05)
  motorcycle yamaha             "RJ01" <-> "RJ07"  (rj01 / rj07)
  motorcycle yamaha             "RJ02" <-> "RJ03"  (rj02 / rj03)
  motorcycle yamaha             "RJ02" <-> "RJ05"  (rj02 / rj05)
  motorcycle yamaha             "RJ02" <-> "RJ07"  (rj02 / rj07)
  motorcycle yamaha             "RJ03" <-> "RJ05"  (rj03 / rj05)
  motorcycle yamaha             "RJ03" <-> "RJ07"  (rj03 / rj07)
  motorcycle yamaha             "RJ05" <-> "RJ07"  (rj05 / rj07)
  motorcycle yamaha             "RJ05" <-> "RP05"  (rj05 / rp05)
  motorcycle yamaha             "RN04" <-> "RN06"  (rn04 / rn06)
  motorcycle yamaha             "RN04" <-> "RN08"  (rn04 / rn08)
  motorcycle yamaha             "RN04" <-> "RN09"  (rn04 / rn09)
  motorcycle yamaha             "RN04" <-> "RP04"  (rn04 / rp04)
  motorcycle yamaha             "RN06" <-> "RN08"  (rn06 / rn08)
  motorcycle yamaha             "RN06" <-> "RN09"  (rn06 / rn09)
  motorcycle yamaha             "RN08" <-> "RN09"  (rn08 / rn09)
  motorcycle yamaha             "RN08" <-> "RP08"  (rn08 / rp08)
  motorcycle yamaha             "RN11" <-> "RN12"  (rn11 / rn12)
  motorcycle yamaha             "RN11" <-> "RP11"  (rn11 / rp11)
  motorcycle yamaha             "RP04" <-> "RP05"  (rp04 / rp05)
  motorcycle yamaha             "RP04" <-> "RP08"  (rp04 / rp08)
  motorcycle yamaha             "RP05" <-> "RP08"  (rp05 / rp08)
  motorcycle yamaha             "RP05" <-> "VP05"  (rp05 / vp05)
  motorcycle yamaha             "RP08" <-> "VP08"  (rp08 / vp08)
  motorcycle yamaha             "RS125" <-> "YS125"  (rs125 / ys125)
  motorcycle yamaha             "RZ500" <-> "RZV500"  (rz500 / rzv500)
  motorcycle yamaha             "RZV500" <-> "RZV500R"  (rzv500 / rzv500r)
  motorcycle yamaha             "SR125" <-> "WR125"  (sr125 / wr125)
  motorcycle yamaha             "SR125" <-> "XSR125"  (sr125 / xsr125)
  motorcycle yamaha             "SR250" <-> "SRX250"  (sr250 / srx250)
  motorcycle yamaha             "SR250" <-> "WR250"  (sr250 / wr250)
  motorcycle yamaha             "SR400" <-> "SR500"  (sr400 / sr500)
  motorcycle yamaha             "SR400" <-> "SRX400"  (sr400 / srx400)
  motorcycle yamaha             "SR400" <-> "WR400"  (sr400 / wr400)
  motorcycle yamaha             "SRX400" <-> "SRX600"  (srx400 / srx600)
  motorcycle yamaha             "SRX600" <-> "SRX600S"  (srx600 / srx600s)
  motorcycle yamaha             "TDM900" <-> "TDM900A"  (tdm900 / tdm900a)
  motorcycle yamaha             "TDR125" <-> "TZR125"  (tdr125 / tzr125)
  motorcycle yamaha             "TDR250" <-> "TTR250"  (tdr250 / ttr250)
  motorcycle yamaha             "TDR250" <-> "TXR250"  (tdr250 / txr250)
  motorcycle yamaha             "TDR250" <-> "TZR250"  (tdr250 / tzr250)
  motorcycle yamaha             "TMAX" <-> "VMAX"  (tmax / vmax)
  motorcycle yamaha             "TMAX" <-> "XMAX"  (tmax / xmax)
  motorcycle yamaha             "TMAX 500" <-> "TMAX 530"  (tmax-500 / tmax-530)
  motorcycle yamaha             "TMAX 500" <-> "TMAX 560"  (tmax-500 / tmax-560)
  motorcycle yamaha             "TMAX 530" <-> "TMAX 560"  (tmax-530 / tmax-560)
  motorcycle yamaha             "Tracer" <-> "Tracer 7"  (tracer / tracer-7)
  motorcycle yamaha             "Tracer" <-> "Tracer 9"  (tracer / tracer-9)
  motorcycle yamaha             "Tracer 7" <-> "Tracer 9"  (tracer-7 / tracer-9)
  motorcycle yamaha             "Tracer 700" <-> "Tracer 900"  (tracer-700 / tracer-900)
  motorcycle yamaha             "Tracer 7GT" <-> "Tracer 9GT"  (tracer-7gt / tracer-9gt)
  motorcycle yamaha             "Tricity 125" <-> "Tricity 155"  (tricity-125 / tricity-155)
  motorcycle yamaha             "TT250" <-> "TT250R"  (tt250 / tt250r)
  motorcycle yamaha             "TT250" <-> "TT350"  (tt250 / tt350)
  motorcycle yamaha             "TT250" <-> "TTR250"  (tt250 / ttr250)
  motorcycle yamaha             "TT250" <-> "TY250"  (tt250 / ty250)
  motorcycle yamaha             "TT250" <-> "XT250"  (tt250 / xt250)
  motorcycle yamaha             "TT350" <-> "XT350"  (tt350 / xt350)
  motorcycle yamaha             "TT500" <-> "TT600"  (tt500 / tt600)
  motorcycle yamaha             "TT500" <-> "TX500"  (tt500 / tx500)
  motorcycle yamaha             "TT500" <-> "XT500"  (tt500 / xt500)
  motorcycle yamaha             "TT600" <-> "TT600E"  (tt600 / tt600e)
  motorcycle yamaha             "TT600" <-> "TT600R"  (tt600 / tt600r)
  motorcycle yamaha             "TT600" <-> "TTR600"  (tt600 / ttr600)
  motorcycle yamaha             "TT600" <-> "XT600"  (tt600 / xt600)
  motorcycle yamaha             "TT600E" <-> "TT600R"  (tt600e / tt600r)
  motorcycle yamaha             "TT600E" <-> "TT600RE"  (tt600e / tt600re)
  motorcycle yamaha             "TT600E" <-> "XT600E"  (tt600e / xt600e)
  motorcycle yamaha             "TT600R" <-> "TT600RE"  (tt600r / tt600re)
  motorcycle yamaha             "TTR250" <-> "TXR250"  (ttr250 / txr250)
  motorcycle yamaha             "TTR250" <-> "TZR250"  (ttr250 / tzr250)
  motorcycle yamaha             "TW125" <-> "TW225"  (tw125 / tw225)
  motorcycle yamaha             "TW125" <-> "TY125"  (tw125 / ty125)
  motorcycle yamaha             "TW225" <-> "TW225E"  (tw225 / tw225e)
  motorcycle yamaha             "TX650" <-> "TX650A"  (tx650 / tx650a)
  motorcycle yamaha             "TXR250" <-> "TZR250"  (txr250 / tzr250)
  motorcycle yamaha             "TZR250" <-> "TZR250R"  (tzr250 / tzr250r)
  motorcycle yamaha             "Ventura" <-> "Venture"  (ventura / venture)
  motorcycle yamaha             "VM02" <-> "VM03"  (vm02 / vm03)
  motorcycle yamaha             "VMAX" <-> "Vmx"  (vmax / vmx)
  motorcycle yamaha             "VMAX" <-> "XMAX"  (vmax / xmax)
  motorcycle yamaha             "VMAX 1200" <-> "Vmax 1700"  (vmax-1200 / vmax-1700)
  motorcycle yamaha             "VMAX 1200" <-> "VMX1200"  (vmax-1200 / vmx1200)
  motorcycle yamaha             "Vmax 1700" <-> "VMX1700"  (vmax-1700 / vmx1700)
  motorcycle yamaha             "VMX12" <-> "VMX17"  (vmx12 / vmx17)
  motorcycle yamaha             "VMX1200" <-> "VMX1200K"  (vmx1200 / vmx1200k)
  motorcycle yamaha             "VMX1200" <-> "VMX1700"  (vmx1200 / vmx1700)
  motorcycle yamaha             "VP05" <-> "VP08"  (vp05 / vp08)
  motorcycle yamaha             "WR125" <-> "WR125-A"  (wr125 / wr125-a)
  motorcycle yamaha             "WR125" <-> "WR125R"  (wr125 / wr125r)
  motorcycle yamaha             "WR125" <-> "WR125X"  (wr125 / wr125x)
  motorcycle yamaha             "WR125-A" <-> "WR125R"  (wr125-a / wr125r)
  motorcycle yamaha             "WR125-A" <-> "WR125X"  (wr125-a / wr125x)
  motorcycle yamaha             "WR125R" <-> "WR125X"  (wr125r / wr125x)
  motorcycle yamaha             "WR125R" <-> "WR155R"  (wr125r / wr155r)
  motorcycle yamaha             "WR250" <-> "WR250F"  (wr250 / wr250f)
  motorcycle yamaha             "WR250" <-> "WR250R"  (wr250 / wr250r)
  motorcycle yamaha             "WR250" <-> "WR250X"  (wr250 / wr250x)
  motorcycle yamaha             "WR250" <-> "WR450"  (wr250 / wr450)
  motorcycle yamaha             "WR250F" <-> "WR250R"  (wr250f / wr250r)
  motorcycle yamaha             "WR250F" <-> "WR250X"  (wr250f / wr250x)
  motorcycle yamaha             "WR250F" <-> "WR450F"  (wr250f / wr450f)
  motorcycle yamaha             "WR250R" <-> "WR250X"  (wr250r / wr250x)
  motorcycle yamaha             "WR400" <-> "WR400F"  (wr400 / wr400f)
  motorcycle yamaha             "WR400" <-> "WR450"  (wr400 / wr450)
  motorcycle yamaha             "WR400F" <-> "WR450F"  (wr400f / wr450f)
  motorcycle yamaha             "WR450" <-> "WR450F"  (wr450 / wr450f)
  motorcycle yamaha             "XC115" <-> "XC115S"  (xc115 / xc115s)
  motorcycle yamaha             "XC115" <-> "XC125"  (xc115 / xc125)
  motorcycle yamaha             "XC125" <-> "XT125"  (xc125 / xt125)
  motorcycle yamaha             "XC125" <-> "XV125"  (xc125 / xv125)
  motorcycle yamaha             "XG250" <-> "XS250"  (xg250 / xs250)
  motorcycle yamaha             "XG250" <-> "XT250"  (xg250 / xt250)
  motorcycle yamaha             "XG250" <-> "XV250"  (xg250 / xv250)
  motorcycle yamaha             "XJ400" <-> "XJ600"  (xj400 / xj600)
  motorcycle yamaha             "XJ400" <-> "XJ700"  (xj400 / xj700)
  motorcycle yamaha             "XJ400" <-> "XJ900"  (xj400 / xj900)
  motorcycle yamaha             "XJ400" <-> "XS400"  (xj400 / xs400)
  motorcycle yamaha             "XJ400" <-> "XT400"  (xj400 / xt400)
  motorcycle yamaha             "XJ400" <-> "XV400"  (xj400 / xv400)
  motorcycle yamaha             "XJ550" <-> "XJ650"  (xj550 / xj650)
  motorcycle yamaha             "XJ550" <-> "XJ750"  (xj550 / xj750)
  motorcycle yamaha             "XJ550" <-> "XT550"  (xj550 / xt550)
  motorcycle yamaha             "XJ550" <-> "XZ550"  (xj550 / xz550)
  motorcycle yamaha             "XJ550 Maxim" <-> "XJ650 Maxim"  (xj550-maxim / xj650-maxim)
  motorcycle yamaha             "XJ600" <-> "XJ600L"  (xj600 / xj600l)
  motorcycle yamaha             "XJ600" <-> "XJ600N"  (xj600 / xj600n)
  motorcycle yamaha             "XJ600" <-> "XJ600S"  (xj600 / xj600s)
  motorcycle yamaha             "XJ600" <-> "XJ650"  (xj600 / xj650)
  motorcycle yamaha             "XJ600" <-> "XJ700"  (xj600 / xj700)
  motorcycle yamaha             "XJ600" <-> "XJ900"  (xj600 / xj900)
  motorcycle yamaha             "XJ600" <-> "XT600"  (xj600 / xt600)
  motorcycle yamaha             "XJ600L" <-> "XJ600N"  (xj600l / xj600n)
  motorcycle yamaha             "XJ600L" <-> "XJ600S"  (xj600l / xj600s)
  motorcycle yamaha             "XJ600N" <-> "XJ600S"  (xj600n / xj600s)
  motorcycle yamaha             "XJ600N" <-> "XJ900N"  (xj600n / xj900n)
  motorcycle yamaha             "XJ600S" <-> "XJ600SH"  (xj600s / xj600sh)
  motorcycle yamaha             "XJ600S" <-> "XJ700S"  (xj600s / xj700s)
  motorcycle yamaha             "XJ600S" <-> "XJ900S"  (xj600s / xj900s)
  motorcycle yamaha             "XJ650" <-> "XJ750"  (xj650 / xj750)
  motorcycle yamaha             "XJ650" <-> "XS650"  (xj650 / xs650)
  motorcycle yamaha             "XJ650 Special" <-> "XS650 Special"  (xj650-special / xs650-special)
  motorcycle yamaha             "XJ6N" <-> "XJ6NA"  (xj6n / xj6na)
  motorcycle yamaha             "XJ6N" <-> "XJ6S"  (xj6n / xj6s)
  motorcycle yamaha             "XJ700" <-> "XJ700S"  (xj700 / xj700s)
  motorcycle yamaha             "XJ700" <-> "XJ700X"  (xj700 / xj700x)
  motorcycle yamaha             "XJ700" <-> "XJ750"  (xj700 / xj750)
  motorcycle yamaha             "XJ700" <-> "XJ900"  (xj700 / xj900)
  motorcycle yamaha             "XJ700S" <-> "XJ700X"  (xj700s / xj700x)
  motorcycle yamaha             "XJ700S" <-> "XJ900S"  (xj700s / xj900s)
  motorcycle yamaha             "XJ700X" <-> "XJ750X"  (xj700x / xj750x)
  motorcycle yamaha             "XJ750" <-> "XJ750X"  (xj750 / xj750x)
  motorcycle yamaha             "XJ750" <-> "XS750"  (xj750 / xs750)
  motorcycle yamaha             "XJ750" <-> "XV750"  (xj750 / xv750)
  motorcycle yamaha             "XJ900" <-> "XJ900F"  (xj900 / xj900f)
  motorcycle yamaha             "XJ900" <-> "XJ900N"  (xj900 / xj900n)
  motorcycle yamaha             "XJ900" <-> "XJ900S"  (xj900 / xj900s)
  motorcycle yamaha             "XJ900F" <-> "XJ900N"  (xj900f / xj900n)
  motorcycle yamaha             "XJ900F" <-> "XJ900S"  (xj900f / xj900s)
  motorcycle yamaha             "XJ900N" <-> "XJ900S"  (xj900n / xj900s)
  motorcycle yamaha             "XJR1200" <-> "XJR1300"  (xjr1200 / xjr1300)
  motorcycle yamaha             "XMAX 300" <-> "XMAX 400"  (xmax-300 / xmax-400)
  motorcycle yamaha             "XS1 650" <-> "XS650"  (xs1-650 / xs650)
  motorcycle yamaha             "XS1100" <-> "XV1100"  (xs1100 / xv1100)
  motorcycle yamaha             "XS1100" <-> "XVS1100"  (xs1100 / xvs1100)
  motorcycle yamaha             "XS250" <-> "XS650"  (xs250 / xs650)
  motorcycle yamaha             "XS250" <-> "XS750"  (xs250 / xs750)
  motorcycle yamaha             "XS250" <-> "XS850"  (xs250 / xs850)
  motorcycle yamaha             "XS250" <-> "XT250"  (xs250 / xt250)
  motorcycle yamaha             "XS250" <-> "XV250"  (xs250 / xv250)
  motorcycle yamaha             "XS250" <-> "XVS250"  (xs250 / xvs250)
  motorcycle yamaha             "XS400" <-> "XT400"  (xs400 / xt400)
  motorcycle yamaha             "XS400" <-> "XV400"  (xs400 / xv400)
  motorcycle yamaha             "XS650" <-> "XS650C"  (xs650 / xs650c)
  motorcycle yamaha             "XS650" <-> "XS650D"  (xs650 / xs650d)
  motorcycle yamaha             "XS650" <-> "XS650G"  (xs650 / xs650g)
  motorcycle yamaha             "XS650" <-> "XS750"  (xs650 / xs750)
  motorcycle yamaha             "XS650" <-> "XS850"  (xs650 / xs850)
  motorcycle yamaha             "XS650" <-> "XVS650"  (xs650 / xvs650)
  motorcycle yamaha             "XS650C" <-> "XS650D"  (xs650c / xs650d)
  motorcycle yamaha             "XS650C" <-> "XS650G"  (xs650c / xs650g)
  motorcycle yamaha             "XS650C" <-> "XS750C"  (xs650c / xs750c)
  motorcycle yamaha             "XS650D" <-> "XS650G"  (xs650d / xs650g)
  motorcycle yamaha             "XS650SE" <-> "XS650SF"  (xs650se / xs650sf)
  motorcycle yamaha             "XS750" <-> "XS750C"  (xs750 / xs750c)
  motorcycle yamaha             "XS750" <-> "XS850"  (xs750 / xs850)
  motorcycle yamaha             "XS750" <-> "XV750"  (xs750 / xv750)
  motorcycle yamaha             "XSR125" <-> "XSR155"  (xsr125 / xsr155)
  motorcycle yamaha             "XSR700" <-> "XSR900"  (xsr700 / xsr900)
  motorcycle yamaha             "XT1200" <-> "XT1200Z"  (xt1200 / xt1200z)
  motorcycle yamaha             "XT1200Z" <-> "XT1200ZE"  (xt1200z / xt1200ze)
  motorcycle yamaha             "XT125" <-> "XT125R"  (xt125 / xt125r)
  motorcycle yamaha             "XT125" <-> "XT125X"  (xt125 / xt125x)
  motorcycle yamaha             "XT125" <-> "XT225"  (xt125 / xt225)
  motorcycle yamaha             "XT125" <-> "XV125"  (xt125 / xv125)
  motorcycle yamaha             "XT125R" <-> "XT125X"  (xt125r / xt125x)
  motorcycle yamaha             "XT250" <-> "XT350"  (xt250 / xt350)
  motorcycle yamaha             "XT250" <-> "XT550"  (xt250 / xt550)
  motorcycle yamaha             "XT250" <-> "XV250"  (xt250 / xv250)
  motorcycle yamaha             "XT350" <-> "XT550"  (xt350 / xt550)
  motorcycle yamaha             "XT400" <-> "XT500"  (xt400 / xt500)
  motorcycle yamaha             "XT400" <-> "XT600"  (xt400 / xt600)
  motorcycle yamaha             "XT400" <-> "XV400"  (xt400 / xv400)
  motorcycle yamaha             "XT500" <-> "XT550"  (xt500 / xt550)
  motorcycle yamaha             "XT500" <-> "XT600"  (xt500 / xt600)
  motorcycle yamaha             "XT500" <-> "XV500"  (xt500 / xv500)
  motorcycle yamaha             "XT550" <-> "XZ550"  (xt550 / xz550)
  motorcycle yamaha             "XT600" <-> "XT600E"  (xt600 / xt600e)
  motorcycle yamaha             "XT600" <-> "XT600U"  (xt600 / xt600u)
  motorcycle yamaha             "XT600" <-> "XT600Z"  (xt600 / xt600z)
  motorcycle yamaha             "XT600" <-> "XT660"  (xt600 / xt660)
  motorcycle yamaha             "XT600E" <-> "XT600EA"  (xt600e / xt600ea)
  motorcycle yamaha             "XT600E" <-> "XT600U"  (xt600e / xt600u)
  motorcycle yamaha             "XT600E" <-> "XT600Z"  (xt600e / xt600z)
  motorcycle yamaha             "XT600U" <-> "XT600Z"  (xt600u / xt600z)
  motorcycle yamaha             "XT600Z" <-> "XT660Z"  (xt600z / xt660z)
  motorcycle yamaha             "XT600Z Tenere" <-> "XT660Z Tenere"  (xt600z-tenere / xt660z-tenere)
  motorcycle yamaha             "XT660" <-> "XT660R"  (xt660 / xt660r)
  motorcycle yamaha             "XT660" <-> "XT660X"  (xt660 / xt660x)
  motorcycle yamaha             "XT660" <-> "XT660Z"  (xt660 / xt660z)
  motorcycle yamaha             "XT660" <-> "XTZ660"  (xt660 / xtz660)
  motorcycle yamaha             "XT660R" <-> "XT660X"  (xt660r / xt660x)
  motorcycle yamaha             "XT660R" <-> "XT660Z"  (xt660r / xt660z)
  motorcycle yamaha             "XT660X" <-> "XT660Z"  (xt660x / xt660z)
  motorcycle yamaha             "XT660Z" <-> "XT660ZA"  (xt660z / xt660za)
  motorcycle yamaha             "Xv S650H" <-> "XVS650"  (xv-s650h / xvs650)
  motorcycle yamaha             "Xv S650H" <-> "XVS650A"  (xv-s650h / xvs650a)
  motorcycle yamaha             "Xv S650H" <-> "XVS650N"  (xv-s650h / xvs650n)
  motorcycle yamaha             "XV1000" <-> "XV1100"  (xv1000 / xv1100)
  motorcycle yamaha             "XV1000" <-> "XV1600"  (xv1000 / xv1600)
  motorcycle yamaha             "XV1000" <-> "XV1700"  (xv1000 / xv1700)
  motorcycle yamaha             "XV1000" <-> "XV1900"  (xv1000 / xv1900)
  motorcycle yamaha             "XV1000 Virago" <-> "XV1100 Virago"  (xv1000-virago / xv1100-virago)
  motorcycle yamaha             "XV1100" <-> "XV1600"  (xv1100 / xv1600)
  motorcycle yamaha             "XV1100" <-> "XV1700"  (xv1100 / xv1700)
  motorcycle yamaha             "XV1100" <-> "XV1900"  (xv1100 / xv1900)
  motorcycle yamaha             "XV1100" <-> "XVS1100"  (xv1100 / xvs1100)
  motorcycle yamaha             "XV125" <-> "XVS125"  (xv125 / xvs125)
  motorcycle yamaha             "XV1600" <-> "XV1600A"  (xv1600 / xv1600a)
  motorcycle yamaha             "XV1600" <-> "XV1700"  (xv1600 / xv1700)
  motorcycle yamaha             "XV1600" <-> "XV1900"  (xv1600 / xv1900)
  motorcycle yamaha             "XV1600 Wild Star" <-> "XV1600A Wildstar"  (xv1600-wild-star / xv1600a-wildstar)
  motorcycle yamaha             "XV1600A" <-> "XV1600AL"  (xv1600a / xv1600al)
  motorcycle yamaha             "XV1600A" <-> "XV1900A"  (xv1600a / xv1900a)
  motorcycle yamaha             "XV1700" <-> "XV1900"  (xv1700 / xv1900)
  motorcycle yamaha             "XV1900" <-> "XV1900A"  (xv1900 / xv1900a)
  motorcycle yamaha             "XV250" <-> "XV750"  (xv250 / xv750)
  motorcycle yamaha             "XV250" <-> "XVS250"  (xv250 / xvs250)
  motorcycle yamaha             "XV250 Virago" <-> "XV750 Virago"  (xv250-virago / xv750-virago)
  motorcycle yamaha             "XV400" <-> "XV500"  (xv400 / xv500)
  motorcycle yamaha             "XV535" <-> "XV535E"  (xv535 / xv535e)
  motorcycle yamaha             "XV700 Virago" <-> "XV750 Virago"  (xv700-virago / xv750-virago)
  motorcycle yamaha             "XV750" <-> "XV750J"  (xv750 / xv750j)
  motorcycle yamaha             "XV750SE" <-> "XV750SP"  (xv750se / xv750sp)
  motorcycle yamaha             "XVS1100" <-> "XVS1100A"  (xvs1100 / xvs1100a)
  motorcycle yamaha             "XVS1100" <-> "XVS1300"  (xvs1100 / xvs1300)
  motorcycle yamaha             "XVS1100 DragStar" <-> "XVS1100A DragStar"  (xvs1100-dragstar / xvs1100a-dragstar)
  motorcycle yamaha             "XVS1100A" <-> "XVS1300A"  (xvs1100a / xvs1300a)
  motorcycle yamaha             "XVS1300" <-> "XVS1300A"  (xvs1300 / xvs1300a)
  motorcycle yamaha             "XVS1300" <-> "XVT1300"  (xvs1300 / xvt1300)
  motorcycle yamaha             "XVS1300" <-> "XVZ1300"  (xvs1300 / xvz1300)
  motorcycle yamaha             "XVS1300A" <-> "XVZ1300A"  (xvs1300a / xvz1300a)
  motorcycle yamaha             "XVS1300CT" <-> "XVS1300CU"  (xvs1300ct / xvs1300cu)
  motorcycle yamaha             "XVS250" <-> "XVS650"  (xvs250 / xvs650)
  motorcycle yamaha             "XVS250" <-> "XVS950"  (xvs250 / xvs950)
  motorcycle yamaha             "XVS650" <-> "XVS650A"  (xvs650 / xvs650a)
  motorcycle yamaha             "XVS650" <-> "XVS650N"  (xvs650 / xvs650n)
  motorcycle yamaha             "XVS650" <-> "XVS65A"  (xvs650 / xvs65a)
  motorcycle yamaha             "XVS650" <-> "XVS950"  (xvs650 / xvs950)
  motorcycle yamaha             "XVS650 DragStar" <-> "XVS650A DragStar"  (xvs650-dragstar / xvs650a-dragstar)
  motorcycle yamaha             "XVS650A" <-> "XVS650N"  (xvs650a / xvs650n)
  motorcycle yamaha             "XVS650A" <-> "XVS65A"  (xvs650a / xvs65a)
  motorcycle yamaha             "XVS650A" <-> "XVS950A"  (xvs650a / xvs950a)
  motorcycle yamaha             "XVS950" <-> "XVS950A"  (xvs950 / xvs950a)
  motorcycle yamaha             "XVT1300" <-> "XVZ1300"  (xvt1300 / xvz1300)
  motorcycle yamaha             "XVZ1300" <-> "XVZ1300A"  (xvz1300 / xvz1300a)
  motorcycle yamaha             "XVZ1300 Royal Star" <-> "XVZ1300A Royal Star"  (xvz1300-royal-star / xvz1300a-royal-star)
  motorcycle yamaha             "XVZ1300A" <-> "XVZ1300AJ"  (xvz1300a / xvz1300aj)
  motorcycle yamaha             "YB100" <-> "YN100"  (yb100 / yn100)
  motorcycle yamaha             "YB100" <-> "YQ100"  (yb100 / yq100)
  motorcycle yamaha             "YB125" <-> "YBR125"  (yb125 / ybr125)
  motorcycle yamaha             "YB125" <-> "YP125"  (yb125 / yp125)
  motorcycle yamaha             "YB125" <-> "YS125"  (yb125 / ys125)
  motorcycle yamaha             "YB125" <-> "YZ125"  (yb125 / yz125)
  motorcycle yamaha             "YDS3" <-> "YDS5"  (yds3 / yds5)
  motorcycle yamaha             "YN100" <-> "YQ100"  (yn100 / yq100)
  motorcycle yamaha             "YP125" <-> "YP125E"  (yp125 / yp125e)
  motorcycle yamaha             "YP125" <-> "YP125R"  (yp125 / yp125r)
  motorcycle yamaha             "YP125" <-> "YS125"  (yp125 / ys125)
  motorcycle yamaha             "YP125" <-> "YZ125"  (yp125 / yz125)
  motorcycle yamaha             "YP125E" <-> "YP125R"  (yp125e / yp125r)
  motorcycle yamaha             "YP250" <-> "YP250R"  (yp250 / yp250r)
  motorcycle yamaha             "YP250" <-> "YZ250"  (yp250 / yz250)
  motorcycle yamaha             "YP400" <-> "YZ400"  (yp400 / yz400)
  motorcycle yamaha             "YS125" <-> "YZ125"  (ys125 / yz125)
  motorcycle yamaha             "YSR50" <-> "YSR80"  (ysr50 / ysr80)
  motorcycle yamaha             "YZF-R1" <-> "YZF-R15"  (yzf-r1 / yzf-r15)
  motorcycle yamaha             "YZF-R1" <-> "YZF-R1C"  (yzf-r1 / yzf-r1c)
  motorcycle yamaha             "YZF-R1" <-> "YZF-R1M"  (yzf-r1 / yzf-r1m)
  motorcycle yamaha             "YZF-R1" <-> "YZF-R3"  (yzf-r1 / yzf-r3)
  motorcycle yamaha             "YZF-R1" <-> "YZF-R6"  (yzf-r1 / yzf-r6)
  motorcycle yamaha             "YZF-R1" <-> "YZF-R7"  (yzf-r1 / yzf-r7)
  motorcycle yamaha             "YZF-R1" <-> "YZF-R9"  (yzf-r1 / yzf-r9)
  motorcycle yamaha             "YZF-R125" <-> "YZF-R15"  (yzf-r125 / yzf-r15)
  motorcycle yamaha             "YZF-R15" <-> "YZF-R1C"  (yzf-r15 / yzf-r1c)
  motorcycle yamaha             "YZF-R15" <-> "YZF-R1M"  (yzf-r15 / yzf-r1m)
  motorcycle yamaha             "YZF-R1C" <-> "YZF-R1M"  (yzf-r1c / yzf-r1m)
  motorcycle yamaha             "YZF-R3" <-> "YZF-R6"  (yzf-r3 / yzf-r6)
  motorcycle yamaha             "YZF-R3" <-> "YZF-R7"  (yzf-r3 / yzf-r7)
  motorcycle yamaha             "YZF-R3" <-> "YZF-R9"  (yzf-r3 / yzf-r9)
  motorcycle yamaha             "YZF-R6" <-> "YZF-R6L"  (yzf-r6 / yzf-r6l)
  motorcycle yamaha             "YZF-R6" <-> "YZF-R6R"  (yzf-r6 / yzf-r6r)
  motorcycle yamaha             "YZF-R6" <-> "YZF-R6S"  (yzf-r6 / yzf-r6s)
  motorcycle yamaha             "YZF-R6" <-> "YZF-R7"  (yzf-r6 / yzf-r7)
  motorcycle yamaha             "YZF-R6" <-> "YZF-R9"  (yzf-r6 / yzf-r9)
  motorcycle yamaha             "YZF-R6L" <-> "YZF-R6R"  (yzf-r6l / yzf-r6r)
  motorcycle yamaha             "YZF-R6L" <-> "YZF-R6S"  (yzf-r6l / yzf-r6s)
  motorcycle yamaha             "YZF-R6R" <-> "YZF-R6S"  (yzf-r6r / yzf-r6s)
  motorcycle yamaha             "YZF-R7" <-> "YZF-R9"  (yzf-r7 / yzf-r9)
  motorcycle yamaha             "YZF600" <-> "YZF600R"  (yzf600 / yzf600r)
  motorcycle yamaha             "YZF600R" <-> "YZF600RH"  (yzf600r / yzf600rh)
  motorcycle yamaha             "YZF600R" <-> "YZF600RJ"  (yzf600r / yzf600rj)
  motorcycle yamaha             "YZF600R" <-> "YZF600RK"  (yzf600r / yzf600rk)
  motorcycle yamaha             "YZF600R" <-> "YZF600RL"  (yzf600r / yzf600rl)
  motorcycle yamaha             "YZF600RH" <-> "YZF600RJ"  (yzf600rh / yzf600rj)
  motorcycle yamaha             "YZF600RH" <-> "YZF600RK"  (yzf600rh / yzf600rk)
  motorcycle yamaha             "YZF600RH" <-> "YZF600RL"  (yzf600rh / yzf600rl)
  motorcycle yamaha             "YZF600RJ" <-> "YZF600RK"  (yzf600rj / yzf600rk)
  motorcycle yamaha             "YZF600RJ" <-> "YZF600RL"  (yzf600rj / yzf600rl)
  motorcycle yamaha             "YZF600RK" <-> "YZF600RL"  (yzf600rk / yzf600rl)
  motorcycle yamaha             "YZF750" <-> "YZF750R"  (yzf750 / yzf750r)
  motorcycle zero-motorcycles   "DS ZF14.4 11KW" <-> "S ZF14.4 11KW"  (ds-zf14-4-11kw / s-zf14-4-11kw)
  motorcycle zero-motorcycles   "DS11KW ZF14.4" <-> "S11KW ZF14.4"  (ds11kw-zf14-4 / s11kw-zf14-4)
  motorcycle zero-motorcycles   "DS15.6" <-> "DSR15.6"  (ds15-6 / dsr15-6)
  motorcycle zero-motorcycles   "DS15.6" <-> "S15.6"  (ds15-6 / s15-6)
  motorcycle zero-motorcycles   "DSR ZF13.0" <-> "SR ZF13.0"  (dsr-zf13-0 / sr-zf13-0)
  motorcycle zero-motorcycles   "Fx ZF7.2" <-> "Fxe ZF7.2"  (fx-zf7-2 / fxe-zf7-2)
  motorcycle zero-motorcycles   "S ZF11.4" <-> "S ZF14.4"  (s-zf11-4 / s-zf14-4)
  motorcycle zero-motorcycles   "S ZF13.0" <-> "SR ZF13.0"  (s-zf13-0 / sr-zf13-0)
  motorcycle zero-motorcycles   "Sr/F ZF14.4" <-> "SR/S ZF14.4"  (sr-f-zf14-4 / sr-s-zf14-4)
  motorcycle zero-motorcycles   "SR/F ZF14.4 Premium" <-> "SR/S ZF14.4 Premium"  (sr-f-zf14-4-premium / sr-s-zf14-4-premium)
  motorcycle zero-motorcycles   "SR/F17.3" <-> "SR/S17.3"  (sr-f17-3 / sr-s17-3)
  motorcycle zontes             "125C" <-> "125C2"  (125c / 125c2)
  motorcycle zontes             "125C" <-> "125E"  (125c / 125e)
  motorcycle zontes             "125C" <-> "125X"  (125c / 125x)
  motorcycle zontes             "125E" <-> "125X"  (125e / 125x)
  motorcycle zontes             "350D" <-> "350E"  (350d / 350e)
  motorcycle zontes             "368E" <-> "368G"  (368e / 368g)
  motorcycle zontes             "368E" <-> "368K"  (368e / 368k)
  motorcycle zontes             "368G" <-> "368K"  (368g / 368k)
  motorcycle zontes             "R310" <-> "T310"  (r310 / t310)
  motorcycle zontes             "R310" <-> "V310"  (r310 / v310)
  motorcycle zontes             "R310" <-> "X310"  (r310 / x310)
  motorcycle zontes             "T310" <-> "V310"  (t310 / v310)
  motorcycle zontes             "T310" <-> "X310"  (t310 / x310)
  motorcycle zontes             "T310" <-> "ZT310"  (t310 / zt310)
  motorcycle zontes             "V310" <-> "X310"  (v310 / x310)
  motorcycle zontes             "ZT125" <-> "ZT125-U"  (zt125 / zt125-u)
  motorcycle zontes             "ZT125-G1" <-> "ZT125-U1"  (zt125-g1 / zt125-u1)
  motorcycle zontes             "ZT125-U" <-> "ZT125-U1"  (zt125-u / zt125-u1)
  motorcycle zontes             "ZT310" <-> "ZT310-R"  (zt310 / zt310-r)
  motorcycle zontes             "ZT310" <-> "ZT310-V"  (zt310 / zt310-v)
  motorcycle zontes             "ZT310-R" <-> "ZT310-V"  (zt310-r / zt310-v)
  motorcycle zundapp            "KS50" <-> "KS750"  (ks50 / ks750)
  motorcycle zundapp            "KS50" <-> "KS80"  (ks50 / ks80)
  truck chevrolet          "1500" <-> "2500"  (1500 / 2500)
  truck chevrolet          "1500" <-> "3500"  (1500 / 3500)
  truck chevrolet          "2500" <-> "3500"  (2500 / 3500)
  truck chevrolet          "2500" <-> "G2500"  (2500 / g2500)
  truck chevrolet          "2500" <-> "K2500"  (2500 / k2500)
  truck chevrolet          "3500" <-> "3800"  (3500 / 3800)
  truck chevrolet          "3500" <-> "C-3500"  (3500 / c-3500)
  truck chevrolet          "3500" <-> "G3500"  (3500 / g3500)
  truck chevrolet          "3500" <-> "K3500"  (3500 / k3500)
  truck chevrolet          "C-3500" <-> "G3500"  (c-3500 / g3500)
  truck chevrolet          "C-3500" <-> "K3500"  (c-3500 / k3500)
  truck chevrolet          "G2500" <-> "G3500"  (g2500 / g3500)
  truck chevrolet          "G2500" <-> "K2500"  (g2500 / k2500)
  truck chevrolet          "G3500" <-> "K3500"  (g3500 / k3500)
  truck chevrolet          "K2500" <-> "K3500"  (k2500 / k3500)
  truck citroen            "E.jumper" <-> "Jumper"  (e-jumper / jumper)
  truck daf                "1600" <-> "1700"  (1600 / 1700)
  truck daf                "2300" <-> "2500"  (2300 / 2500)
  truck daf                "CF65" <-> "CF75"  (cf65 / cf75)
  truck daf                "CF65" <-> "CF85"  (cf65 / cf85)
  truck daf                "CF75" <-> "CF85"  (cf75 / cf85)
  truck daf                "LF45" <-> "LF55"  (lf45 / lf55)
  truck demag              "AC100" <-> "AC120"  (ac100 / ac120)
  truck demag              "AC100" <-> "AC160"  (ac100 / ac160)
  truck demag              "AC100" <-> "AC500"  (ac100 / ac500)
  truck demag              "AC120" <-> "AC160"  (ac120 / ac160)
  truck demag              "AC40" <-> "AC50"  (ac40 / ac50)
  truck demag              "AC50" <-> "AC500"  (ac50 / ac500)
  truck dodge              "2500" <-> "3500"  (2500 / 3500)
  truck dodge              "2500" <-> "D500"  (2500 / d500)
  truck dodge              "3500" <-> "D500"  (3500 / d500)
  truck dodge              "D200" <-> "D250"  (d200 / d250)
  truck dodge              "D200" <-> "D500"  (d200 / d500)
  truck dodge              "D250" <-> "D350"  (d250 / d350)
  truck dodge              "D250" <-> "W250"  (d250 / w250)
  truck dodge              "D350" <-> "W350"  (d350 / w350)
  truck dodge              "W250" <-> "W350"  (w250 / w350)
  truck ford               "E-350" <-> "E-450"  (e-350 / e-450)
  truck ford               "E-350" <-> "E250"  (e-350 / e250)
  truck ford               "E-350" <-> "F-350"  (e-350 / f-350)
  truck ford               "E-450" <-> "E250"  (e-450 / e250)
  truck ford               "E-450" <-> "F-450"  (e-450 / f-450)
  truck ford               "E250" <-> "F-250"  (e250 / f-250)
  truck ford               "F-150" <-> "F-250"  (f-150 / f-250)
  truck ford               "F-150" <-> "F-350"  (f-150 / f-350)
  truck ford               "F-150" <-> "F-450"  (f-150 / f-450)
  truck ford               "F-150" <-> "F550"  (f-150 / f550)
  truck ford               "F-250" <-> "F-350"  (f-250 / f-350)
  truck ford               "F-250" <-> "F-450"  (f-250 / f-450)
  truck ford               "F-250" <-> "F550"  (f-250 / f550)
  truck ford               "F-350" <-> "F-450"  (f-350 / f-450)
  truck ford               "F-350" <-> "F550"  (f-350 / f550)
  truck ford               "F-450" <-> "F550"  (f-450 / f550)
  truck ford               "F-600" <-> "F700"  (f-600 / f700)
  truck ford               "F-600" <-> "F800"  (f-600 / f800)
  truck ford               "F700" <-> "F800"  (f700 / f800)
  truck ford               "F700" <-> "K700"  (f700 / k700)
  truck gmc                "2500" <-> "3500"  (2500 / 3500)
  truck gmc                "2500" <-> "K2500"  (2500 / k2500)
  truck iveco              "190E" <-> "190EL"  (190e / 190el)
  truck iveco              "S-Way" <-> "T-Way"  (s-way / t-way)
  truck iveco              "S-Way" <-> "X-Way"  (s-way / x-way)
  truck iveco              "T-Way" <-> "X-Way"  (t-way / x-way)
  truck jcb                "6TFT" <-> "6TST"  (6tft / 6tst)
  truck jcb                "6TFT" <-> "9TFT"  (6tft / 9tft)
  truck kenworth           "W900" <-> "W900B"  (w900 / w900b)
  truck kenworth           "W900" <-> "W900L"  (w900 / w900l)
  truck kenworth           "W900B" <-> "W900L"  (w900b / w900l)
  truck man                "Etgs" <-> "Etgx"  (etgs / etgx)
  truck man                "Etgs" <-> "TGS"  (etgs / tgs)
  truck man                "Etgx" <-> "TGX"  (etgx / tgx)
  truck man                "L200" <-> "L2000"  (l200 / l2000)
  truck man                "LE12" <-> "LE14"  (le12 / le14)
  truck mercedes-benz      "1013" <-> "1017"  (1013 / 1017)
  truck mercedes-benz      "1013" <-> "1018"  (1013 / 1018)
  truck mercedes-benz      "1013" <-> "1113"  (1013 / 1113)
  truck mercedes-benz      "1013" <-> "1413"  (1013 / 1413)
  truck mercedes-benz      "1017" <-> "1018"  (1017 / 1018)
  truck mercedes-benz      "1017" <-> "1117"  (1017 / 1117)
  truck mercedes-benz      "1017" <-> "1217"  (1017 / 1217)
  truck mercedes-benz      "1017" <-> "1317"  (1017 / 1317)
  truck mercedes-benz      "1017" <-> "1417"  (1017 / 1417)
  truck mercedes-benz      "1017" <-> "1517"  (1017 / 1517)
  truck mercedes-benz      "1017" <-> "1617"  (1017 / 1617)
  truck mercedes-benz      "1017" <-> "1717"  (1017 / 1717)
  truck mercedes-benz      "1018" <-> "1218"  (1018 / 1218)
  truck mercedes-benz      "1018" <-> "1318"  (1018 / 1318)
  truck mercedes-benz      "1018" <-> "1518"  (1018 / 1518)
  truck mercedes-benz      "1113" <-> "1114"  (1113 / 1114)
  truck mercedes-benz      "1113" <-> "1117"  (1113 / 1117)
  truck mercedes-benz      "1113" <-> "1413"  (1113 / 1413)
  truck mercedes-benz      "1114" <-> "1117"  (1114 / 1117)
  truck mercedes-benz      "1114" <-> "1124"  (1114 / 1124)
  truck mercedes-benz      "1117" <-> "1217"  (1117 / 1217)
  truck mercedes-benz      "1117" <-> "1317"  (1117 / 1317)
  truck mercedes-benz      "1117" <-> "1417"  (1117 / 1417)
  truck mercedes-benz      "1117" <-> "1517"  (1117 / 1517)
  truck mercedes-benz      "1117" <-> "1617"  (1117 / 1617)
  truck mercedes-benz      "1117" <-> "1717"  (1117 / 1717)
  truck mercedes-benz      "1120" <-> "1124"  (1120 / 1124)
  truck mercedes-benz      "1120" <-> "1320"  (1120 / 1320)
  truck mercedes-benz      "1120" <-> "1420"  (1120 / 1420)
  truck mercedes-benz      "1120" <-> "1520"  (1120 / 1520)
  truck mercedes-benz      "1120" <-> "1620"  (1120 / 1620)
  truck mercedes-benz      "1124" <-> "1224"  (1124 / 1224)
  truck mercedes-benz      "1124" <-> "1324"  (1124 / 1324)
  truck mercedes-benz      "1124" <-> "1424"  (1124 / 1424)
  truck mercedes-benz      "1124" <-> "1524"  (1124 / 1524)
  truck mercedes-benz      "1124" <-> "1824"  (1124 / 1824)
  truck mercedes-benz      "1217" <-> "1218"  (1217 / 1218)
  truck mercedes-benz      "1217" <-> "1219"  (1217 / 1219)
  truck mercedes-benz      "1217" <-> "1317"  (1217 / 1317)
  truck mercedes-benz      "1217" <-> "1417"  (1217 / 1417)
  truck mercedes-benz      "1217" <-> "1517"  (1217 / 1517)
  truck mercedes-benz      "1217" <-> "1617"  (1217 / 1617)
  truck mercedes-benz      "1217" <-> "1717"  (1217 / 1717)
  truck mercedes-benz      "1218" <-> "1219"  (1218 / 1219)
  truck mercedes-benz      "1218" <-> "1228"  (1218 / 1228)
  truck mercedes-benz      "1218" <-> "1318"  (1218 / 1318)
  truck mercedes-benz      "1218" <-> "1518"  (1218 / 1518)
  truck mercedes-benz      "1219" <-> "1229"  (1219 / 1229)
  truck mercedes-benz      "1219" <-> "1619"  (1219 / 1619)
  truck mercedes-benz      "1219" <-> "1719"  (1219 / 1719)
  truck mercedes-benz      "1222" <-> "1223"  (1222 / 1223)
  truck mercedes-benz      "1222" <-> "1224"  (1222 / 1224)
  truck mercedes-benz      "1222" <-> "1225"  (1222 / 1225)
  truck mercedes-benz      "1222" <-> "1228"  (1222 / 1228)
  truck mercedes-benz      "1222" <-> "1229"  (1222 / 1229)
  truck mercedes-benz      "1222" <-> "1622"  (1222 / 1622)
  truck mercedes-benz      "1222" <-> "1722"  (1222 / 1722)
  truck mercedes-benz      "1222" <-> "1922"  (1222 / 1922)
  truck mercedes-benz      "1223" <-> "1224"  (1223 / 1224)
  truck mercedes-benz      "1223" <-> "1225"  (1223 / 1225)
  truck mercedes-benz      "1223" <-> "1228"  (1223 / 1228)
  truck mercedes-benz      "1223" <-> "1229"  (1223 / 1229)
  truck mercedes-benz      "1223" <-> "1323"  (1223 / 1323)
  truck mercedes-benz      "1223" <-> "1523"  (1223 / 1523)
  truck mercedes-benz      "1223" <-> "1823"  (1223 / 1823)
  truck mercedes-benz      "1224" <-> "1225"  (1224 / 1225)
  truck mercedes-benz      "1224" <-> "1228"  (1224 / 1228)
  truck mercedes-benz      "1224" <-> "1229"  (1224 / 1229)
  truck mercedes-benz      "1224" <-> "1234"  (1224 / 1234)
  truck mercedes-benz      "1224" <-> "1324"  (1224 / 1324)
  truck mercedes-benz      "1224" <-> "1424"  (1224 / 1424)
  truck mercedes-benz      "1224" <-> "1524"  (1224 / 1524)
  truck mercedes-benz      "1224" <-> "1824"  (1224 / 1824)
  truck mercedes-benz      "1225" <-> "1228"  (1225 / 1228)
  truck mercedes-benz      "1225" <-> "1229"  (1225 / 1229)
  truck mercedes-benz      "1225" <-> "1625"  (1225 / 1625)
  truck mercedes-benz      "1228" <-> "1229"  (1228 / 1229)
  truck mercedes-benz      "1228" <-> "1328"  (1228 / 1328)
  truck mercedes-benz      "1228" <-> "1528"  (1228 / 1528)
  truck mercedes-benz      "1228" <-> "1828"  (1228 / 1828)
  truck mercedes-benz      "1228" <-> "1928"  (1228 / 1928)
  truck mercedes-benz      "1229" <-> "1829"  (1229 / 1829)
  truck mercedes-benz      "1317" <-> "1318"  (1317 / 1318)
  truck mercedes-benz      "1317" <-> "1417"  (1317 / 1417)
  truck mercedes-benz      "1317" <-> "1517"  (1317 / 1517)
  truck mercedes-benz      "1317" <-> "1617"  (1317 / 1617)
  truck mercedes-benz      "1317" <-> "1717"  (1317 / 1717)
  truck mercedes-benz      "1318" <-> "1328"  (1318 / 1328)
  truck mercedes-benz      "1318" <-> "1518"  (1318 / 1518)
  truck mercedes-benz      "1318" <-> "318"  (1318 / 318)
  truck mercedes-benz      "1320" <-> "1323"  (1320 / 1323)
  truck mercedes-benz      "1320" <-> "1324"  (1320 / 1324)
  truck mercedes-benz      "1320" <-> "1328"  (1320 / 1328)
  truck mercedes-benz      "1320" <-> "1420"  (1320 / 1420)
  truck mercedes-benz      "1320" <-> "1520"  (1320 / 1520)
  truck mercedes-benz      "1320" <-> "1620"  (1320 / 1620)
  truck mercedes-benz      "1323" <-> "1324"  (1323 / 1324)
  truck mercedes-benz      "1323" <-> "1328"  (1323 / 1328)
  truck mercedes-benz      "1323" <-> "1523"  (1323 / 1523)
  truck mercedes-benz      "1323" <-> "1823"  (1323 / 1823)
  truck mercedes-benz      "1324" <-> "1328"  (1324 / 1328)
  truck mercedes-benz      "1324" <-> "1424"  (1324 / 1424)
  truck mercedes-benz      "1324" <-> "1524"  (1324 / 1524)
  truck mercedes-benz      "1324" <-> "1824"  (1324 / 1824)
  truck mercedes-benz      "1328" <-> "1528"  (1328 / 1528)
  truck mercedes-benz      "1328" <-> "1828"  (1328 / 1828)
  truck mercedes-benz      "1328" <-> "1928"  (1328 / 1928)
  truck mercedes-benz      "1413" <-> "1417"  (1413 / 1417)
  truck mercedes-benz      "1413" <-> "413"  (1413 / 413)
  truck mercedes-benz      "1413" <-> "L1413"  (1413 / l1413)
  truck mercedes-benz      "1417" <-> "1517"  (1417 / 1517)
  truck mercedes-benz      "1417" <-> "1617"  (1417 / 1617)
  truck mercedes-benz      "1417" <-> "1717"  (1417 / 1717)
  truck mercedes-benz      "1420" <-> "1424"  (1420 / 1424)
  truck mercedes-benz      "1420" <-> "1520"  (1420 / 1520)
  truck mercedes-benz      "1420" <-> "1620"  (1420 / 1620)
  truck mercedes-benz      "1424" <-> "1524"  (1424 / 1524)
  truck mercedes-benz      "1424" <-> "1824"  (1424 / 1824)
  truck mercedes-benz      "1517" <-> "1518"  (1517 / 1518)
  truck mercedes-benz      "1517" <-> "1617"  (1517 / 1617)
  truck mercedes-benz      "1517" <-> "1717"  (1517 / 1717)
  truck mercedes-benz      "1518" <-> "1528"  (1518 / 1528)
  truck mercedes-benz      "1518" <-> "518"  (1518 / 518)
  truck mercedes-benz      "1520" <-> "1523"  (1520 / 1523)
  truck mercedes-benz      "1520" <-> "1524"  (1520 / 1524)
  truck mercedes-benz      "1520" <-> "1528"  (1520 / 1528)
  truck mercedes-benz      "1520" <-> "1620"  (1520 / 1620)
  truck mercedes-benz      "1523" <-> "1524"  (1523 / 1524)
  truck mercedes-benz      "1523" <-> "1528"  (1523 / 1528)
  truck mercedes-benz      "1523" <-> "1823"  (1523 / 1823)
  truck mercedes-benz      "1524" <-> "1528"  (1524 / 1528)
  truck mercedes-benz      "1524" <-> "1824"  (1524 / 1824)
  truck mercedes-benz      "1528" <-> "1828"  (1528 / 1828)
  truck mercedes-benz      "1528" <-> "1928"  (1528 / 1928)
  truck mercedes-benz      "1617" <-> "1619"  (1617 / 1619)
  truck mercedes-benz      "1617" <-> "1717"  (1617 / 1717)
  truck mercedes-benz      "1619" <-> "1719"  (1619 / 1719)
  truck mercedes-benz      "1620" <-> "1622"  (1620 / 1622)
  truck mercedes-benz      "1620" <-> "1625"  (1620 / 1625)
  truck mercedes-benz      "1622" <-> "1625"  (1622 / 1625)
  truck mercedes-benz      "1622" <-> "1722"  (1622 / 1722)
  truck mercedes-benz      "1622" <-> "1922"  (1622 / 1922)
  truck mercedes-benz      "1717" <-> "1719"  (1717 / 1719)
  truck mercedes-benz      "1722" <-> "1726"  (1722 / 1726)
  truck mercedes-benz      "1722" <-> "1922"  (1722 / 1922)
  truck mercedes-benz      "1726" <-> "1926"  (1726 / 1926)
  truck mercedes-benz      "1823" <-> "1824"  (1823 / 1824)
  truck mercedes-benz      "1823" <-> "1827"  (1823 / 1827)
  truck mercedes-benz      "1823" <-> "1828"  (1823 / 1828)
  truck mercedes-benz      "1823" <-> "1829"  (1823 / 1829)
  truck mercedes-benz      "1823" <-> "1833"  (1823 / 1833)
  truck mercedes-benz      "1823" <-> "1843"  (1823 / 1843)
  truck mercedes-benz      "1823" <-> "823"  (1823 / 823)
  truck mercedes-benz      "1824" <-> "1827"  (1824 / 1827)
  truck mercedes-benz      "1824" <-> "1828"  (1824 / 1828)
  truck mercedes-benz      "1824" <-> "1829"  (1824 / 1829)
  truck mercedes-benz      "1824" <-> "1844"  (1824 / 1844)
  truck mercedes-benz      "1827" <-> "1828"  (1827 / 1828)
  truck mercedes-benz      "1827" <-> "1829"  (1827 / 1829)
  truck mercedes-benz      "1828" <-> "1829"  (1828 / 1829)
  truck mercedes-benz      "1828" <-> "1928"  (1828 / 1928)
  truck mercedes-benz      "1831" <-> "1832"  (1831 / 1832)
  truck mercedes-benz      "1831" <-> "1833"  (1831 / 1833)
  truck mercedes-benz      "1831" <-> "1836"  (1831 / 1836)
  truck mercedes-benz      "1831" <-> "1851"  (1831 / 1851)
  truck mercedes-benz      "1831" <-> "1931"  (1831 / 1931)
  truck mercedes-benz      "1832" <-> "1833"  (1832 / 1833)
  truck mercedes-benz      "1832" <-> "1836"  (1832 / 1836)
  truck mercedes-benz      "1833" <-> "1836"  (1833 / 1836)
  truck mercedes-benz      "1833" <-> "1843"  (1833 / 1843)
  truck mercedes-benz      "1836" <-> "1846"  (1836 / 1846)
  truck mercedes-benz      "1840" <-> "1843"  (1840 / 1843)
  truck mercedes-benz      "1840" <-> "1844"  (1840 / 1844)
  truck mercedes-benz      "1840" <-> "1846"  (1840 / 1846)
  truck mercedes-benz      "1843" <-> "1844"  (1843 / 1844)
  truck mercedes-benz      "1843" <-> "1846"  (1843 / 1846)
  truck mercedes-benz      "1844" <-> "1846"  (1844 / 1846)
  truck mercedes-benz      "1922" <-> "1926"  (1922 / 1926)
  truck mercedes-benz      "1922" <-> "1928"  (1922 / 1928)
  truck mercedes-benz      "1926" <-> "1928"  (1926 / 1928)
  truck mercedes-benz      "2031" <-> "2531"  (2031 / 2531)
  truck mercedes-benz      "2040" <-> "2540"  (2040 / 2540)
  truck mercedes-benz      "2040" <-> "2640"  (2040 / 2640)
  truck mercedes-benz      "2435" <-> "2535"  (2435 / 2535)
  truck mercedes-benz      "2531" <-> "2532"  (2531 / 2532)
  truck mercedes-benz      "2531" <-> "2533"  (2531 / 2533)
  truck mercedes-benz      "2531" <-> "2535"  (2531 / 2535)
  truck mercedes-benz      "2531" <-> "2538"  (2531 / 2538)
  truck mercedes-benz      "2531" <-> "2541"  (2531 / 2541)
  truck mercedes-benz      "2532" <-> "2533"  (2532 / 2533)
  truck mercedes-benz      "2532" <-> "2535"  (2532 / 2535)
  truck mercedes-benz      "2532" <-> "2538"  (2532 / 2538)
  truck mercedes-benz      "2533" <-> "2535"  (2533 / 2535)
  truck mercedes-benz      "2533" <-> "2538"  (2533 / 2538)
  truck mercedes-benz      "2533" <-> "2543"  (2533 / 2543)
  truck mercedes-benz      "2533" <-> "2633"  (2533 / 2633)
  truck mercedes-benz      "2535" <-> "2538"  (2535 / 2538)
  truck mercedes-benz      "2535" <-> "2555"  (2535 / 2555)
  truck mercedes-benz      "2540" <-> "2541"  (2540 / 2541)
  truck mercedes-benz      "2540" <-> "2543"  (2540 / 2543)
  truck mercedes-benz      "2540" <-> "2544"  (2540 / 2544)
  truck mercedes-benz      "2540" <-> "2546"  (2540 / 2546)
  truck mercedes-benz      "2540" <-> "2640"  (2540 / 2640)
  truck mercedes-benz      "2541" <-> "2543"  (2541 / 2543)
  truck mercedes-benz      "2541" <-> "2544"  (2541 / 2544)
  truck mercedes-benz      "2541" <-> "2546"  (2541 / 2546)
  truck mercedes-benz      "2541" <-> "2641"  (2541 / 2641)
  truck mercedes-benz      "2543" <-> "2544"  (2543 / 2544)
  truck mercedes-benz      "2543" <-> "2546"  (2543 / 2546)
  truck mercedes-benz      "2544" <-> "2546"  (2544 / 2546)
  truck mercedes-benz      "2544" <-> "2644"  (2544 / 2644)
  truck mercedes-benz      "2628" <-> "2629"  (2628 / 2629)
  truck mercedes-benz      "2628" <-> "2648"  (2628 / 2648)
  truck mercedes-benz      "2633" <-> "2636"  (2633 / 2636)
  truck mercedes-benz      "2640" <-> "2641"  (2640 / 2641)
  truck mercedes-benz      "2640" <-> "2644"  (2640 / 2644)
  truck mercedes-benz      "2640" <-> "2648"  (2640 / 2648)
  truck mercedes-benz      "2641" <-> "2644"  (2641 / 2644)
  truck mercedes-benz      "2641" <-> "2648"  (2641 / 2648)
  truck mercedes-benz      "2644" <-> "2648"  (2644 / 2648)
  truck mercedes-benz      "410 D" <-> "412 D"  (410-d / 412-d)
  truck mercedes-benz      "4141" <-> "4144"  (4141 / 4144)
  truck mercedes-benz      "609 D" <-> "709 D"  (609-d / 709-d)
  truck mercedes-benz      "811D" <-> "813 D"  (811d / 813-d)
  truck mercedes-benz      "811D" <-> "814 D"  (811d / 814-d)
  truck mercedes-benz      "813 D" <-> "814 D"  (813-d / 814-d)
  truck mercedes-benz      "963-0-A" <-> "963-4-A"  (963-0-a / 963-4-a)
  truck mercedes-benz      "Acros" <-> "Actros"  (acros / actros)
  truck mercedes-benz      "Actros" <-> "Eactros"  (actros / eactros)
  truck mercedes-benz      "eSprinter" <-> "Sprinter"  (esprinter / sprinter)
  truck mercedes-benz      "L 312" <-> "L 322"  (l-312 / l-322)
  truck mercedes-benz      "L 321" <-> "L 322"  (l-321 / l-322)
  truck mercedes-benz      "L 407" <-> "L407D"  (l-407 / l407d)
  truck mercedes-benz      "L 407" <-> "L408"  (l-407 / l408)
  truck mercedes-benz      "L 407" <-> "L409"  (l-407 / l409)
  truck mercedes-benz      "L 508" <-> "L 608"  (l-508 / l-608)
  truck mercedes-benz      "L 508" <-> "L408"  (l-508 / l408)
  truck mercedes-benz      "L 508" <-> "L508D"  (l-508 / l508d)
  truck mercedes-benz      "L 608" <-> "L408"  (l-608 / l408)
  truck mercedes-benz      "L 608" <-> "L608D"  (l-608 / l608d)
  truck mercedes-benz      "L 608" <-> "LP608"  (l-608 / lp608)
  truck mercedes-benz      "L408" <-> "L409"  (l408 / l409)
  truck mercedes-benz      "L508D" <-> "L508DG"  (l508d / l508dg)
  truck mercedes-benz      "L508D" <-> "L608D"  (l508d / l608d)
  truck mercedes-benz      "L613" <-> "L613D"  (l613 / l613d)
  truck mercedes-benz      "LA1113" <-> "LP1113"  (la1113 / lp1113)
  truck mercedes-benz      "LP1013" <-> "LP1113"  (lp1013 / lp1113)
  truck mercedes-benz      "LP1013" <-> "LP1313"  (lp1013 / lp1313)
  truck mercedes-benz      "LP1113" <-> "LP1313"  (lp1113 / lp1313)
  truck mercedes-benz      "LP608" <-> "LP808"  (lp608 / lp808)
  truck mercedes-benz      "LP813" <-> "LP913"  (lp813 / lp913)
  truck mercedes-benz      "U400" <-> "U500"  (u400 / u500)
  truck mitsubishi-fuso    "Canter" <-> "Ecanter"  (canter / ecanter)
  truck ram                "1500" <-> "2500"  (1500 / 2500)
  truck ram                "1500" <-> "3500"  (1500 / 3500)
  truck ram                "2500" <-> "3500"  (2500 / 3500)
  truck renault            "D210" <-> "D280"  (d210 / d280)
  truck renault            "S140" <-> "S150"  (s140 / s150)
  truck renault            "S140" <-> "S180"  (s140 / s180)
  truck renault            "S150" <-> "S180"  (s150 / s180)
  truck scania             "G Series" <-> "R Series"  (g-series / r-series)
  truck scania             "G280" <-> "G480"  (g280 / g480)
  truck scania             "G280" <-> "L280"  (g280 / l280)
  truck scania             "G280" <-> "P280"  (g280 / p280)
  truck scania             "G320" <-> "G340"  (g320 / g340)
  truck scania             "G320" <-> "G360"  (g320 / g360)
  truck scania             "G320" <-> "G370"  (g320 / g370)
  truck scania             "G320" <-> "G420"  (g320 / g420)
  truck scania             "G320" <-> "G520"  (g320 / g520)
  truck scania             "G320" <-> "L320"  (g320 / l320)
  truck scania             "G320" <-> "P320"  (g320 / p320)
  truck scania             "G320" <-> "R320"  (g320 / r320)
  truck scania             "G340" <-> "G360"  (g340 / g360)
  truck scania             "G340" <-> "G370"  (g340 / g370)
  truck scania             "G340" <-> "G440"  (g340 / g440)
  truck scania             "G340" <-> "G540"  (g340 / g540)
  truck scania             "G340" <-> "L340"  (g340 / l340)
  truck scania             "G340" <-> "P340"  (g340 / p340)
  truck scania             "G340" <-> "R340"  (g340 / r340)
  truck scania             "G340" <-> "T340"  (g340 / t340)
  truck scania             "G360" <-> "G370"  (g360 / g370)
  truck scania             "G360" <-> "G460"  (g360 / g460)
  truck scania             "G360" <-> "G560"  (g360 / g560)
  truck scania             "G360" <-> "L360"  (g360 / l360)
  truck scania             "G360" <-> "P360"  (g360 / p360)
  truck scania             "G360" <-> "R360"  (g360 / r360)
  truck scania             "G370" <-> "P370"  (g370 / p370)
  truck scania             "G370" <-> "R370"  (g370 / r370)
  truck scania             "G400" <-> "G400E"  (g400 / g400e)
  truck scania             "G400" <-> "G410"  (g400 / g410)
  truck scania             "G400" <-> "G420"  (g400 / g420)
  truck scania             "G400" <-> "G440"  (g400 / g440)
  truck scania             "G400" <-> "G450"  (g400 / g450)
  truck scania             "G400" <-> "G460"  (g400 / g460)
  truck scania             "G400" <-> "G480"  (g400 / g480)
  truck scania             "G400" <-> "G490"  (g400 / g490)
  truck scania             "G400" <-> "G500"  (g400 / g500)
  truck scania             "G400" <-> "P400"  (g400 / p400)
  truck scania             "G400" <-> "R400"  (g400 / r400)
  truck scania             "G400E" <-> "R400E"  (g400e / r400e)
  truck scania             "G400E" <-> "S400E"  (g400e / s400e)
  truck scania             "G410" <-> "G420"  (g410 / g420)
  truck scania             "G410" <-> "G440"  (g410 / g440)
  truck scania             "G410" <-> "G450"  (g410 / g450)
  truck scania             "G410" <-> "G460"  (g410 / g460)
  truck scania             "G410" <-> "G480"  (g410 / g480)
  truck scania             "G410" <-> "G490"  (g410 / g490)
  truck scania             "G410" <-> "P410"  (g410 / p410)
  truck scania             "G410" <-> "R410"  (g410 / r410)
  truck scania             "G410" <-> "S410"  (g410 / s410)
  truck scania             "G420" <-> "G440"  (g420 / g440)
  truck scania             "G420" <-> "G450"  (g420 / g450)
  truck scania             "G420" <-> "G460"  (g420 / g460)
  truck scania             "G420" <-> "G480"  (g420 / g480)
  truck scania             "G420" <-> "G490"  (g420 / g490)
  truck scania             "G420" <-> "G520"  (g420 / g520)
  truck scania             "G420" <-> "P420"  (g420 / p420)
  truck scania             "G420" <-> "R420"  (g420 / r420)
  truck scania             "G440" <-> "G450"  (g440 / g450)
  truck scania             "G440" <-> "G460"  (g440 / g460)
  truck scania             "G440" <-> "G480"  (g440 / g480)
  truck scania             "G440" <-> "G490"  (g440 / g490)
  truck scania             "G440" <-> "G540"  (g440 / g540)
  truck scania             "G440" <-> "P440"  (g440 / p440)
  truck scania             "G440" <-> "R440"  (g440 / r440)
  truck scania             "G450" <-> "G460"  (g450 / g460)
  truck scania             "G450" <-> "G480"  (g450 / g480)
  truck scania             "G450" <-> "G490"  (g450 / g490)
  truck scania             "G450" <-> "P450"  (g450 / p450)
  truck scania             "G450" <-> "R450"  (g450 / r450)
  truck scania             "G450" <-> "S450"  (g450 / s450)
  truck scania             "G460" <-> "G480"  (g460 / g480)
  truck scania             "G460" <-> "G490"  (g460 / g490)
  truck scania             "G460" <-> "G560"  (g460 / g560)
  truck scania             "G460" <-> "P460"  (g460 / p460)
  truck scania             "G460" <-> "R460"  (g460 / r460)
  truck scania             "G460" <-> "S460"  (g460 / s460)
  truck scania             "G480" <-> "G490"  (g480 / g490)
  truck scania             "G480" <-> "P480"  (g480 / p480)
  truck scania             "G480" <-> "R480"  (g480 / r480)
  truck scania             "G490" <-> "R490"  (g490 / r490)
  truck scania             "G500" <-> "G520"  (g500 / g520)
  truck scania             "G500" <-> "G540"  (g500 / g540)
  truck scania             "G500" <-> "G560"  (g500 / g560)
  truck scania             "G500" <-> "P500"  (g500 / p500)
  truck scania             "G500" <-> "R500"  (g500 / r500)
  truck scania             "G500" <-> "S500"  (g500 / s500)
  truck scania             "G500" <-> "T500"  (g500 / t500)
  truck scania             "G520" <-> "G540"  (g520 / g540)
  truck scania             "G520" <-> "G560"  (g520 / g560)
  truck scania             "G520" <-> "R520"  (g520 / r520)
  truck scania             "G520" <-> "S520"  (g520 / s520)
  truck scania             "G540" <-> "G560"  (g540 / g560)
  truck scania             "G540" <-> "R540"  (g540 / r540)
  truck scania             "G540" <-> "S540"  (g540 / s540)
  truck scania             "G560" <-> "R560"  (g560 / r560)
  truck scania             "G560" <-> "S560"  (g560 / s560)
  truck scania             "G730" <-> "R730"  (g730 / r730)
  truck scania             "G730" <-> "S730"  (g730 / s730)
  truck scania             "K113" <-> "P113"  (k113 / p113)
  truck scania             "K113" <-> "R113"  (k113 / r113)
  truck scania             "K113" <-> "T113"  (k113 / t113)
  truck scania             "L110" <-> "L110S"  (l110 / l110s)
  truck scania             "L110S" <-> "LS110S"  (l110s / ls110s)
  truck scania             "L280" <-> "P280"  (l280 / p280)
  truck scania             "L320" <-> "L340"  (l320 / l340)
  truck scania             "L320" <-> "L360"  (l320 / l360)
  truck scania             "L320" <-> "P320"  (l320 / p320)
  truck scania             "L320" <-> "R320"  (l320 / r320)
  truck scania             "L340" <-> "L360"  (l340 / l360)
  truck scania             "L340" <-> "P340"  (l340 / p340)
  truck scania             "L340" <-> "R340"  (l340 / r340)
  truck scania             "L340" <-> "T340"  (l340 / t340)
  truck scania             "L360" <-> "P360"  (l360 / p360)
  truck scania             "L360" <-> "R360"  (l360 / r360)
  truck scania             "LB141S" <-> "LS141S"  (lb141s / ls141s)
  truck scania             "Lbfs" <-> "Lbs"  (lbfs / lbs)
  truck scania             "LS110S" <-> "LS111S"  (ls110s / ls111s)
  truck scania             "LS110S" <-> "LS140S"  (ls110s / ls140s)
  truck scania             "LS111S" <-> "LS141S"  (ls111s / ls141s)
  truck scania             "LS140S" <-> "LS141S"  (ls140s / ls141s)
  truck scania             "N321" <-> "N331"  (n321 / n331)
  truck scania             "P112" <-> "P113"  (p112 / p113)
  truck scania             "P112" <-> "P114"  (p112 / p114)
  truck scania             "P112" <-> "T112"  (p112 / t112)
  truck scania             "P113" <-> "P113M"  (p113 / p113m)
  truck scania             "P113" <-> "P114"  (p113 / p114)
  truck scania             "P113" <-> "R113"  (p113 / r113)
  truck scania             "P113" <-> "T113"  (p113 / t113)
  truck scania             "P114" <-> "P124"  (p114 / p124)
  truck scania             "P114" <-> "R114"  (p114 / r114)
  truck scania             "P114" <-> "T114"  (p114 / t114)
  truck scania             "P124" <-> "R124"  (p124 / r124)
  truck scania             "P124" <-> "T124"  (p124 / t124)
  truck scania             "P220" <-> "P230"  (p220 / p230)
  truck scania             "P220" <-> "P250"  (p220 / p250)
  truck scania             "P220" <-> "P270"  (p220 / p270)
  truck scania             "P220" <-> "P280"  (p220 / p280)
  truck scania             "P220" <-> "P320"  (p220 / p320)
  truck scania             "P220" <-> "P420"  (p220 / p420)
  truck scania             "P230" <-> "P250"  (p230 / p250)
  truck scania             "P230" <-> "P270"  (p230 / p270)
  truck scania             "P230" <-> "P280"  (p230 / p280)
  truck scania             "P230" <-> "P430"  (p230 / p430)
  truck scania             "P230" <-> "R230"  (p230 / r230)
  truck scania             "P250" <-> "P270"  (p250 / p270)
  truck scania             "P250" <-> "P280"  (p250 / p280)
  truck scania             "P250" <-> "P350"  (p250 / p350)
  truck scania             "P250" <-> "P450"  (p250 / p450)
  truck scania             "P270" <-> "P280"  (p270 / p280)
  truck scania             "P270" <-> "P370"  (p270 / p370)
  truck scania             "P270" <-> "R270"  (p270 / r270)
  truck scania             "P280" <-> "P380"  (p280 / p380)
  truck scania             "P280" <-> "P480"  (p280 / p480)
  truck scania             "P310" <-> "P320"  (p310 / p320)
  truck scania             "P310" <-> "P340"  (p310 / p340)
  truck scania             "P310" <-> "P350"  (p310 / p350)
  truck scania             "P310" <-> "P360"  (p310 / p360)
  truck scania             "P310" <-> "P370"  (p310 / p370)
  truck scania             "P310" <-> "P380"  (p310 / p380)
  truck scania             "P310" <-> "P390"  (p310 / p390)
  truck scania             "P310" <-> "P410"  (p310 / p410)
  truck scania             "P310" <-> "R310"  (p310 / r310)
  truck scania             "P320" <-> "P340"  (p320 / p340)
  truck scania             "P320" <-> "P350"  (p320 / p350)
  truck scania             "P320" <-> "P360"  (p320 / p360)
  truck scania             "P320" <-> "P370"  (p320 / p370)
  truck scania             "P320" <-> "P380"  (p320 / p380)
  truck scania             "P320" <-> "P390"  (p320 / p390)
  truck scania             "P320" <-> "P420"  (p320 / p420)
  truck scania             "P320" <-> "R320"  (p320 / r320)
  truck scania             "P340" <-> "P350"  (p340 / p350)
  truck scania             "P340" <-> "P360"  (p340 / p360)
  truck scania             "P340" <-> "P370"  (p340 / p370)
  truck scania             "P340" <-> "P380"  (p340 / p380)
  truck scania             "P340" <-> "P390"  (p340 / p390)
  truck scania             "P340" <-> "P440"  (p340 / p440)
  truck scania             "P340" <-> "R340"  (p340 / r340)
  truck scania             "P340" <-> "T340"  (p340 / t340)
  truck scania             "P350" <-> "P360"  (p350 / p360)
  truck scania             "P350" <-> "P370"  (p350 / p370)
  truck scania             "P350" <-> "P380"  (p350 / p380)
  truck scania             "P350" <-> "P390"  (p350 / p390)
  truck scania             "P350" <-> "P450"  (p350 / p450)
  truck scania             "P360" <-> "P370"  (p360 / p370)
  truck scania             "P360" <-> "P380"  (p360 / p380)
  truck scania             "P360" <-> "P390"  (p360 / p390)
  truck scania             "P360" <-> "P460"  (p360 / p460)
  truck scania             "P360" <-> "R360"  (p360 / r360)
  truck scania             "P370" <-> "P380"  (p370 / p380)
  truck scania             "P370" <-> "P390"  (p370 / p390)
  truck scania             "P370" <-> "R370"  (p370 / r370)
  truck scania             "P380" <-> "P390"  (p380 / p390)
  truck scania             "P380" <-> "P480"  (p380 / p480)
  truck scania             "P380" <-> "R380"  (p380 / r380)
  truck scania             "P400" <-> "P410"  (p400 / p410)
  truck scania             "P400" <-> "P420"  (p400 / p420)
  truck scania             "P400" <-> "P430"  (p400 / p430)
  truck scania             "P400" <-> "P440"  (p400 / p440)
  truck scania             "P400" <-> "P450"  (p400 / p450)
  truck scania             "P400" <-> "P460"  (p400 / p460)
  truck scania             "P400" <-> "P480"  (p400 / p480)
  truck scania             "P400" <-> "P500"  (p400 / p500)
  truck scania             "P400" <-> "R400"  (p400 / r400)
  truck scania             "P410" <-> "P420"  (p410 / p420)
  truck scania             "P410" <-> "P430"  (p410 / p430)
  truck scania             "P410" <-> "P440"  (p410 / p440)
  truck scania             "P410" <-> "P450"  (p410 / p450)
  truck scania             "P410" <-> "P460"  (p410 / p460)
  truck scania             "P410" <-> "P480"  (p410 / p480)
  truck scania             "P410" <-> "R410"  (p410 / r410)
  truck scania             "P410" <-> "S410"  (p410 / s410)
  truck scania             "P420" <-> "P430"  (p420 / p430)
  truck scania             "P420" <-> "P440"  (p420 / p440)
  truck scania             "P420" <-> "P450"  (p420 / p450)
  truck scania             "P420" <-> "P460"  (p420 / p460)
  truck scania             "P420" <-> "P480"  (p420 / p480)
  truck scania             "P420" <-> "R420"  (p420 / r420)
  truck scania             "P430" <-> "P440"  (p430 / p440)
  truck scania             "P430" <-> "P450"  (p430 / p450)
  truck scania             "P430" <-> "P460"  (p430 / p460)
  truck scania             "P430" <-> "P480"  (p430 / p480)
  truck scania             "P440" <-> "P450"  (p440 / p450)
  truck scania             "P440" <-> "P460"  (p440 / p460)
  truck scania             "P440" <-> "P480"  (p440 / p480)
  truck scania             "P440" <-> "R440"  (p440 / r440)
  truck scania             "P450" <-> "P460"  (p450 / p460)
  truck scania             "P450" <-> "P480"  (p450 / p480)
  truck scania             "P450" <-> "R450"  (p450 / r450)
  truck scania             "P450" <-> "S450"  (p450 / s450)
  truck scania             "P460" <-> "P480"  (p460 / p480)
  truck scania             "P460" <-> "R460"  (p460 / r460)
  truck scania             "P460" <-> "S460"  (p460 / s460)
  truck scania             "P480" <-> "R480"  (p480 / r480)
  truck scania             "P500" <-> "R500"  (p500 / r500)
  truck scania             "P500" <-> "S500"  (p500 / s500)
  truck scania             "P500" <-> "T500"  (p500 / t500)
  truck scania             "R113" <-> "R114"  (r113 / r114)
  truck scania             "R113" <-> "R143"  (r113 / r143)
  truck scania             "R113" <-> "T113"  (r113 / t113)
  truck scania             "R114" <-> "R114L"  (r114 / r114l)
  truck scania             "R114" <-> "R124"  (r114 / r124)
  truck scania             "R114" <-> "R144"  (r114 / r144)
  truck scania             "R114" <-> "R164"  (r114 / r164)
  truck scania             "R114" <-> "T114"  (r114 / t114)
  truck scania             "R114L" <-> "R164L"  (r114l / r164l)
  truck scania             "R124" <-> "R144"  (r124 / r144)
  truck scania             "R124" <-> "R164"  (r124 / r164)
  truck scania             "R124" <-> "T124"  (r124 / t124)
  truck scania             "R142" <-> "R143"  (r142 / r143)
  truck scania             "R142" <-> "R144"  (r142 / r144)
  truck scania             "R142" <-> "T142"  (r142 / t142)
  truck scania             "R143" <-> "R144"  (r143 / r144)
  truck scania             "R143" <-> "T143"  (r143 / t143)
  truck scania             "R144" <-> "R164"  (r144 / r164)
  truck scania             "R144" <-> "T144"  (r144 / t144)
  truck scania             "R164" <-> "R164L"  (r164 / r164l)
  truck scania             "R164" <-> "T164"  (r164 / t164)
  truck scania             "R230" <-> "R270"  (r230 / r270)
  truck scania             "R230" <-> "R530"  (r230 / r530)
  truck scania             "R230" <-> "R730"  (r230 / r730)
  truck scania             "R270" <-> "R370"  (r270 / r370)
  truck scania             "R270" <-> "R470"  (r270 / r470)
  truck scania             "R270" <-> "R770"  (r270 / r770)
  truck scania             "R310" <-> "R320"  (r310 / r320)
  truck scania             "R310" <-> "R340"  (r310 / r340)
  truck scania             "R310" <-> "R360"  (r310 / r360)
  truck scania             "R310" <-> "R370"  (r310 / r370)
  truck scania             "R310" <-> "R380"  (r310 / r380)
  truck scania             "R310" <-> "R410"  (r310 / r410)
  truck scania             "R320" <-> "R340"  (r320 / r340)
  truck scania             "R320" <-> "R360"  (r320 / r360)
  truck scania             "R320" <-> "R370"  (r320 / r370)
  truck scania             "R320" <-> "R380"  (r320 / r380)
  truck scania             "R320" <-> "R420"  (r320 / r420)
  truck scania             "R320" <-> "R520"  (r320 / r520)
  truck scania             "R320" <-> "R620"  (r320 / r620)
  truck scania             "R340" <-> "R360"  (r340 / r360)
  truck scania             "R340" <-> "R370"  (r340 / r370)
  truck scania             "R340" <-> "R380"  (r340 / r380)
  truck scania             "R340" <-> "R440"  (r340 / r440)
  truck scania             "R340" <-> "R540"  (r340 / r540)
  truck scania             "R340" <-> "T340"  (r340 / t340)
  truck scania             "R360" <-> "R370"  (r360 / r370)
  truck scania             "R360" <-> "R380"  (r360 / r380)
  truck scania             "R360" <-> "R460"  (r360 / r460)
  truck scania             "R360" <-> "R560"  (r360 / r560)
  truck scania             "R360" <-> "R660"  (r360 / r660)
  truck scania             "R370" <-> "R380"  (r370 / r380)
  truck scania             "R370" <-> "R470"  (r370 / r470)
  truck scania             "R370" <-> "R770"  (r370 / r770)
  truck scania             "R380" <-> "R480"  (r380 / r480)
  truck scania             "R380" <-> "R580"  (r380 / r580)
  truck scania             "R400" <-> "R400E"  (r400 / r400e)
  truck scania             "R400" <-> "R410"  (r400 / r410)
  truck scania             "R400" <-> "R420"  (r400 / r420)
  truck scania             "R400" <-> "R440"  (r400 / r440)
  truck scania             "R400" <-> "R450"  (r400 / r450)
  truck scania             "R400" <-> "R460"  (r400 / r460)
  truck scania             "R400" <-> "R470"  (r400 / r470)
  truck scania             "R400" <-> "R480"  (r400 / r480)
  truck scania             "R400" <-> "R490"  (r400 / r490)
  truck scania             "R400" <-> "R500"  (r400 / r500)
  truck scania             "R400E" <-> "S400E"  (r400e / s400e)
  truck scania             "R410" <-> "R420"  (r410 / r420)
  truck scania             "R410" <-> "R440"  (r410 / r440)
  truck scania             "R410" <-> "R450"  (r410 / r450)
  truck scania             "R410" <-> "R460"  (r410 / r460)
  truck scania             "R410" <-> "R470"  (r410 / r470)
  truck scania             "R410" <-> "R480"  (r410 / r480)
  truck scania             "R410" <-> "R490"  (r410 / r490)
  truck scania             "R410" <-> "S410"  (r410 / s410)
  truck scania             "R420" <-> "R440"  (r420 / r440)
  truck scania             "R420" <-> "R450"  (r420 / r450)
  truck scania             "R420" <-> "R460"  (r420 / r460)
  truck scania             "R420" <-> "R470"  (r420 / r470)
  truck scania             "R420" <-> "R480"  (r420 / r480)
  truck scania             "R420" <-> "R490"  (r420 / r490)
  truck scania             "R420" <-> "R520"  (r420 / r520)
  truck scania             "R420" <-> "R620"  (r420 / r620)
  truck scania             "R440" <-> "R450"  (r440 / r450)
  truck scania             "R440" <-> "R460"  (r440 / r460)
  truck scania             "R440" <-> "R470"  (r440 / r470)
  truck scania             "R440" <-> "R480"  (r440 / r480)
  truck scania             "R440" <-> "R490"  (r440 / r490)
  truck scania             "R440" <-> "R540"  (r440 / r540)
  truck scania             "R450" <-> "R460"  (r450 / r460)
  truck scania             "R450" <-> "R470"  (r450 / r470)
  truck scania             "R450" <-> "R480"  (r450 / r480)
  truck scania             "R450" <-> "R490"  (r450 / r490)
  truck scania             "R450" <-> "R650"  (r450 / r650)
  truck scania             "R450" <-> "S450"  (r450 / s450)
  truck scania             "R460" <-> "R470"  (r460 / r470)
  truck scania             "R460" <-> "R480"  (r460 / r480)
  truck scania             "R460" <-> "R490"  (r460 / r490)
  truck scania             "R460" <-> "R560"  (r460 / r560)
  truck scania             "R460" <-> "R660"  (r460 / r660)
  truck scania             "R460" <-> "S460"  (r460 / s460)
  truck scania             "R470" <-> "R480"  (r470 / r480)
  truck scania             "R470" <-> "R490"  (r470 / r490)
  truck scania             "R470" <-> "R770"  (r470 / r770)
  truck scania             "R480" <-> "R490"  (r480 / r490)
  truck scania             "R480" <-> "R580"  (r480 / r580)
  truck scania             "R490" <-> "R590"  (r490 / r590)
  truck scania             "R500" <-> "R520"  (r500 / r520)
  truck scania             "R500" <-> "R530"  (r500 / r530)
  truck scania             "R500" <-> "R540"  (r500 / r540)
  truck scania             "R500" <-> "R560"  (r500 / r560)
  truck scania             "R500" <-> "R580"  (r500 / r580)
  truck scania             "R500" <-> "R590"  (r500 / r590)
  truck scania             "R500" <-> "S500"  (r500 / s500)
  truck scania             "R500" <-> "T500"  (r500 / t500)
  truck scania             "R520" <-> "R530"  (r520 / r530)
  truck scania             "R520" <-> "R540"  (r520 / r540)
  truck scania             "R520" <-> "R560"  (r520 / r560)
  truck scania             "R520" <-> "R580"  (r520 / r580)
  truck scania             "R520" <-> "R590"  (r520 / r590)
  truck scania             "R520" <-> "R620"  (r520 / r620)
  truck scania             "R520" <-> "S520"  (r520 / s520)
  truck scania             "R530" <-> "R540"  (r530 / r540)
  truck scania             "R530" <-> "R560"  (r530 / r560)
  truck scania             "R530" <-> "R580"  (r530 / r580)
  truck scania             "R530" <-> "R590"  (r530 / r590)
  truck scania             "R530" <-> "R730"  (r530 / r730)
  truck scania             "R530" <-> "S530"  (r530 / s530)
  truck scania             "R540" <-> "R560"  (r540 / r560)
  truck scania             "R540" <-> "R580"  (r540 / r580)
  truck scania             "R540" <-> "R590"  (r540 / r590)
  truck scania             "R540" <-> "S540"  (r540 / s540)
  truck scania             "R560" <-> "R580"  (r560 / r580)
  truck scania             "R560" <-> "R590"  (r560 / r590)
  truck scania             "R560" <-> "R660"  (r560 / r660)
  truck scania             "R560" <-> "S560"  (r560 / s560)
  truck scania             "R580" <-> "R590"  (r580 / r590)
  truck scania             "R580" <-> "S580"  (r580 / s580)
  truck scania             "R590" <-> "S590"  (r590 / s590)
  truck scania             "R620" <-> "R650"  (r620 / r650)
  truck scania             "R620" <-> "R660"  (r620 / r660)
  truck scania             "R650" <-> "R660"  (r650 / r660)
  truck scania             "R650" <-> "S650"  (r650 / s650)
  truck scania             "R660" <-> "S660"  (r660 / s660)
  truck scania             "R730" <-> "R770"  (r730 / r770)
  truck scania             "R730" <-> "S730"  (r730 / s730)
  truck scania             "R770" <-> "S770"  (r770 / s770)
  truck scania             "S410" <-> "S450"  (s410 / s450)
  truck scania             "S410" <-> "S460"  (s410 / s460)
  truck scania             "S450" <-> "S460"  (s450 / s460)
  truck scania             "S450" <-> "S650"  (s450 / s650)
  truck scania             "S460" <-> "S560"  (s460 / s560)
  truck scania             "S460" <-> "S660"  (s460 / s660)
  truck scania             "S500" <-> "S520"  (s500 / s520)
  truck scania             "S500" <-> "S530"  (s500 / s530)
  truck scania             "S500" <-> "S540"  (s500 / s540)
  truck scania             "S500" <-> "S560"  (s500 / s560)
  truck scania             "S500" <-> "S580"  (s500 / s580)
  truck scania             "S500" <-> "S590"  (s500 / s590)
  truck scania             "S500" <-> "T500"  (s500 / t500)
  truck scania             "S520" <-> "S530"  (s520 / s530)
  truck scania             "S520" <-> "S540"  (s520 / s540)
  truck scania             "S520" <-> "S560"  (s520 / s560)
  truck scania             "S520" <-> "S580"  (s520 / s580)
  truck scania             "S520" <-> "S590"  (s520 / s590)
  truck scania             "S530" <-> "S540"  (s530 / s540)
  truck scania             "S530" <-> "S560"  (s530 / s560)
  truck scania             "S530" <-> "S580"  (s530 / s580)
  truck scania             "S530" <-> "S590"  (s530 / s590)
  truck scania             "S530" <-> "S730"  (s530 / s730)
  truck scania             "S540" <-> "S560"  (s540 / s560)
  truck scania             "S540" <-> "S580"  (s540 / s580)
  truck scania             "S540" <-> "S590"  (s540 / s590)
  truck scania             "S560" <-> "S580"  (s560 / s580)
  truck scania             "S560" <-> "S590"  (s560 / s590)
  truck scania             "S560" <-> "S660"  (s560 / s660)
  truck scania             "S580" <-> "S590"  (s580 / s590)
  truck scania             "S650" <-> "S660"  (s650 / s660)
  truck scania             "S730" <-> "S770"  (s730 / s770)
  truck scania             "T112" <-> "T113"  (t112 / t113)
  truck scania             "T112" <-> "T114"  (t112 / t114)
  truck scania             "T112" <-> "T142"  (t112 / t142)
  truck scania             "T113" <-> "T114"  (t113 / t114)
  truck scania             "T113" <-> "T143"  (t113 / t143)
  truck scania             "T114" <-> "T124"  (t114 / t124)
  truck scania             "T114" <-> "T144"  (t114 / t144)
  truck scania             "T114" <-> "T164"  (t114 / t164)
  truck scania             "T124" <-> "T144"  (t124 / t144)
  truck scania             "T124" <-> "T164"  (t124 / t164)
  truck scania             "T142" <-> "T143"  (t142 / t143)
  truck scania             "T142" <-> "T144"  (t142 / t144)
  truck scania             "T143" <-> "T144"  (t143 / t144)
  truck scania             "T144" <-> "T164"  (t144 / t164)
  truck schwing            "S-Line" <-> "X-Line"  (s-line / x-line)
  truck sisu               "E11M" <-> "E12M"  (e11m / e12m)
  truck volvo              "B10M" <-> "B12M"  (b10m / b12m)
  truck volvo              "F408" <-> "FL408"  (f408 / fl408)
  truck volvo              "F610" <-> "F611"  (f610 / f611)
  truck volvo              "F610" <-> "F612"  (f610 / f612)
  truck volvo              "F610" <-> "F613"  (f610 / f613)
  truck volvo              "F610" <-> "F614"  (f610 / f614)
  truck volvo              "F610" <-> "F616"  (f610 / f616)
  truck volvo              "F610" <-> "FL10"  (f610 / fl10)
  truck volvo              "F611" <-> "F612"  (f611 / f612)
  truck volvo              "F611" <-> "F613"  (f611 / f613)
  truck volvo              "F611" <-> "F614"  (f611 / f614)
  truck volvo              "F611" <-> "F616"  (f611 / f616)
  truck volvo              "F611" <-> "FL611"  (f611 / fl611)
  truck volvo              "F611" <-> "FM11"  (f611 / fm11)
  truck volvo              "F612" <-> "F613"  (f612 / f613)
  truck volvo              "F612" <-> "F614"  (f612 / f614)
  truck volvo              "F612" <-> "F616"  (f612 / f616)
  truck volvo              "F612" <-> "FH12"  (f612 / fh12)
  truck volvo              "F612" <-> "FL612"  (f612 / fl612)
  truck volvo              "F612" <-> "FM12"  (f612 / fm12)
  truck volvo              "F613" <-> "F614"  (f613 / f614)
  truck volvo              "F613" <-> "F616"  (f613 / f616)
  truck volvo              "F613" <-> "FM13"  (f613 / fm13)
  truck volvo              "F614" <-> "F616"  (f614 / f616)
  truck volvo              "F614" <-> "FL614"  (f614 / fl614)
  truck volvo              "F616" <-> "FH16"  (f616 / fh16)
  truck volvo              "F616" <-> "FL616"  (f616 / fl616)
  truck volvo              "FB88" <-> "NB88"  (fb88 / nb88)
  truck volvo              "FH12" <-> "FH16"  (fh12 / fh16)
  truck volvo              "FH12" <-> "FM12"  (fh12 / fm12)
  truck volvo              "FL408" <-> "FL608"  (fl408 / fl608)
  truck volvo              "FL611" <-> "FL612"  (fl611 / fl612)
  truck volvo              "FL611" <-> "FL614"  (fl611 / fl614)
  truck volvo              "FL611" <-> "FL616"  (fl611 / fl616)
  truck volvo              "FL612" <-> "FL614"  (fl612 / fl614)
  truck volvo              "FL612" <-> "FL616"  (fl612 / fl616)
  truck volvo              "FL614" <-> "FL616"  (fl614 / fl616)
  truck volvo              "FM11" <-> "FM12"  (fm11 / fm12)
  truck volvo              "FM11" <-> "FM13"  (fm11 / fm13)
  truck volvo              "FM12" <-> "FM13"  (fm12 / fm13)
  truck volvo              "L-48546-A" <-> "L48546"  (l-48546-a / l48546)
  truck volvo              "L46506" <-> "L46507"  (l46506 / l46507)
  truck volvo              "L46507" <-> "L48507"  (l46507 / l48507)
  van   chevrolet          "1500" <-> "3500"  (1500 / 3500)
  van   chevrolet          "1500" <-> "C 1500"  (1500 / c-1500)
  van   chevrolet          "1500" <-> "C1500"  (1500 / c1500)
  van   chevrolet          "1500" <-> "G1500"  (1500 / g1500)
  van   chevrolet          "1500" <-> "K1500"  (1500 / k1500)
  van   chevrolet          "3100" <-> "3104"  (3100 / 3104)
  van   chevrolet          "3100" <-> "3200"  (3100 / 3200)
  van   chevrolet          "3100" <-> "3500"  (3100 / 3500)
  van   chevrolet          "3100" <-> "C3100"  (3100 / c3100)
  van   chevrolet          "3104" <-> "3604"  (3104 / 3604)
  van   chevrolet          "3200" <-> "3500"  (3200 / 3500)
  van   chevrolet          "C 1500" <-> "C-2500"  (c-1500 / c-2500)
  van   chevrolet          "C 1500" <-> "G1500"  (c-1500 / g1500)
  van   chevrolet          "C 1500" <-> "K1500"  (c-1500 / k1500)
  van   chevrolet          "C-2500" <-> "C1500"  (c-2500 / c1500)
  van   chevrolet          "C1500" <-> "G1500"  (c1500 / g1500)
  van   chevrolet          "C1500" <-> "K1500"  (c1500 / k1500)
  van   chevrolet          "G1500" <-> "K1500"  (g1500 / k1500)
  van   chevrolet          "Pick-Up C10" <-> "Pickup 10"  (pick-up-c10 / pickup-10)
  van   chevrolet          "S10 Pickup" <-> "T10 Pick Up"  (s10-pickup / t10-pick-up)
  van   citroen            "Berlingo" <-> "E-Berlingo"  (berlingo / e-berlingo)
  van   dfsk               "EC31" <-> "EC35"  (ec31 / ec35)
  van   dfsk               "EC35" <-> "EC75"  (ec35 / ec75)
  van   dodge              "A100" <-> "D-100"  (a100 / d-100)
  van   dodge              "A100" <-> "D100"  (a100 / d100)
  van   dodge              "B250" <-> "W 250"  (b250 / w-250)
  van   dodge              "D-100" <-> "D150"  (d-100 / d150)
  van   dodge              "D-100" <-> "D200"  (d-100 / d200)
  van   dodge              "D100" <-> "D150"  (d100 / d150)
  van   dodge              "D100" <-> "D200"  (d100 / d200)
  van   dodge              "D200" <-> "W 200"  (d200 / w-200)
  van   dodge              "D200" <-> "W200"  (d200 / w200)
  van   dodge              "Ram 150" <-> "Ram 1500"  (ram-150 / ram-1500)
  van   dodge              "Ram 1500" <-> "Ram 2500"  (ram-1500 / ram-2500)
  van   dodge              "Ram 2500" <-> "Ram B2500"  (ram-2500 / ram-b2500)
  van   dodge              "W 200" <-> "W 250"  (w-200 / w-250)
  van   dodge              "W 250" <-> "W200"  (w-250 / w200)
  van   fiat               "Doblo" <-> "E-Doblo"  (doblo / e-doblo)
  van   ford               "E-150" <-> "E-250"  (e-150 / e-250)
  van   ford               "E-150" <-> "F-150"  (e-150 / f-150)
  van   ford               "E-250" <-> "F-250"  (e-250 / f-250)
  van   ford               "F-100" <-> "F-150"  (f-100 / f-150)
  van   ford               "F-100" <-> "F10"  (f-100 / f10)
  van   ford               "F-100" <-> "P100"  (f-100 / p100)
  van   ford               "F-150" <-> "F-250"  (f-150 / f-250)
  van   ford               "F-150" <-> "F10"  (f-150 / f10)
  van   ford               "F100 Pickup" <-> "P100 Pickup"  (f100-pickup / p100-pickup)
  van   gmc                "Sierra 1500" <-> "Sierra C1500"  (sierra-1500 / sierra-c1500)
  van   gmc                "Sierra 1500" <-> "Sierra K1500"  (sierra-1500 / sierra-k1500)
  van   gmc                "Sierra C1500" <-> "Sierra K1500"  (sierra-c1500 / sierra-k1500)
  van   hyundai            "H100" <-> "H200"  (h100 / h200)
  van   isuzu              "Rodeo" <-> "Rodeo 3"  (rodeo / rodeo-3)
  van   junge-fahrzeugbau-gmbh "35C16" <-> "35S16"  (35c16 / 35s16)
  van   ldv                "200 Series" <-> "400 Series"  (200-series / 400-series)
  van   maxus              "Deliver" <-> "Deliver 7"  (deliver / deliver-7)
  van   maxus              "Deliver" <-> "Deliver 9"  (deliver / deliver-9)
  van   maxus              "Deliver 7" <-> "Deliver 9"  (deliver-7 / deliver-9)
  van   maxus              "Deliver 7" <-> "eDeliver 7"  (deliver-7 / edeliver-7)
  van   maxus              "Deliver 9" <-> "eDeliver 9"  (deliver-9 / edeliver-9)
  van   maxus              "eDeliver 3" <-> "eDeliver 5"  (edeliver-3 / edeliver-5)
  van   maxus              "eDeliver 3" <-> "eDeliver 7"  (edeliver-3 / edeliver-7)
  van   maxus              "eDeliver 3" <-> "eDeliver 9"  (edeliver-3 / edeliver-9)
  van   maxus              "eDeliver 5" <-> "eDeliver 7"  (edeliver-5 / edeliver-7)
  van   maxus              "eDeliver 5" <-> "eDeliver 9"  (edeliver-5 / edeliver-9)
  van   maxus              "eDeliver 7" <-> "eDeliver 9"  (edeliver-7 / edeliver-9)
  van   mazda              "B Series" <-> "E Series"  (b-series / e-series)
  van   mazda              "B2000" <-> "B2500"  (b2000 / b2500)
  van   mercedes-benz      "108 D" <-> "208 D"  (108-d / 208-d)
  van   mercedes-benz      "108 D" <-> "308 D"  (108-d / 308-d)
  van   mercedes-benz      "110 D" <-> "210 D"  (110-d / 210-d)
  van   mercedes-benz      "110 D" <-> "310 D"  (110-d / 310-d)
  van   mercedes-benz      "110 D" <-> "410 D"  (110-d / 410-d)
  van   mercedes-benz      "207 D" <-> "208 D"  (207-d / 208-d)
  van   mercedes-benz      "207 D" <-> "209 D"  (207-d / 209-d)
  van   mercedes-benz      "207 D" <-> "307 D"  (207-d / 307-d)
  van   mercedes-benz      "208 D" <-> "209 D"  (208-d / 209-d)
  van   mercedes-benz      "208 D" <-> "308 D"  (208-d / 308-d)
  van   mercedes-benz      "209 D" <-> "309 D"  (209-d / 309-d)
  van   mercedes-benz      "210 D" <-> "210 K"  (210-d / 210-k)
  van   mercedes-benz      "210 D" <-> "212 D"  (210-d / 212-d)
  van   mercedes-benz      "210 D" <-> "310 D"  (210-d / 310-d)
  van   mercedes-benz      "210 D" <-> "410 D"  (210-d / 410-d)
  van   mercedes-benz      "212 D" <-> "312 D"  (212-d / 312-d)
  van   mercedes-benz      "212 D" <-> "412 D"  (212-d / 412-d)
  van   mercedes-benz      "240 GD" <-> "250 GD"  (240-gd / 250-gd)
  van   mercedes-benz      "240 GD" <-> "290 GD"  (240-gd / 290-gd)
  van   mercedes-benz      "250 GD" <-> "250 TD"  (250-gd / 250-td)
  van   mercedes-benz      "250 GD" <-> "290 GD"  (250-gd / 290-gd)
  van   mercedes-benz      "300 GD" <-> "300 GE"  (300-gd / 300-ge)
  van   mercedes-benz      "300 GD" <-> "300 TD"  (300-gd / 300-td)
  van   mercedes-benz      "307 D" <-> "308 D"  (307-d / 308-d)
  van   mercedes-benz      "307 D" <-> "309 D"  (307-d / 309-d)
  van   mercedes-benz      "308 D" <-> "309 D"  (308-d / 309-d)
  van   mercedes-benz      "310 D" <-> "312 D"  (310-d / 312-d)
  van   mercedes-benz      "310 D" <-> "410 D"  (310-d / 410-d)
  van   mercedes-benz      "312 D" <-> "412 D"  (312-d / 412-d)
  van   mercedes-benz      "410 D" <-> "412 D"  (410-d / 412-d)
  van   mercedes-benz      "Citan" <-> "eCitan"  (citan / ecitan)
  van   mercedes-benz      "eSprinter" <-> "Sprinter"  (esprinter / sprinter)
  van   mercedes-benz      "T-Class" <-> "V-Class"  (t-class / v-class)
  van   mercedes-benz      "T-Class" <-> "X-Class"  (t-class / x-class)
  van   mercedes-benz      "V-Class" <-> "X-Class"  (v-class / x-class)
  van   mitsubishi         "L200" <-> "L300"  (l200 / l300)
  van   nissan             "E-NV200" <-> "NV200"  (e-nv200 / nv200)
  van   nissan             "NP300" <-> "NV300"  (np300 / nv300)
  van   nissan             "NT400" <-> "NV400"  (nt400 / nv400)
  van   nissan             "NV200" <-> "NV250"  (nv200 / nv250)
  van   nissan             "NV200" <-> "NV300"  (nv200 / nv300)
  van   nissan             "NV200" <-> "NV400"  (nv200 / nv400)
  van   nissan             "NV300" <-> "NV400"  (nv300 / nv400)
  van   paragan            "Equistar" <-> "Equistar 3"  (equistar / equistar-3)
  van   peugeot            "Boxer" <-> "E Boxer"  (boxer / e-boxer)
  van   peugeot            "E-Partner" <-> "Partner"  (e-partner / partner)
  van   piaggio            "Porter NP6" <-> "Porter Npe"  (porter-np6 / porter-npe)
  van   saxas-nutzfahrzeuge-werdau "Mkd 43-L" <-> "Mkd 43 L N"  (mkd-43-l / mkd-43-l-n)
  van   saxas-nutzfahrzeuge-werdau "Mkd 43-L" <-> "Mkd 43 L U"  (mkd-43-l / mkd-43-l-u)
  van   saxas-nutzfahrzeuge-werdau "Mkd 43 L N" <-> "Mkd 43 L U"  (mkd-43-l-n / mkd-43-l-u)
  van   toyota             "Tundra" <-> "Tundra C"  (tundra / tundra-c)
  (6524 nominations — REAL siblings differ by one char too (306/307): check the raws)

== 3. CONNECTOR-MERGE: dual-market/pooled cells joined by a connector ==
  car   alpina             "Bmw/Alpina B10 3"
  car   austin             "12 / 4 Ascot"
  car   carbodies          "Taxi/Hire Car"
  car   chevrolet          "Lumina/Monte Carlo"
  car   ferrari            "F355 Berlinetta/GTS"
  car   fisker             "Ocean Extreme/One"
  car   ford               "Mustang Cobra/Svt"
  car   honda              "Accord Sport/Touring"
  moped kreidler           "Florett K53 / 21NL"
  moped sachs              "RC505 / Madass"
  motorcycle ariel              "W / Ng"
  motorcycle bmw                "R60 / 6"
  motorcycle bmw                "R67 / 2"
  motorcycle ducati             "Hypermotard 950 / Sp"
  van   ford               "Transit Connect / Tourneo Connect"
  van   ford               "Transit / Tourneo Connect"
  van   lamar              "Sprinter/Lamar"
  (17 nominations — slash SERIES designations (X1/9, RT/10) are FINE; word/word joins are the class)
